old_section,old_title,start_line,end_line,source_lines,rewrite_pass,source_role,locked_marker,rationale_present,migration,target,migration_status,notes
0,How Codex should use this file,9,33,25,1,AI_WORKFLOW,yes,no,MOVE_OUT_OF_ARCHITECTURE,AGENTS.md,PENDING,"Agent-use instructions belong in AGENTS.md, not in the technical architecture contract."
1,Project Goal,34,50,17,1,ARCHITECTURE_CONTRACT,no,no,REWRITE_CANONICALLY,ARCHITECTURE_NEW.md §1 — Scope and Design Goals,PENDING,Preserve normative semantics; reorganize into the canonical subsystem chapter.
2,Non-Goals,51,72,22,1,ARCHITECTURE_CONTRACT,no,no,REWRITE_CANONICALLY,ARCHITECTURE_NEW.md §1 — Scope and Design Goals,PENDING,Preserve normative semantics; reorganize into the canonical subsystem chapter.
3,Architectural Principles,73,141,69,1,ARCHITECTURE_CONTRACT,no,no,REWRITE_CANONICALLY,ARCHITECTURE_NEW.md §2 — System Architecture and Dependency Model,PENDING,Preserve normative semantics; reorganize into the canonical subsystem chapter.
4,Platform,142,163,22,1,ARCHITECTURE_CONTRACT + RATIONALE,yes,yes,REWRITE_CANONICALLY,ARCHITECTURE_NEW.md §3 — Platform and Runtime Baseline,PENDING,Preserve normative semantics; reorganize into the canonical subsystem chapter.
5,Implementation Language,164,212,49,1,ARCHITECTURE_CONTRACT + RATIONALE,yes,yes,REWRITE_CANONICALLY,ARCHITECTURE_NEW.md §3 — Platform and Runtime Baseline,PENDING,Preserve normative semantics; reorganize into the canonical subsystem chapter.
6,Persistent Storage Model,213,241,29,1,ARCHITECTURE_OVERVIEW + ARCHITECTURAL_RATIONALE,yes,no,MERGE_AND_DEDUPLICATE,ARCHITECTURE_NEW.md §4 — Persistent Storage Foundations,PENDING,Early high-level architecture overlaps later concrete sections; preserve unique rationale/constraints and merge into the later canonical contract.
7,File Organization,242,269,28,1,ARCHITECTURE_OVERVIEW + ARCHITECTURAL_RATIONALE,yes,yes,MERGE_AND_DEDUPLICATE,ARCHITECTURE_NEW.md §4 — Persistent Storage Foundations,PENDING,Early high-level architecture overlaps later concrete sections; preserve unique rationale/constraints and merge into the later canonical contract.
8,Disk / I/O Layer,270,306,37,1,ARCHITECTURE_OVERVIEW + ARCHITECTURAL_RATIONALE,yes,yes,MERGE_AND_DEDUPLICATE,ARCHITECTURE_NEW.md §7 — I/O and Buffer Management,PENDING,Early high-level architecture overlaps later concrete sections; preserve unique rationale/constraints and merge into the later canonical contract.
9,On-Disk Serialization,307,330,24,1,ARCHITECTURE_OVERVIEW + ARCHITECTURAL_RATIONALE,yes,no,MERGE_AND_DEDUPLICATE,ARCHITECTURE_NEW.md §4 — Persistent Storage Foundations,PENDING,Early high-level architecture overlaps later concrete sections; preserve unique rationale/constraints and merge into the later canonical contract.
10,Table Storage,331,347,17,1,ARCHITECTURE_OVERVIEW + ARCHITECTURAL_RATIONALE,yes,yes,MERGE_AND_DEDUPLICATE,ARCHITECTURE_NEW.md §5 — Heap Storage and Tuple Format,PENDING,Early high-level architecture overlaps later concrete sections; preserve unique rationale/constraints and merge into the later canonical contract.
11,Heap Page Layout,348,387,40,1,ARCHITECTURE_OVERVIEW + ARCHITECTURAL_RATIONALE,yes,no,MERGE_AND_DEDUPLICATE,ARCHITECTURE_NEW.md §5 — Heap Storage and Tuple Format,PENDING,Early high-level architecture overlaps later concrete sections; preserve unique rationale/constraints and merge into the later canonical contract.
12,Tuple Representation,388,414,27,1,ARCHITECTURE_OVERVIEW + ARCHITECTURAL_RATIONALE,yes,no,MERGE_AND_DEDUPLICATE,ARCHITECTURE_NEW.md §5 — Heap Storage and Tuple Format,PENDING,Early high-level architecture overlaps later concrete sections; preserve unique rationale/constraints and merge into the later canonical contract.
13,Free-Space Management,415,426,12,1,ARCHITECTURE_OVERVIEW + ARCHITECTURAL_RATIONALE,yes,no,MERGE_AND_DEDUPLICATE,ARCHITECTURE_NEW.md §6 — Free-Space Management and Physical Reclamation,PENDING,Early high-level architecture overlaps later concrete sections; preserve unique rationale/constraints and merge into the later canonical contract.
14,Buffer Pool,427,459,33,1,ARCHITECTURE_OVERVIEW + ARCHITECTURAL_RATIONALE,yes,no,MERGE_AND_DEDUPLICATE,ARCHITECTURE_NEW.md §7 — I/O and Buffer Management,PENDING,Early high-level architecture overlaps later concrete sections; preserve unique rationale/constraints and merge into the later canonical contract.
15,Buffer Replacement,460,483,24,1,ARCHITECTURE_OVERVIEW + ARCHITECTURAL_RATIONALE,yes,yes,MERGE_AND_DEDUPLICATE,ARCHITECTURE_NEW.md §7 — I/O and Buffer Management,PENDING,Early high-level architecture overlaps later concrete sections; preserve unique rationale/constraints and merge into the later canonical contract.
16,Indexing,484,518,35,1,ARCHITECTURE_OVERVIEW + ARCHITECTURAL_RATIONALE,yes,no,MERGE_AND_DEDUPLICATE,ARCHITECTURE_NEW.md §8 — B+ Tree Indexing,PENDING,Early high-level architecture overlaps later concrete sections; preserve unique rationale/constraints and merge into the later canonical contract.
17,B+ Tree Concurrency,519,542,24,1,ARCHITECTURE_OVERVIEW + ARCHITECTURAL_RATIONALE,yes,no,MERGE_AND_DEDUPLICATE,ARCHITECTURE_NEW.md §8 — B+ Tree Indexing,PENDING,Early high-level architecture overlaps later concrete sections; preserve unique rationale/constraints and merge into the later canonical contract.
18,MVCC,543,607,65,1,ARCHITECTURE_OVERVIEW + ARCHITECTURAL_RATIONALE,yes,yes,MERGE_AND_DEDUPLICATE,ARCHITECTURE_NEW.md §10 — MVCC Visibility and Tuple-Version Semantics,PENDING,Early high-level architecture overlaps later concrete sections; preserve unique rationale/constraints and merge into the later canonical contract.
19,Transaction Model,608,645,38,1,ARCHITECTURE_OVERVIEW + ARCHITECTURAL_RATIONALE,yes,no,MERGE_AND_DEDUPLICATE,ARCHITECTURE_NEW.md §9 — Transaction Lifecycle and Snapshots,PENDING,Early high-level architecture overlaps later concrete sections; preserve unique rationale/constraints and merge into the later canonical contract.
20,Locks,646,663,18,1,ARCHITECTURE_OVERVIEW + ARCHITECTURAL_RATIONALE,yes,no,MERGE_AND_DEDUPLICATE,ARCHITECTURE_NEW.md §11 — Logical Locking and Write Conflicts,PENDING,Early high-level architecture overlaps later concrete sections; preserve unique rationale/constraints and merge into the later canonical contract.
21,Write-Ahead Log,664,688,25,1,ARCHITECTURE_OVERVIEW + ARCHITECTURAL_RATIONALE,yes,no,MERGE_AND_DEDUPLICATE,ARCHITECTURE_NEW.md §12 — Write-Ahead Logging and Commit Durability,PENDING,Early high-level architecture overlaps later concrete sections; preserve unique rationale/constraints and merge into the later canonical contract.
22,Commit Path,689,706,18,1,ARCHITECTURE_OVERVIEW + ARCHITECTURAL_RATIONALE,yes,no,MERGE_AND_DEDUPLICATE,ARCHITECTURE_NEW.md §12 — Write-Ahead Logging and Commit Durability,PENDING,Early high-level architecture overlaps later concrete sections; preserve unique rationale/constraints and merge into the later canonical contract.
23,Buffer/WAL Policy,707,722,16,1,ARCHITECTURE_OVERVIEW + ARCHITECTURAL_RATIONALE,yes,no,MERGE_AND_DEDUPLICATE,ARCHITECTURE_NEW.md §12 — Write-Ahead Logging and Commit Durability,PENDING,Early high-level architecture overlaps later concrete sections; preserve unique rationale/constraints and merge into the later canonical contract.
24,Crash Recovery,723,747,25,1,ARCHITECTURE_OVERVIEW + ARCHITECTURAL_RATIONALE,yes,no,MERGE_AND_DEDUPLICATE,ARCHITECTURE_NEW.md §13 — Checkpointing and Crash Recovery,PENDING,Early high-level architecture overlaps later concrete sections; preserve unique rationale/constraints and merge into the later canonical contract.
25,Checkpointing,748,757,10,1,ARCHITECTURE_OVERVIEW + ARCHITECTURAL_RATIONALE,yes,no,MERGE_AND_DEDUPLICATE,ARCHITECTURE_NEW.md §13 — Checkpointing and Crash Recovery,PENDING,Early high-level architecture overlaps later concrete sections; preserve unique rationale/constraints and merge into the later canonical contract.
26,Vacuum / Garbage Collection,758,777,20,1,ARCHITECTURE_OVERVIEW + ARCHITECTURAL_RATIONALE,yes,no,MERGE_AND_DEDUPLICATE,ARCHITECTURE_NEW.md §14 — Vacuum and Storage Reclamation,PENDING,Early high-level architecture overlaps later concrete sections; preserve unique rationale/constraints and merge into the later canonical contract.
27,Catalog,778,797,20,1,ARCHITECTURE_OVERVIEW + ARCHITECTURAL_RATIONALE,yes,no,MERGE_AND_DEDUPLICATE,ARCHITECTURE_NEW.md §16 — Catalog and Schema Metadata,PENDING,Early high-level architecture overlaps later concrete sections; preserve unique rationale/constraints and merge into the later canonical contract.
28,SQL Front End,798,822,25,1,ARCHITECTURE_OVERVIEW + ARCHITECTURAL_RATIONALE,yes,yes,MERGE_AND_DEDUPLICATE,"ARCHITECTURE_NEW.md §18 — Lexer, Parser, and AST",PENDING,Early high-level architecture overlaps later concrete sections; preserve unique rationale/constraints and merge into the later canonical contract.
29,Binder,823,843,21,1,ARCHITECTURE_OVERVIEW + ARCHITECTURAL_RATIONALE,yes,no,MERGE_AND_DEDUPLICATE,ARCHITECTURE_NEW.md §19 — Binding and Expression Semantics,PENDING,Early high-level architecture overlaps later concrete sections; preserve unique rationale/constraints and merge into the later canonical contract.
30,Logical Query Representation,844,866,23,1,ARCHITECTURE_OVERVIEW + ARCHITECTURAL_RATIONALE,yes,no,MERGE_AND_DEDUPLICATE,"ARCHITECTURE_NEW.md §20 — Logical Plans, Properties, and Rewrites",PENDING,Early high-level architecture overlaps later concrete sections; preserve unique rationale/constraints and merge into the later canonical contract.
31,Query Rewrite,867,885,19,1,ARCHITECTURE_OVERVIEW + ARCHITECTURAL_RATIONALE,yes,no,MERGE_AND_DEDUPLICATE,"ARCHITECTURE_NEW.md §20 — Logical Plans, Properties, and Rewrites",PENDING,Early high-level architecture overlaps later concrete sections; preserve unique rationale/constraints and merge into the later canonical contract.
32,Statistics,886,903,18,1,ARCHITECTURE_OVERVIEW + ARCHITECTURAL_RATIONALE,yes,no,MERGE_AND_DEDUPLICATE,ARCHITECTURE_NEW.md §34 — Statistics,PENDING,Early high-level architecture overlaps later concrete sections; preserve unique rationale/constraints and merge into the later canonical contract.
33,Cost-Based Optimizer,904,923,20,1,ARCHITECTURE_OVERVIEW + ARCHITECTURAL_RATIONALE,yes,no,MERGE_AND_DEDUPLICATE,ARCHITECTURE_NEW.md §33 — Optimizer Architecture,PENDING,Early high-level architecture overlaps later concrete sections; preserve unique rationale/constraints and merge into the later canonical contract.
34,Join Ordering,924,935,12,1,ARCHITECTURE_OVERVIEW + ARCHITECTURAL_RATIONALE,yes,no,MERGE_AND_DEDUPLICATE,ARCHITECTURE_NEW.md §37 — Physical Properties and Join Enumeration,PENDING,Early high-level architecture overlaps later concrete sections; preserve unique rationale/constraints and merge into the later canonical contract.
35,Physical Operators,936,959,24,1,ARCHITECTURE_OVERVIEW + ARCHITECTURAL_RATIONALE,yes,no,MERGE_AND_DEDUPLICATE,ARCHITECTURE_NEW.md §22 — Physical Plan and Runtime Operator Model,PENDING,Early high-level architecture overlaps later concrete sections; preserve unique rationale/constraints and merge into the later canonical contract.
36,Execution Model,960,998,39,1,ARCHITECTURE_OVERVIEW + ARCHITECTURAL_RATIONALE,yes,yes,MERGE_AND_DEDUPLICATE,ARCHITECTURE_NEW.md §22 — Physical Plan and Runtime Operator Model,PENDING,Early high-level architecture overlaps later concrete sections; preserve unique rationale/constraints and merge into the later canonical contract.
37,Execution Data Layout,999,1030,32,1,ARCHITECTURE_OVERVIEW + ARCHITECTURAL_RATIONALE,yes,no,MERGE_AND_DEDUPLICATE,ARCHITECTURE_NEW.md §23 — Vectorized Data and String Representation,PENDING,Early high-level architecture overlaps later concrete sections; preserve unique rationale/constraints and merge into the later canonical contract.
38,Primary Join Algorithms,1031,1049,19,1,ARCHITECTURE_OVERVIEW + ARCHITECTURAL_RATIONALE,yes,no,MERGE_AND_DEDUPLICATE,ARCHITECTURE_NEW.md §28 — Join Execution,PENDING,Early high-level architecture overlaps later concrete sections; preserve unique rationale/constraints and merge into the later canonical contract.
39,Aggregation,1050,1063,14,1,ARCHITECTURE_OVERVIEW + ARCHITECTURAL_RATIONALE,yes,no,MERGE_AND_DEDUPLICATE,ARCHITECTURE_NEW.md §29 — Aggregation and DISTINCT,PENDING,Early high-level architecture overlaps later concrete sections; preserve unique rationale/constraints and merge into the later canonical contract.
40,Sorting,1064,1075,12,1,ARCHITECTURE_OVERVIEW + ARCHITECTURAL_RATIONALE,yes,no,MERGE_AND_DEDUPLICATE,ARCHITECTURE_NEW.md §30 — Sorting and Top-N,PENDING,Early high-level architecture overlaps later concrete sections; preserve unique rationale/constraints and merge into the later canonical contract.
41,Query Memory Management,1076,1097,22,1,ARCHITECTURE_OVERVIEW + ARCHITECTURAL_RATIONALE,yes,no,MERGE_AND_DEDUPLICATE,"ARCHITECTURE_NEW.md §24 — Query Memory, Row Storage, and Spill",PENDING,Early high-level architecture overlaps later concrete sections; preserve unique rationale/constraints and merge into the later canonical contract.
42,Parallelism,1098,1114,17,1,ARCHITECTURE_OVERVIEW + ARCHITECTURAL_RATIONALE,yes,no,MERGE_AND_DEDUPLICATE,ARCHITECTURE_NEW.md §32 — Parallel Execution and Scheduling,PENDING,Early high-level architecture overlaps later concrete sections; preserve unique rationale/constraints and merge into the later canonical contract.
43,Threading / Shared State,1115,1132,18,1,ARCHITECTURE_OVERVIEW + ARCHITECTURAL_RATIONALE,yes,no,MERGE_AND_DEDUPLICATE,ARCHITECTURE_NEW.md §2 — System Architecture and Dependency Model,PENDING,Early high-level architecture overlaps later concrete sections; preserve unique rationale/constraints and merge into the later canonical contract.
44,Error Handling,1133,1150,18,1,ARCHITECTURE_CONTRACT,yes,no,REWRITE_CANONICALLY,ARCHITECTURE_NEW.md §39 — Error and Corruption Model,PENDING,Preserve normative semantics; reorganize into the canonical subsystem chapter.
45,Testing Philosophy,1151,1189,39,1,VERIFICATION_REQUIREMENT,yes,no,SPLIT_AND_MERGE,ARCHITECTURE_NEW.md §41 — Verification Requirements + VERIFICATION.md (proposed),PENDING,Keep architecture-level verification obligations; move detailed test recipes/checklists to verification documentation.
46,Benchmarking Philosophy,1190,1224,35,1,PERFORMANCE_VERIFICATION,yes,no,SPLIT_AND_MERGE,ARCHITECTURE_NEW.md §42 — Performance Requirements + VERIFICATION.md (proposed),PENDING,Keep required performance properties/metrics; move benchmark procedures/checklists to verification documentation.
47,Observability,1225,1249,25,1,ARCHITECTURE_CONTRACT,yes,no,REWRITE_CANONICALLY,ARCHITECTURE_NEW.md §40 — Observability and EXPLAIN,PENDING,Preserve normative semantics; reorganize into the canonical subsystem chapter.
48,Explain,1250,1272,23,1,ARCHITECTURE_CONTRACT,yes,no,REWRITE_CANONICALLY,ARCHITECTURE_NEW.md §40 — Observability and EXPLAIN,PENDING,Preserve normative semantics; reorganize into the canonical subsystem chapter.
49,Suggested Implementation Order,1273,1362,90,1,PROJECT_ROADMAP / MILESTONE,no,no,MOVE_OUT_OF_ARCHITECTURE,DEVELOPMENT.md (proposed),PENDING,Implementation sequence and milestone targets are project planning rather than system architecture.
50,Architecture Invariants,1363,1381,19,1,ARCHITECTURAL_INVARIANTS,no,no,MERGE_AND_DEDUPLICATE,ARCHITECTURE_NEW.md §B — Global Invariants,PENDING,Preserve every invariant; colocate subsystem-specific invariants with their owning chapters where useful.
51,Locked Architecture Decisions,1382,1402,21,1,ARCHITECTURE_DECISION_SUMMARY,yes,yes,MERGE_AND_DEDUPLICATE,ARCHITECTURE_NEW.md §1 — Scope and Design Goals,PENDING,Decision summaries duplicate detailed contracts; preserve unique rationale and ensure each decision has one canonical definition.
52,Working Philosophy,1403,1424,22,1,PROJECT_PHILOSOPHY + ARCHITECTURAL_RATIONALE,no,yes,SPLIT_AND_MERGE,ARCHITECTURE_NEW.md §1 — Scope and Design Goals + project/development documentation,PENDING,Keep architecture-relevant design motivation; move general learning/workflow philosophy out of the contract.
53,Concrete Storage Engine Contract,1425,1445,21,2,SUBSYSTEM_CONTRACT_INTRODUCTION,yes,no,MERGE_INTO_PART_INTRODUCTION,ARCHITECTURE_NEW.md §4 — Persistent Storage Foundations,PENDING,Use as subsystem framing; do not retain a second independent contract layer.
54,Fundamental Identifier Types,1446,1485,40,2,ARCHITECTURE_CONTRACT,yes,no,REWRITE_CANONICALLY,ARCHITECTURE_NEW.md §4 — Persistent Storage Foundations,PENDING,Preserve normative semantics; reorganize into the canonical subsystem chapter.
55,PageId,1486,1531,46,2,ARCHITECTURE_CONTRACT,yes,no,REWRITE_CANONICALLY,ARCHITECTURE_NEW.md §4 — Persistent Storage Foundations,PENDING,Preserve normative semantics; reorganize into the canonical subsystem chapter.
56,RID,1532,1556,25,2,ARCHITECTURE_CONTRACT,yes,no,REWRITE_CANONICALLY,ARCHITECTURE_NEW.md §4 — Persistent Storage Foundations,PENDING,Preserve normative semantics; reorganize into the canonical subsystem chapter.
57,Index-to-Heap Addressing,1557,1622,66,2,ARCHITECTURE_CONTRACT,yes,no,REWRITE_CANONICALLY,ARCHITECTURE_NEW.md §4 — Persistent Storage Foundations,PENDING,Preserve normative semantics; reorganize into the canonical subsystem chapter.
58,File Kinds,1623,1660,38,2,ARCHITECTURE_CONTRACT,yes,no,REWRITE_CANONICALLY,ARCHITECTURE_NEW.md §4 — Persistent Storage Foundations,PENDING,Preserve normative semantics; reorganize into the canonical subsystem chapter.
59,File Superblock,1661,1779,119,2,ARCHITECTURE_CONTRACT,yes,no,REWRITE_CANONICALLY,ARCHITECTURE_NEW.md §4 — Persistent Storage Foundations,PENDING,Preserve normative semantics; reorganize into the canonical subsystem chapter.
60,Page Allocation Policy,1780,1833,54,2,ARCHITECTURE_CONTRACT + RATIONALE,yes,yes,REWRITE_CANONICALLY,ARCHITECTURE_NEW.md §4 — Persistent Storage Foundations,PENDING,Preserve normative semantics; reorganize into the canonical subsystem chapter.
61,Common Page Header,1834,1877,44,2,ARCHITECTURE_CONTRACT + RATIONALE,yes,yes,REWRITE_CANONICALLY,ARCHITECTURE_NEW.md §4 — Persistent Storage Foundations,PENDING,Preserve normative semantics; reorganize into the canonical subsystem chapter.
62,Page Types,1878,1905,28,2,ARCHITECTURE_CONTRACT,yes,no,REWRITE_CANONICALLY,ARCHITECTURE_NEW.md §4 — Persistent Storage Foundations,PENDING,Preserve normative semantics; reorganize into the canonical subsystem chapter.
63,Page Checksums,1906,1935,30,2,ARCHITECTURE_CONTRACT,yes,no,REWRITE_CANONICALLY,ARCHITECTURE_NEW.md §4 — Persistent Storage Foundations,PENDING,Preserve normative semantics; reorganize into the canonical subsystem chapter.
64,Heap File Structure,1936,1961,26,3,ARCHITECTURE_CONTRACT + RATIONALE,yes,yes,REWRITE_CANONICALLY,ARCHITECTURE_NEW.md §5 — Heap Storage and Tuple Format,PENDING,Preserve normative semantics; reorganize into the canonical subsystem chapter.
65,Heap Scan Order,1962,1977,16,3,ARCHITECTURE_CONTRACT,yes,no,REWRITE_CANONICALLY,ARCHITECTURE_NEW.md §5 — Heap Storage and Tuple Format,PENDING,Preserve normative semantics; reorganize into the canonical subsystem chapter.
66,Heap Data Page Header,1978,2079,102,3,ARCHITECTURE_CONTRACT,yes,no,REWRITE_CANONICALLY,ARCHITECTURE_NEW.md §5 — Heap Storage and Tuple Format,PENDING,Preserve normative semantics; reorganize into the canonical subsystem chapter.
67,Slot Directory,2080,2182,103,3,ARCHITECTURE_CONTRACT,yes,no,REWRITE_CANONICALLY,ARCHITECTURE_NEW.md §5 — Heap Storage and Tuple Format,PENDING,Preserve normative semantics; reorganize into the canonical subsystem chapter.
68,Heap Page Free-Space Geometry,2183,2221,39,3,ARCHITECTURE_CONTRACT,yes,no,REWRITE_CANONICALLY,ARCHITECTURE_NEW.md §5 — Heap Storage and Tuple Format,PENDING,Preserve normative semantics; reorganize into the canonical subsystem chapter.
69,Maximum Inline Tuple Size,2222,2274,53,3,ARCHITECTURE_CONTRACT,yes,no,REWRITE_CANONICALLY,ARCHITECTURE_NEW.md §5 — Heap Storage and Tuple Format,PENDING,Preserve normative semantics; reorganize into the canonical subsystem chapter.
70,Tuple Header,2275,2390,116,3,ARCHITECTURE_CONTRACT,yes,no,REWRITE_CANONICALLY,ARCHITECTURE_NEW.md §5 — Heap Storage and Tuple Format,PENDING,Preserve normative semantics; reorganize into the canonical subsystem chapter.
71,Tuple Flags,2391,2449,59,3,ARCHITECTURE_CONTRACT,yes,no,REWRITE_CANONICALLY,ARCHITECTURE_NEW.md §5 — Heap Storage and Tuple Format,PENDING,Preserve normative semantics; reorganize into the canonical subsystem chapter.
72,Tuple Data Layout,2450,2491,42,3,ARCHITECTURE_CONTRACT,yes,no,REWRITE_CANONICALLY,ARCHITECTURE_NEW.md §5 — Heap Storage and Tuple Format,PENDING,Preserve normative semantics; reorganize into the canonical subsystem chapter.
73,Null Bitmap,2492,2632,141,3,ARCHITECTURE_CONTRACT,yes,no,REWRITE_CANONICALLY,ARCHITECTURE_NEW.md §5 — Heap Storage and Tuple Format,PENDING,Preserve normative semantics; reorganize into the canonical subsystem chapter.
74,Fixed-Width Values,2633,2698,66,3,ARCHITECTURE_CONTRACT,yes,no,REWRITE_CANONICALLY,ARCHITECTURE_NEW.md §5 — Heap Storage and Tuple Format,PENDING,Preserve normative semantics; reorganize into the canonical subsystem chapter.
75,VARCHAR Representation,2699,2787,89,3,ARCHITECTURE_CONTRACT,yes,no,REWRITE_CANONICALLY,ARCHITECTURE_NEW.md §5 — Heap Storage and Tuple Format,PENDING,Preserve normative semantics; reorganize into the canonical subsystem chapter.
76,Tuple Alignment,2788,2820,33,3,ARCHITECTURE_CONTRACT,yes,no,REWRITE_CANONICALLY,ARCHITECTURE_NEW.md §5 — Heap Storage and Tuple Format,PENDING,Preserve normative semantics; reorganize into the canonical subsystem chapter.
77,Schema Versioning,2821,2838,18,3,ARCHITECTURE_CONTRACT,yes,no,REWRITE_CANONICALLY,ARCHITECTURE_NEW.md §5 — Heap Storage and Tuple Format,PENDING,Preserve normative semantics; reorganize into the canonical subsystem chapter.
78,INSERT Path,2839,2869,31,3,ARCHITECTURE_CONTRACT,yes,no,REWRITE_CANONICALLY,ARCHITECTURE_NEW.md §5 — Heap Storage and Tuple Format,PENDING,Preserve normative semantics; reorganize into the canonical subsystem chapter.
79,UPDATE Path,2870,2899,30,3,ARCHITECTURE_CONTRACT,yes,no,REWRITE_CANONICALLY,ARCHITECTURE_NEW.md §15 — Transactional Write Protocols,PENDING,Preserve normative semantics; reorganize into the canonical subsystem chapter.
80,DELETE Path,2900,2915,16,3,ARCHITECTURE_CONTRACT,yes,no,REWRITE_CANONICALLY,ARCHITECTURE_NEW.md §15 — Transactional Write Protocols,PENDING,Preserve normative semantics; reorganize into the canonical subsystem chapter.
81,MVCC Visibility Boundary,2916,2944,29,3,ARCHITECTURE_CONTRACT + RATIONALE,yes,yes,REWRITE_CANONICALLY,ARCHITECTURE_NEW.md §10 — MVCC Visibility and Tuple-Version Semantics,PENDING,Preserve normative semantics; reorganize into the canonical subsystem chapter.
82,Free-Space Map,2945,3300,356,4,ARCHITECTURE_CONTRACT,yes,no,REWRITE_CANONICALLY,ARCHITECTURE_NEW.md §6 — Free-Space Management and Physical Reclamation,PENDING,Preserve normative semantics; reorganize into the canonical subsystem chapter.
83,FSM Persistence Semantics,3301,3337,37,4,ARCHITECTURE_CONTRACT,yes,no,REWRITE_CANONICALLY,ARCHITECTURE_NEW.md §6 — Free-Space Management and Physical Reclamation,PENDING,Preserve normative semantics; reorganize into the canonical subsystem chapter.
84,Heap Page Compaction,3338,3375,38,4,ARCHITECTURE_CONTRACT,yes,no,REWRITE_CANONICALLY,ARCHITECTURE_NEW.md §6 — Free-Space Management and Physical Reclamation,PENDING,Preserve normative semantics; reorganize into the canonical subsystem chapter.
85,Vacuum Physical Reclamation,3376,3396,21,4,ARCHITECTURE_CONTRACT,yes,no,REWRITE_CANONICALLY,ARCHITECTURE_NEW.md §14 — Vacuum and Storage Reclamation,PENDING,Preserve normative semantics; reorganize into the canonical subsystem chapter.
86,DiskManager Responsibilities,3397,3458,62,5,ARCHITECTURE_CONTRACT,yes,no,REWRITE_CANONICALLY,ARCHITECTURE_NEW.md §7 — I/O and Buffer Management,PENDING,Preserve normative semantics; reorganize into the canonical subsystem chapter.
87,File I/O Semantics,3459,3520,62,5,ARCHITECTURE_CONTRACT,yes,no,REWRITE_CANONICALLY,ARCHITECTURE_NEW.md §7 — I/O and Buffer Management,PENDING,Preserve normative semantics; reorganize into the canonical subsystem chapter.
88,BufferPool Responsibilities,3521,3546,26,5,ARCHITECTURE_CONTRACT,yes,no,REWRITE_CANONICALLY,ARCHITECTURE_NEW.md §7 — I/O and Buffer Management,PENDING,Preserve normative semantics; reorganize into the canonical subsystem chapter.
89,Buffer Frame,3547,3570,24,5,ARCHITECTURE_CONTRACT,yes,no,REWRITE_CANONICALLY,ARCHITECTURE_NEW.md §7 — I/O and Buffer Management,PENDING,Preserve normative semantics; reorganize into the canonical subsystem chapter.
90,Page Guards,3571,3603,33,5,ARCHITECTURE_CONTRACT,yes,no,REWRITE_CANONICALLY,ARCHITECTURE_NEW.md §7 — I/O and Buffer Management,PENDING,Preserve normative semantics; reorganize into the canonical subsystem chapter.
91,Buffer-Pool Page Table,3604,3625,22,5,ARCHITECTURE_CONTRACT,yes,no,REWRITE_CANONICALLY,ARCHITECTURE_NEW.md §7 — I/O and Buffer Management,PENDING,Preserve normative semantics; reorganize into the canonical subsystem chapter.
92,Pinning Semantics,3626,3645,20,5,ARCHITECTURE_CONTRACT,yes,no,REWRITE_CANONICALLY,ARCHITECTURE_NEW.md §7 — I/O and Buffer Management,PENDING,Preserve normative semantics; reorganize into the canonical subsystem chapter.
93,Dirty-Page Semantics,3646,3661,16,5,ARCHITECTURE_CONTRACT,yes,no,REWRITE_CANONICALLY,ARCHITECTURE_NEW.md §7 — I/O and Buffer Management,PENDING,Preserve normative semantics; reorganize into the canonical subsystem chapter.
94,WAL-before-Data Enforcement Point,3662,3697,36,5,ARCHITECTURE_CONTRACT,yes,no,REWRITE_CANONICALLY,ARCHITECTURE_NEW.md §7 — I/O and Buffer Management,PENDING,Preserve normative semantics; reorganize into the canonical subsystem chapter.
95,CLOCK Replacement Contract,3698,3723,26,5,ARCHITECTURE_CONTRACT,yes,no,REWRITE_CANONICALLY,ARCHITECTURE_NEW.md §7 — I/O and Buffer Management,PENDING,Preserve normative semantics; reorganize into the canonical subsystem chapter.
96,Storage Object Boundaries,3724,3763,40,5,ARCHITECTURE_CONTRACT,yes,no,REWRITE_CANONICALLY,ARCHITECTURE_NEW.md §2 — System Architecture and Dependency Model,PENDING,Preserve normative semantics; reorganize into the canonical subsystem chapter.
97,HeapPage API Shape,3764,3797,34,5,ARCHITECTURE_CONTRACT,yes,no,REWRITE_CANONICALLY,ARCHITECTURE_NEW.md §5 — Heap Storage and Tuple Format,PENDING,Preserve normative semantics; reorganize into the canonical subsystem chapter.
98,TupleCodec Boundary,3798,3829,32,5,ARCHITECTURE_CONTRACT,yes,no,REWRITE_CANONICALLY,ARCHITECTURE_NEW.md §5 — Heap Storage and Tuple Format,PENDING,Preserve normative semantics; reorganize into the canonical subsystem chapter.
99,Zero-Copy vs Decode Policy,3830,3851,22,5,ARCHITECTURE_CONTRACT,yes,no,REWRITE_CANONICALLY,ARCHITECTURE_NEW.md §5 — Heap Storage and Tuple Format,PENDING,Preserve normative semantics; reorganize into the canonical subsystem chapter.
100,Lifetime Safety Rule,3852,3872,21,5,ARCHITECTURE_CONTRACT,yes,no,REWRITE_CANONICALLY,ARCHITECTURE_NEW.md §7 — I/O and Buffer Management,PENDING,Preserve normative semantics; reorganize into the canonical subsystem chapter.
101,Initial Module Layout,3873,3947,75,5,IMPLEMENTATION_GUIDANCE / SOURCE_LAYOUT,yes,no,MOVE_OUT_OR_SPLIT,DEVELOPMENT.md (proposed); subsystem-boundary constraints stay in architecture,PENDING,Exact filenames/source trees are implementation guidance; preserve only architectural boundaries in the contract.
102,Storage-Layer Dependency Direction,3948,3971,24,5,ARCHITECTURE_CONTRACT,yes,no,REWRITE_CANONICALLY,ARCHITECTURE_NEW.md §2 — System Architecture and Dependency Model,PENDING,Preserve normative semantics; reorganize into the canonical subsystem chapter.
103,Storage Milestone 1,3972,4013,42,5,PROJECT_ROADMAP / MILESTONE,yes,no,MOVE_OUT_OF_ARCHITECTURE,DEVELOPMENT.md (proposed),PENDING,Implementation sequence and milestone targets are project planning rather than system architecture.
104,Storage Milestone 1 Required Tests,4014,4076,63,5,VERIFICATION_REQUIREMENT,yes,no,SPLIT_AND_MERGE,ARCHITECTURE_NEW.md §41 — Verification Requirements + VERIFICATION.md (proposed),PENDING,Keep architecture-level verification obligations; move detailed test recipes/checklists to verification documentation.
105,Storage Milestone 1 Benchmarks,4077,4108,32,5,PERFORMANCE_VERIFICATION,yes,no,SPLIT_AND_MERGE,ARCHITECTURE_NEW.md §42 — Performance Requirements + VERIFICATION.md (proposed),PENDING,Keep required performance properties/metrics; move benchmark procedures/checklists to verification documentation.
106,Deliberately Deferred Storage Features,4109,4134,26,5,DEFERRED_SCOPE,yes,no,CONSOLIDATE,ARCHITECTURE_NEW.md §C — Deferred Features and Future Experiments,PENDING,Preserve explicitly deferred functionality as a scope boundary and consolidate it by subsystem.
107,Storage Decisions Record,4135,4165,31,5,ARCHITECTURE_DECISION_SUMMARY,yes,no,MERGE_AND_DEDUPLICATE,ARCHITECTURE_NEW.md §4 — Persistent Storage Foundations,PENDING,Decision summaries duplicate detailed contracts; preserve unique rationale and ensure each decision has one canonical definition.
108,Next Architecture Topic,4166,4201,36,5,PROJECT_ROADMAP / HISTORICAL_DESIGN_SEQUENCE,no,no,MOVE_OUT_OF_ARCHITECTURE,DEVELOPMENT.md (proposed) / archived legacy contract,PENDING,"Describes what design work should happen next, not the resulting architecture."
109,B+ Tree Architecture Contract,4202,4227,26,6,SUBSYSTEM_CONTRACT_INTRODUCTION,yes,no,MERGE_INTO_PART_INTRODUCTION,ARCHITECTURE_NEW.md §8 — B+ Tree Indexing,PENDING,Use as subsystem framing; do not retain a second independent contract layer.
110,B+ Tree File and Superblock,4228,4273,46,6,ARCHITECTURE_CONTRACT,yes,no,REWRITE_CANONICALLY,ARCHITECTURE_NEW.md §8 — B+ Tree Indexing,PENDING,Preserve normative semantics; reorganize into the canonical subsystem chapter.
111,Index Key Schema,4274,4293,20,6,ARCHITECTURE_CONTRACT,yes,no,REWRITE_CANONICALLY,ARCHITECTURE_NEW.md §8 — B+ Tree Indexing,PENDING,Preserve normative semantics; reorganize into the canonical subsystem chapter.
112,User Key vs Physical Key,4294,4331,38,6,ARCHITECTURE_CONTRACT,yes,no,REWRITE_CANONICALLY,ARCHITECTURE_NEW.md §8 — B+ Tree Indexing,PENDING,Preserve normative semantics; reorganize into the canonical subsystem chapter.
113,Persistent RID Encoding in Indexes,4332,4366,35,6,ARCHITECTURE_CONTRACT,yes,no,REWRITE_CANONICALLY,ARCHITECTURE_NEW.md §8 — B+ Tree Indexing,PENDING,Preserve normative semantics; reorganize into the canonical subsystem chapter.
114,Order-Preserving Index Key Encoding,4367,4393,27,6,ARCHITECTURE_CONTRACT,yes,no,REWRITE_CANONICALLY,ARCHITECTURE_NEW.md §8 — B+ Tree Indexing,PENDING,Preserve normative semantics; reorganize into the canonical subsystem chapter.
115,Index Field Encoding,4394,4476,83,6,ARCHITECTURE_CONTRACT,yes,no,REWRITE_CANONICALLY,ARCHITECTURE_NEW.md §8 — B+ Tree Indexing,PENDING,Preserve normative semantics; reorganize into the canonical subsystem chapter.
116,Composite Keys,4477,4492,16,6,ARCHITECTURE_CONTRACT,yes,no,REWRITE_CANONICALLY,ARCHITECTURE_NEW.md §8 — B+ Tree Indexing,PENDING,Preserve normative semantics; reorganize into the canonical subsystem chapter.
117,Maximum Encoded User Key,4493,4521,29,6,ARCHITECTURE_CONTRACT + RATIONALE,yes,yes,REWRITE_CANONICALLY,ARCHITECTURE_NEW.md §8 — B+ Tree Indexing,PENDING,Preserve normative semantics; reorganize into the canonical subsystem chapter.
118,Physical-Key Comparison and Search Sentinels,4522,4551,30,6,ARCHITECTURE_CONTRACT,yes,no,REWRITE_CANONICALLY,ARCHITECTURE_NEW.md §8 — B+ Tree Indexing,PENDING,Preserve normative semantics; reorganize into the canonical subsystem chapter.
119,Node Page Organization,4552,4594,43,6,ARCHITECTURE_CONTRACT,yes,no,REWRITE_CANONICALLY,ARCHITECTURE_NEW.md §8 — B+ Tree Indexing,PENDING,Preserve normative semantics; reorganize into the canonical subsystem chapter.
120,B+ Tree Slot Entry,4595,4615,21,6,ARCHITECTURE_CONTRACT,yes,no,REWRITE_CANONICALLY,ARCHITECTURE_NEW.md §8 — B+ Tree Indexing,PENDING,Preserve normative semantics; reorganize into the canonical subsystem chapter.
121,Leaf Header,4616,4639,24,6,ARCHITECTURE_CONTRACT,yes,no,REWRITE_CANONICALLY,ARCHITECTURE_NEW.md §8 — B+ Tree Indexing,PENDING,Preserve normative semantics; reorganize into the canonical subsystem chapter.
122,Leaf Entry,4640,4660,21,6,ARCHITECTURE_CONTRACT,yes,no,REWRITE_CANONICALLY,ARCHITECTURE_NEW.md §8 — B+ Tree Indexing,PENDING,Preserve normative semantics; reorganize into the canonical subsystem chapter.
123,Internal Header,4661,4687,27,6,ARCHITECTURE_CONTRACT,yes,no,REWRITE_CANONICALLY,ARCHITECTURE_NEW.md §8 — B+ Tree Indexing,PENDING,Preserve normative semantics; reorganize into the canonical subsystem chapter.
124,Internal Entry,4688,4709,22,6,ARCHITECTURE_CONTRACT,yes,no,REWRITE_CANONICALLY,ARCHITECTURE_NEW.md §8 — B+ Tree Indexing,PENDING,Preserve normative semantics; reorganize into the canonical subsystem chapter.
125,Internal Representation and Separator Semantics,4710,4754,45,6,ARCHITECTURE_CONTRACT,yes,no,REWRITE_CANONICALLY,ARCHITECTURE_NEW.md §8 — B+ Tree Indexing,PENDING,Preserve normative semantics; reorganize into the canonical subsystem chapter.
126,When a Separator Must Change,4755,4777,23,6,ARCHITECTURE_CONTRACT,yes,no,REWRITE_CANONICALLY,ARCHITECTURE_NEW.md §8 — B+ Tree Indexing,PENDING,Preserve normative semantics; reorganize into the canonical subsystem chapter.
127,Internal Search,4778,4801,24,6,ARCHITECTURE_CONTRACT,yes,no,REWRITE_CANONICALLY,ARCHITECTURE_NEW.md §8 — B+ Tree Indexing,PENDING,Preserve normative semantics; reorganize into the canonical subsystem chapter.
128,Leaf Search,4802,4827,26,6,ARCHITECTURE_CONTRACT,yes,no,REWRITE_CANONICALLY,ARCHITECTURE_NEW.md §8 — B+ Tree Indexing,PENDING,Preserve normative semantics; reorganize into the canonical subsystem chapter.
129,Split Trigger and Compaction,4828,4845,18,6,ARCHITECTURE_CONTRACT,yes,no,REWRITE_CANONICALLY,ARCHITECTURE_NEW.md §8 — B+ Tree Indexing,PENDING,Preserve normative semantics; reorganize into the canonical subsystem chapter.
130,Leaf Split,4846,4864,19,6,ARCHITECTURE_CONTRACT,yes,no,REWRITE_CANONICALLY,ARCHITECTURE_NEW.md §8 — B+ Tree Indexing,PENDING,Preserve normative semantics; reorganize into the canonical subsystem chapter.
131,Leaf Sibling Links on Split,4865,4897,33,6,ARCHITECTURE_CONTRACT,yes,no,REWRITE_CANONICALLY,ARCHITECTURE_NEW.md §8 — B+ Tree Indexing,PENDING,Preserve normative semantics; reorganize into the canonical subsystem chapter.
132,Internal Split,4898,4937,40,6,ARCHITECTURE_CONTRACT,yes,no,REWRITE_CANONICALLY,ARCHITECTURE_NEW.md §8 — B+ Tree Indexing,PENDING,Preserve normative semantics; reorganize into the canonical subsystem chapter.
133,Root Split and Contraction,4938,4969,32,6,ARCHITECTURE_CONTRACT,yes,no,REWRITE_CANONICALLY,ARCHITECTURE_NEW.md §8 — B+ Tree Indexing,PENDING,Preserve normative semantics; reorganize into the canonical subsystem chapter.
134,Occupancy and Underflow,4970,5006,37,6,ARCHITECTURE_CONTRACT + RATIONALE,yes,yes,REWRITE_CANONICALLY,ARCHITECTURE_NEW.md §8 — B+ Tree Indexing,PENDING,Preserve normative semantics; reorganize into the canonical subsystem chapter.
135,Redistribution and Merge Policy,5007,5023,17,6,ARCHITECTURE_CONTRACT,yes,no,REWRITE_CANONICALLY,ARCHITECTURE_NEW.md §8 — B+ Tree Indexing,PENDING,Preserve normative semantics; reorganize into the canonical subsystem chapter.
136,Leaf Merge,5024,5052,29,6,ARCHITECTURE_CONTRACT,yes,no,REWRITE_CANONICALLY,ARCHITECTURE_NEW.md §8 — B+ Tree Indexing,PENDING,Preserve normative semantics; reorganize into the canonical subsystem chapter.
137,Internal Rebalancing,5053,5070,18,6,ARCHITECTURE_CONTRACT,yes,no,REWRITE_CANONICALLY,ARCHITECTURE_NEW.md §8 — B+ Tree Indexing,PENDING,Preserve normative semantics; reorganize into the canonical subsystem chapter.
138,Tree-Local Free Page List,5071,5105,35,6,ARCHITECTURE_CONTRACT,yes,no,REWRITE_CANONICALLY,ARCHITECTURE_NEW.md §8 — B+ Tree Indexing,PENDING,Preserve normative semantics; reorganize into the canonical subsystem chapter.
139,Safe Page Reuse,5106,5121,16,6,ARCHITECTURE_CONTRACT,yes,no,REWRITE_CANONICALLY,ARCHITECTURE_NEW.md §8 — B+ Tree Indexing,PENDING,Preserve normative semantics; reorganize into the canonical subsystem chapter.
140,Point Lookup Concurrency,5122,5143,22,6,ARCHITECTURE_CONTRACT,yes,no,REWRITE_CANONICALLY,ARCHITECTURE_NEW.md §8 — B+ Tree Indexing,PENDING,Preserve normative semantics; reorganize into the canonical subsystem chapter.
141,Write Concurrency,5144,5176,33,6,ARCHITECTURE_CONTRACT,yes,no,REWRITE_CANONICALLY,ARCHITECTURE_NEW.md §8 — B+ Tree Indexing,PENDING,Preserve normative semantics; reorganize into the canonical subsystem chapter.
142,Root Metadata Synchronization,5177,5193,17,6,ARCHITECTURE_CONTRACT,yes,no,REWRITE_CANONICALLY,ARCHITECTURE_NEW.md §8 — B+ Tree Indexing,PENDING,Preserve normative semantics; reorganize into the canonical subsystem chapter.
143,Latch Ordering,5194,5225,32,6,ARCHITECTURE_CONTRACT,yes,no,REWRITE_CANONICALLY,ARCHITECTURE_NEW.md §8 — B+ Tree Indexing,PENDING,Preserve normative semantics; reorganize into the canonical subsystem chapter.
144,Forward Range Scan,5226,5244,19,6,ARCHITECTURE_CONTRACT,yes,no,REWRITE_CANONICALLY,ARCHITECTURE_NEW.md §8 — B+ Tree Indexing,PENDING,Preserve normative semantics; reorganize into the canonical subsystem chapter.
145,Leaf Handoff During Range Scan,5245,5261,17,6,ARCHITECTURE_CONTRACT,yes,no,REWRITE_CANONICALLY,ARCHITECTURE_NEW.md §8 — B+ Tree Indexing,PENDING,Preserve normative semantics; reorganize into the canonical subsystem chapter.
146,Reverse Scans,5262,5281,20,6,ARCHITECTURE_CONTRACT,no,no,REWRITE_CANONICALLY,ARCHITECTURE_NEW.md §8 — B+ Tree Indexing,PENDING,Preserve normative semantics; reorganize into the canonical subsystem chapter.
147,B+ Tree API Boundary,5282,5313,32,6,ARCHITECTURE_CONTRACT,yes,no,REWRITE_CANONICALLY,ARCHITECTURE_NEW.md §8 — B+ Tree Indexing,PENDING,Preserve normative semantics; reorganize into the canonical subsystem chapter.
148,IndexKeyCodec Boundary,5314,5338,25,6,ARCHITECTURE_CONTRACT,yes,no,REWRITE_CANONICALLY,ARCHITECTURE_NEW.md §8 — B+ Tree Indexing,PENDING,Preserve normative semantics; reorganize into the canonical subsystem chapter.
149,Duplicate SQL Keys,5339,5356,18,6,ARCHITECTURE_CONTRACT,yes,no,REWRITE_CANONICALLY,ARCHITECTURE_NEW.md §8 — B+ Tree Indexing,PENDING,Preserve normative semantics; reorganize into the canonical subsystem chapter.
150,Unique Index Enforcement,5357,5394,38,6,ARCHITECTURE_CONTRACT,yes,no,REWRITE_CANONICALLY,ARCHITECTURE_NEW.md §8 — B+ Tree Indexing,PENDING,Preserve normative semantics; reorganize into the canonical subsystem chapter.
151,UNIQUE and NULL,5395,5411,17,6,ARCHITECTURE_CONTRACT,yes,no,REWRITE_CANONICALLY,ARCHITECTURE_NEW.md §8 — B+ Tree Indexing,PENDING,Preserve normative semantics; reorganize into the canonical subsystem chapter.
152,MVCC Interaction,5412,5449,38,6,ARCHITECTURE_CONTRACT,yes,no,REWRITE_CANONICALLY,ARCHITECTURE_NEW.md §8 — B+ Tree Indexing,PENDING,Preserve normative semantics; reorganize into the canonical subsystem chapter.
153,Index-Only Scans,5450,5464,15,6,ARCHITECTURE_CONTRACT,no,no,REWRITE_CANONICALLY,ARCHITECTURE_NEW.md §8 — B+ Tree Indexing,PENDING,Preserve normative semantics; reorganize into the canonical subsystem chapter.
154,UPDATE and DELETE Interaction,5465,5494,30,6,ARCHITECTURE_CONTRACT,yes,no,REWRITE_CANONICALLY,ARCHITECTURE_NEW.md §8 — B+ Tree Indexing,PENDING,Preserve normative semantics; reorganize into the canonical subsystem chapter.
155,Vacuum Index Cleanup,5495,5508,14,6,ARCHITECTURE_CONTRACT,yes,no,REWRITE_CANONICALLY,ARCHITECTURE_NEW.md §8 — B+ Tree Indexing,PENDING,Preserve normative semantics; reorganize into the canonical subsystem chapter.
156,HOT-Like Optimization,5509,5520,12,6,ARCHITECTURE_CONTRACT,no,no,REWRITE_CANONICALLY,ARCHITECTURE_NEW.md §8 — B+ Tree Indexing,PENDING,Preserve normative semantics; reorganize into the canonical subsystem chapter.
157,Index Scan Cost Awareness,5521,5543,23,6,ARCHITECTURE_CONTRACT,yes,no,REWRITE_CANONICALLY,ARCHITECTURE_NEW.md §8 — B+ Tree Indexing,PENDING,Preserve normative semantics; reorganize into the canonical subsystem chapter.
158,Prefix Compression,5544,5575,32,6,ARCHITECTURE_CONTRACT,no,no,REWRITE_CANONICALLY,ARCHITECTURE_NEW.md §8 — B+ Tree Indexing,PENDING,Preserve normative semantics; reorganize into the canonical subsystem chapter.
159,Internal and Leaf Search Performance,5576,5602,27,6,ARCHITECTURE_CONTRACT,yes,no,REWRITE_CANONICALLY,ARCHITECTURE_NEW.md §8 — B+ Tree Indexing,PENDING,Preserve normative semantics; reorganize into the canonical subsystem chapter.
160,Root/Internal Page Caching,5603,5616,14,6,ARCHITECTURE_CONTRACT,yes,no,REWRITE_CANONICALLY,ARCHITECTURE_NEW.md §8 — B+ Tree Indexing,PENDING,Preserve normative semantics; reorganize into the canonical subsystem chapter.
161,Structural Modification vs User Transaction,5617,5661,45,6,ARCHITECTURE_CONTRACT,yes,no,REWRITE_CANONICALLY,ARCHITECTURE_NEW.md §8 — B+ Tree Indexing,PENDING,Preserve normative semantics; reorganize into the canonical subsystem chapter.
162,WAL Direction for Structural Operations,5662,5689,28,6,ARCHITECTURE_CONTRACT,yes,no,REWRITE_CANONICALLY,ARCHITECTURE_NEW.md §8 — B+ Tree Indexing,PENDING,Preserve normative semantics; reorganize into the canonical subsystem chapter.
163,Page LSN and WAL Ordering,5690,5717,28,6,ARCHITECTURE_CONTRACT,yes,no,REWRITE_CANONICALLY,ARCHITECTURE_NEW.md §8 — B+ Tree Indexing,PENDING,Preserve normative semantics; reorganize into the canonical subsystem chapter.
164,Structural Publication Invariant,5718,5736,19,6,ARCHITECTURE_CONTRACT,yes,no,REWRITE_CANONICALLY,ARCHITECTURE_NEW.md §8 — B+ Tree Indexing,PENDING,Preserve normative semantics; reorganize into the canonical subsystem chapter.
165,Page Validation,5737,5761,25,6,ARCHITECTURE_CONTRACT,yes,no,REWRITE_CANONICALLY,ARCHITECTURE_NEW.md §8 — B+ Tree Indexing,PENDING,Preserve normative semantics; reorganize into the canonical subsystem chapter.
166,Full Tree Verifier,5762,5786,25,6,ARCHITECTURE_CONTRACT,yes,no,REWRITE_CANONICALLY,ARCHITECTURE_NEW.md §8 — B+ Tree Indexing,PENDING,Preserve normative semantics; reorganize into the canonical subsystem chapter.
167,B+ Tree Milestone 1,5787,5811,25,6,PROJECT_ROADMAP / MILESTONE,yes,no,MOVE_OUT_OF_ARCHITECTURE,DEVELOPMENT.md (proposed),PENDING,Implementation sequence and milestone targets are project planning rather than system architecture.
168,B+ Tree Milestone 2,5812,5831,20,6,PROJECT_ROADMAP / MILESTONE,yes,no,MOVE_OUT_OF_ARCHITECTURE,DEVELOPMENT.md (proposed),PENDING,Implementation sequence and milestone targets are project planning rather than system architecture.
169,B+ Tree Milestone 3,5832,5849,18,6,PROJECT_ROADMAP / MILESTONE,yes,no,MOVE_OUT_OF_ARCHITECTURE,DEVELOPMENT.md (proposed),PENDING,Implementation sequence and milestone targets are project planning rather than system architecture.
170,Required Deterministic Tests,5850,5885,36,6,VERIFICATION_REQUIREMENT,yes,no,SPLIT_AND_MERGE,ARCHITECTURE_NEW.md §41 — Verification Requirements + VERIFICATION.md (proposed),PENDING,Keep architecture-level verification obligations; move detailed test recipes/checklists to verification documentation.
171,Duplicate Stress Test,5886,5905,20,6,VERIFICATION_REQUIREMENT,yes,no,SPLIT_AND_MERGE,ARCHITECTURE_NEW.md §41 — Verification Requirements + VERIFICATION.md (proposed),PENDING,Keep architecture-level verification obligations; move detailed test recipes/checklists to verification documentation.
172,Randomized Tests,5906,5934,29,6,VERIFICATION_REQUIREMENT,yes,no,SPLIT_AND_MERGE,ARCHITECTURE_NEW.md §41 — Verification Requirements + VERIFICATION.md (proposed),PENDING,Keep architecture-level verification obligations; move detailed test recipes/checklists to verification documentation.
173,Concurrent Tests,5935,5954,20,6,VERIFICATION_REQUIREMENT,yes,no,SPLIT_AND_MERGE,ARCHITECTURE_NEW.md §41 — Verification Requirements + VERIFICATION.md (proposed),PENDING,Keep architecture-level verification obligations; move detailed test recipes/checklists to verification documentation.
174,B+ Tree Benchmarks,5955,6011,57,6,PERFORMANCE_VERIFICATION,yes,no,SPLIT_AND_MERGE,ARCHITECTURE_NEW.md §42 — Performance Requirements + VERIFICATION.md (proposed),PENDING,Keep required performance properties/metrics; move benchmark procedures/checklists to verification documentation.
175,Deliberately Deferred B+ Tree Features,6012,6039,28,6,DEFERRED_SCOPE,yes,no,CONSOLIDATE,ARCHITECTURE_NEW.md §C — Deferred Features and Future Experiments,PENDING,Preserve explicitly deferred functionality as a scope boundary and consolidate it by subsystem.
176,First Post-Correctness Optimization Candidates,6040,6058,19,6,FUTURE_EXPERIMENTS / RATIONALE,yes,no,CONSOLIDATE,ARCHITECTURE_NEW.md §C — Deferred Features and Future Experiments,PENDING,Preserve future experiment ideas without presenting them as current v1 requirements.
177,B+ Tree Invariants,6059,6087,29,6,ARCHITECTURAL_INVARIANTS,yes,no,MERGE_AND_DEDUPLICATE,ARCHITECTURE_NEW.md §B — Global Invariants,PENDING,Preserve every invariant; colocate subsystem-specific invariants with their owning chapters where useful.
178,Decisions Added by the B+ Tree Architecture,6088,6126,39,6,ARCHITECTURE_DECISION_SUMMARY,yes,no,MERGE_AND_DEDUPLICATE,ARCHITECTURE_NEW.md §8 — B+ Tree Indexing,PENDING,Decision summaries duplicate detailed contracts; preserve unique rationale and ensure each decision has one canonical definition.
179,Next Architecture Stage,6127,6167,41,6,PROJECT_ROADMAP / HISTORICAL_DESIGN_SEQUENCE,no,no,MOVE_OUT_OF_ARCHITECTURE,DEVELOPMENT.md (proposed) / archived legacy contract,PENDING,"Describes what design work should happen next, not the resulting architecture."
180,"Transaction, MVCC, Locking, WAL, Recovery, and Vacuum Contract",6168,6207,40,7,SUBSYSTEM_CONTRACT_INTRODUCTION,yes,no,MERGE_INTO_PART_INTRODUCTION,ARCHITECTURE_NEW.md §9 — Transaction Lifecycle and Snapshots,PENDING,Use as subsystem framing; do not retain a second independent contract layer.
181,Architecture Refinement: No Physical User-Transaction Undo,6208,6287,80,7,ARCHITECTURE_CONTRACT + RATIONALE,yes,yes,REWRITE_CANONICALLY,ARCHITECTURE_NEW.md §12 — Write-Ahead Logging and Commit Durability,PENDING,Preserve normative semantics; reorganize into the canonical subsystem chapter.
182,Reserved Transaction IDs,6288,6315,28,7,ARCHITECTURE_CONTRACT,yes,no,REWRITE_CANONICALLY,ARCHITECTURE_NEW.md §9 — Transaction Lifecycle and Snapshots,PENDING,Preserve normative semantics; reorganize into the canonical subsystem chapter.
183,Durable Transaction-ID Reservation,6316,6349,34,7,ARCHITECTURE_CONTRACT,yes,no,REWRITE_CANONICALLY,ARCHITECTURE_NEW.md §9 — Transaction Lifecycle and Snapshots,PENDING,Preserve normative semantics; reorganize into the canonical subsystem chapter.
184,Transaction Object,6350,6382,33,7,ARCHITECTURE_CONTRACT,yes,no,REWRITE_CANONICALLY,ARCHITECTURE_NEW.md §9 — Transaction Lifecycle and Snapshots,PENDING,Preserve normative semantics; reorganize into the canonical subsystem chapter.
185,Isolation Levels,6383,6413,31,7,ARCHITECTURE_CONTRACT,yes,no,REWRITE_CANONICALLY,ARCHITECTURE_NEW.md §9 — Transaction Lifecycle and Snapshots,PENDING,Preserve normative semantics; reorganize into the canonical subsystem chapter.
186,Command IDs,6414,6445,32,7,ARCHITECTURE_CONTRACT,yes,no,REWRITE_CANONICALLY,ARCHITECTURE_NEW.md §9 — Transaction Lifecycle and Snapshots,PENDING,Preserve normative semantics; reorganize into the canonical subsystem chapter.
187,Snapshot Representation,6446,6507,62,7,ARCHITECTURE_CONTRACT,yes,no,REWRITE_CANONICALLY,ARCHITECTURE_NEW.md §9 — Transaction Lifecycle and Snapshots,PENDING,Preserve normative semantics; reorganize into the canonical subsystem chapter.
188,Snapshot Capture Synchronization,6508,6540,33,7,ARCHITECTURE_CONTRACT,yes,no,REWRITE_CANONICALLY,ARCHITECTURE_NEW.md §9 — Transaction Lifecycle and Snapshots,PENDING,Preserve normative semantics; reorganize into the canonical subsystem chapter.
189,READ COMMITTED Snapshots,6541,6564,24,7,ARCHITECTURE_CONTRACT,yes,no,REWRITE_CANONICALLY,ARCHITECTURE_NEW.md §9 — Transaction Lifecycle and Snapshots,PENDING,Preserve normative semantics; reorganize into the canonical subsystem chapter.
190,REPEATABLE READ Snapshots,6565,6590,26,7,ARCHITECTURE_CONTRACT,yes,no,REWRITE_CANONICALLY,ARCHITECTURE_NEW.md §9 — Transaction Lifecycle and Snapshots,PENDING,Preserve normative semantics; reorganize into the canonical subsystem chapter.
191,Transaction Status Store,6591,6622,32,7,ARCHITECTURE_CONTRACT,yes,no,REWRITE_CANONICALLY,ARCHITECTURE_NEW.md §9 — Transaction Lifecycle and Snapshots,PENDING,Preserve normative semantics; reorganize into the canonical subsystem chapter.
192,Transaction Status Page Mapping,6623,6650,28,7,ARCHITECTURE_CONTRACT,yes,no,REWRITE_CANONICALLY,ARCHITECTURE_NEW.md §9 — Transaction Lifecycle and Snapshots,PENDING,Preserve normative semantics; reorganize into the canonical subsystem chapter.
193,Transaction Status Lookup,6651,6684,34,7,ARCHITECTURE_CONTRACT,yes,no,REWRITE_CANONICALLY,ARCHITECTURE_NEW.md §9 — Transaction Lifecycle and Snapshots,PENDING,Preserve normative semantics; reorganize into the canonical subsystem chapter.
194,Commit Status Publication,6685,6714,30,7,ARCHITECTURE_CONTRACT,yes,no,REWRITE_CANONICALLY,ARCHITECTURE_NEW.md §9 — Transaction Lifecycle and Snapshots,PENDING,Preserve normative semantics; reorganize into the canonical subsystem chapter.
195,Abort Status Publication,6715,6744,30,7,ARCHITECTURE_CONTRACT + RATIONALE,yes,yes,REWRITE_CANONICALLY,ARCHITECTURE_NEW.md §9 — Transaction Lifecycle and Snapshots,PENDING,Preserve normative semantics; reorganize into the canonical subsystem chapter.
196,Read-Only Transactions,6745,6765,21,7,ARCHITECTURE_CONTRACT,yes,no,REWRITE_CANONICALLY,ARCHITECTURE_NEW.md §9 — Transaction Lifecycle and Snapshots,PENDING,Preserve normative semantics; reorganize into the canonical subsystem chapter.
197,Tuple Visibility: Creator Rule,6766,6810,45,7,ARCHITECTURE_CONTRACT,yes,no,REWRITE_CANONICALLY,ARCHITECTURE_NEW.md §10 — MVCC Visibility and Tuple-Version Semantics,PENDING,Preserve normative semantics; reorganize into the canonical subsystem chapter.
198,Tuple Visibility: Deleter Rule,6811,6883,73,7,ARCHITECTURE_CONTRACT,yes,no,REWRITE_CANONICALLY,ARCHITECTURE_NEW.md §10 — MVCC Visibility and Tuple-Version Semantics,PENDING,Preserve normative semantics; reorganize into the canonical subsystem chapter.
199,Visibility Algorithm Summary,6884,6903,20,7,ARCHITECTURE_CONTRACT,yes,no,REWRITE_CANONICALLY,ARCHITECTURE_NEW.md §10 — MVCC Visibility and Tuple-Version Semantics,PENDING,Preserve normative semantics; reorganize into the canonical subsystem chapter.
200,Hint Cleanup,6904,6943,40,7,ARCHITECTURE_CONTRACT,yes,no,REWRITE_CANONICALLY,ARCHITECTURE_NEW.md §10 — MVCC Visibility and Tuple-Version Semantics,PENDING,Preserve normative semantics; reorganize into the canonical subsystem chapter.
201,Logical Lock Types,6944,6969,26,7,ARCHITECTURE_CONTRACT,yes,no,REWRITE_CANONICALLY,ARCHITECTURE_NEW.md §11 — Logical Locking and Write Conflicts,PENDING,Preserve normative semantics; reorganize into the canonical subsystem chapter.
202,Tuple Write Lock Key,6970,6987,18,7,ARCHITECTURE_CONTRACT,yes,no,REWRITE_CANONICALLY,ARCHITECTURE_NEW.md §11 — Logical Locking and Write Conflicts,PENDING,Preserve normative semantics; reorganize into the canonical subsystem chapter.
203,Critical Lock/Latch Rule,6988,7018,31,7,ARCHITECTURE_CONTRACT,yes,no,REWRITE_CANONICALLY,ARCHITECTURE_NEW.md §11 — Logical Locking and Write Conflicts,PENDING,Preserve normative semantics; reorganize into the canonical subsystem chapter.
204,UPDATE / DELETE Write Conflict Protocol,7019,7058,40,7,ARCHITECTURE_CONTRACT,yes,no,REWRITE_CANONICALLY,ARCHITECTURE_NEW.md §11 — Logical Locking and Write Conflicts,PENDING,Preserve normative semantics; reorganize into the canonical subsystem chapter.
205,READ COMMITTED Write Conflict Behavior,7059,7087,29,7,ARCHITECTURE_CONTRACT,yes,no,REWRITE_CANONICALLY,ARCHITECTURE_NEW.md §11 — Logical Locking and Write Conflicts,PENDING,Preserve normative semantics; reorganize into the canonical subsystem chapter.
206,REPEATABLE READ Write Conflict Behavior,7088,7103,16,7,ARCHITECTURE_CONTRACT,yes,no,REWRITE_CANONICALLY,ARCHITECTURE_NEW.md §11 — Logical Locking and Write Conflicts,PENDING,Preserve normative semantics; reorganize into the canonical subsystem chapter.
207,Lost-Update Prevention,7104,7125,22,7,ARCHITECTURE_CONTRACT + RATIONALE,yes,yes,REWRITE_CANONICALLY,ARCHITECTURE_NEW.md §11 — Logical Locking and Write Conflicts,PENDING,Preserve normative semantics; reorganize into the canonical subsystem chapter.
208,Unique-Key Lock Key,7126,7142,17,7,ARCHITECTURE_CONTRACT,yes,no,REWRITE_CANONICALLY,ARCHITECTURE_NEW.md §11 — Logical Locking and Write Conflicts,PENDING,Preserve normative semantics; reorganize into the canonical subsystem chapter.
209,Unique-Key Lock Protocol,7143,7166,24,7,ARCHITECTURE_CONTRACT,yes,no,REWRITE_CANONICALLY,ARCHITECTURE_NEW.md §11 — Logical Locking and Write Conflicts,PENDING,Preserve normative semantics; reorganize into the canonical subsystem chapter.
210,Unique Check Semantics,7167,7184,18,7,ARCHITECTURE_CONTRACT,yes,no,REWRITE_CANONICALLY,ARCHITECTURE_NEW.md §11 — Logical Locking and Write Conflicts,PENDING,Preserve normative semantics; reorganize into the canonical subsystem chapter.
211,Lock Duration,7185,7202,18,7,ARCHITECTURE_CONTRACT,yes,no,REWRITE_CANONICALLY,ARCHITECTURE_NEW.md §11 — Logical Locking and Write Conflicts,PENDING,Preserve normative semantics; reorganize into the canonical subsystem chapter.
212,Lock Table,7203,7233,31,7,ARCHITECTURE_CONTRACT,yes,no,REWRITE_CANONICALLY,ARCHITECTURE_NEW.md §11 — Logical Locking and Write Conflicts,PENDING,Preserve normative semantics; reorganize into the canonical subsystem chapter.
213,Deadlock Detection,7234,7262,29,7,ARCHITECTURE_CONTRACT,yes,no,REWRITE_CANONICALLY,ARCHITECTURE_NEW.md §11 — Logical Locking and Write Conflicts,PENDING,Preserve normative semantics; reorganize into the canonical subsystem chapter.
214,B+ Tree Latches Are Not LockManager Locks,7263,7282,20,7,ARCHITECTURE_CONTRACT,yes,no,REWRITE_CANONICALLY,ARCHITECTURE_NEW.md §11 — Logical Locking and Write Conflicts,PENDING,Preserve normative semantics; reorganize into the canonical subsystem chapter.
215,WAL Physical Organization,7283,7318,36,8,ARCHITECTURE_CONTRACT,yes,no,REWRITE_CANONICALLY,ARCHITECTURE_NEW.md §12 — Write-Ahead Logging and Commit Durability,PENDING,Preserve normative semantics; reorganize into the canonical subsystem chapter.
216,WAL Record Alignment,7319,7341,23,8,ARCHITECTURE_CONTRACT,yes,no,REWRITE_CANONICALLY,ARCHITECTURE_NEW.md §12 — Write-Ahead Logging and Commit Durability,PENDING,Preserve normative semantics; reorganize into the canonical subsystem chapter.
217,WAL Record Header,7342,7376,35,8,ARCHITECTURE_CONTRACT,yes,no,REWRITE_CANONICALLY,ARCHITECTURE_NEW.md §12 — Write-Ahead Logging and Commit Durability,PENDING,Preserve normative semantics; reorganize into the canonical subsystem chapter.
218,Per-Transaction WAL Chain,7377,7411,35,8,ARCHITECTURE_CONTRACT,yes,no,REWRITE_CANONICALLY,ARCHITECTURE_NEW.md §12 — Write-Ahead Logging and Commit Durability,PENDING,Preserve normative semantics; reorganize into the canonical subsystem chapter.
219,WAL Record Types,7412,7440,29,8,ARCHITECTURE_CONTRACT,yes,no,REWRITE_CANONICALLY,ARCHITECTURE_NEW.md §12 — Write-Ahead Logging and Commit Durability,PENDING,Preserve normative semantics; reorganize into the canonical subsystem chapter.
220,PAGE_DELTA Record,7441,7481,41,8,ARCHITECTURE_CONTRACT,yes,no,REWRITE_CANONICALLY,ARCHITECTURE_NEW.md §12 — Write-Ahead Logging and Commit Durability,PENDING,Preserve normative semantics; reorganize into the canonical subsystem chapter.
221,PAGE_INIT Record,7482,7504,23,8,ARCHITECTURE_CONTRACT,yes,no,REWRITE_CANONICALLY,ARCHITECTURE_NEW.md §12 — Write-Ahead Logging and Commit Durability,PENDING,Preserve normative semantics; reorganize into the canonical subsystem chapter.
222,Torn-Page Protection,7505,7528,24,8,ARCHITECTURE_CONTRACT,yes,no,REWRITE_CANONICALLY,ARCHITECTURE_NEW.md §12 — Write-Ahead Logging and Commit Durability,PENDING,Preserve normative semantics; reorganize into the canonical subsystem chapter.
223,Full-Page Image Semantics,7529,7557,29,8,ARCHITECTURE_CONTRACT,yes,no,REWRITE_CANONICALLY,ARCHITECTURE_NEW.md §12 — Write-Ahead Logging and Commit Durability,PENDING,Preserve normative semantics; reorganize into the canonical subsystem chapter.
224,Why Full-Page Images Are Checkpoint-Epoch Based,7558,7583,26,8,ARCHITECTURE_CONTRACT + RATIONALE,yes,yes,REWRITE_CANONICALLY,ARCHITECTURE_NEW.md §12 — Write-Ahead Logging and Commit Durability,PENDING,Preserve normative semantics; reorganize into the canonical subsystem chapter.
225,B+ Tree Mini-Transactions,7584,7611,28,8,ARCHITECTURE_CONTRACT,yes,no,REWRITE_CANONICALLY,ARCHITECTURE_NEW.md §12 — Write-Ahead Logging and Commit Durability,PENDING,Preserve normative semantics; reorganize into the canonical subsystem chapter.
226,Atomic BTREE_MTR WAL Record,7612,7642,31,8,ARCHITECTURE_CONTRACT,yes,no,REWRITE_CANONICALLY,ARCHITECTURE_NEW.md §12 — Write-Ahead Logging and Commit Durability,PENDING,Preserve normative semantics; reorganize into the canonical subsystem chapter.
227,B+ Mini-Transaction No-Flush Barrier,7643,7682,40,8,ARCHITECTURE_CONTRACT,yes,no,REWRITE_CANONICALLY,ARCHITECTURE_NEW.md §12 — Write-Ahead Logging and Commit Durability,PENDING,Preserve normative semantics; reorganize into the canonical subsystem chapter.
228,B+ Tree Changes Survive User Abort,7683,7709,27,8,ARCHITECTURE_CONTRACT,yes,no,REWRITE_CANONICALLY,ARCHITECTURE_NEW.md §12 — Write-Ahead Logging and Commit Durability,PENDING,Preserve normative semantics; reorganize into the canonical subsystem chapter.
229,Heap WAL Ordering Relative to Index WAL,7710,7728,19,8,ARCHITECTURE_CONTRACT,yes,no,REWRITE_CANONICALLY,ARCHITECTURE_NEW.md §12 — Write-Ahead Logging and Commit Durability,PENDING,Preserve normative semantics; reorganize into the canonical subsystem chapter.
230,WAL Buffer,7729,7763,35,8,ARCHITECTURE_CONTRACT,yes,no,REWRITE_CANONICALLY,ARCHITECTURE_NEW.md §12 — Write-Ahead Logging and Commit Durability,PENDING,Preserve normative semantics; reorganize into the canonical subsystem chapter.
231,WAL Writer / Flusher,7764,7786,23,8,ARCHITECTURE_CONTRACT,yes,no,REWRITE_CANONICALLY,ARCHITECTURE_NEW.md §12 — Write-Ahead Logging and Commit Durability,PENDING,Preserve normative semantics; reorganize into the canonical subsystem chapter.
232,Group Commit,7787,7815,29,8,ARCHITECTURE_CONTRACT,yes,no,REWRITE_CANONICALLY,ARCHITECTURE_NEW.md §12 — Write-Ahead Logging and Commit Durability,PENDING,Preserve normative semantics; reorganize into the canonical subsystem chapter.
233,Commit Coordinator,7816,7838,23,8,ARCHITECTURE_CONTRACT,yes,no,REWRITE_CANONICALLY,ARCHITECTURE_NEW.md §12 — Write-Ahead Logging and Commit Durability,PENDING,Preserve normative semantics; reorganize into the canonical subsystem chapter.
234,Synchronous Commit,7839,7860,22,8,ARCHITECTURE_CONTRACT,yes,no,REWRITE_CANONICALLY,ARCHITECTURE_NEW.md §12 — Write-Ahead Logging and Commit Durability,PENDING,Preserve normative semantics; reorganize into the canonical subsystem chapter.
235,Dirty Page recLSN,7861,7897,37,8,ARCHITECTURE_CONTRACT,yes,no,REWRITE_CANONICALLY,ARCHITECTURE_NEW.md §12 — Write-Ahead Logging and Commit Durability,PENDING,Preserve normative semantics; reorganize into the canonical subsystem chapter.
236,WAL-Before-Data Restatement,7898,7926,29,8,ARCHITECTURE_CONTRACT,yes,no,REWRITE_CANONICALLY,ARCHITECTURE_NEW.md §12 — Write-Ahead Logging and Commit Durability,PENDING,Preserve normative semantics; reorganize into the canonical subsystem chapter.
237,Database Control File,7927,7970,44,8,ARCHITECTURE_CONTRACT,yes,no,REWRITE_CANONICALLY,ARCHITECTURE_NEW.md §13 — Checkpointing and Crash Recovery,PENDING,Preserve normative semantics; reorganize into the canonical subsystem chapter.
238,Control File Update Frequency,7971,7984,14,8,ARCHITECTURE_CONTRACT,yes,no,REWRITE_CANONICALLY,ARCHITECTURE_NEW.md §13 — Checkpointing and Crash Recovery,PENDING,Preserve normative semantics; reorganize into the canonical subsystem chapter.
239,Fuzzy Checkpoint Goal,7985,7996,12,8,ARCHITECTURE_CONTRACT,yes,no,REWRITE_CANONICALLY,ARCHITECTURE_NEW.md §13 — Checkpointing and Crash Recovery,PENDING,Preserve normative semantics; reorganize into the canonical subsystem chapter.
240,Checkpoint Protocol,7997,8018,22,8,ARCHITECTURE_CONTRACT,yes,no,REWRITE_CANONICALLY,ARCHITECTURE_NEW.md §13 — Checkpointing and Crash Recovery,PENDING,Preserve normative semantics; reorganize into the canonical subsystem chapter.
241,Dirty-Page Table Checkpoint Entry,8019,8037,19,8,ARCHITECTURE_CONTRACT,yes,no,REWRITE_CANONICALLY,ARCHITECTURE_NEW.md §13 — Checkpointing and Crash Recovery,PENDING,Preserve normative semantics; reorganize into the canonical subsystem chapter.
242,Active Writer Transaction Checkpoint Entry,8038,8056,19,8,ARCHITECTURE_CONTRACT,yes,no,REWRITE_CANONICALLY,ARCHITECTURE_NEW.md §13 — Checkpointing and Crash Recovery,PENDING,Preserve normative semantics; reorganize into the canonical subsystem chapter.
243,Checkpoint Data Chunking,8057,8079,23,8,ARCHITECTURE_CONTRACT,yes,no,REWRITE_CANONICALLY,ARCHITECTURE_NEW.md §13 — Checkpointing and Crash Recovery,PENDING,Preserve normative semantics; reorganize into the canonical subsystem chapter.
244,Checkpoint Redo Start,8080,8102,23,8,ARCHITECTURE_CONTRACT,yes,no,REWRITE_CANONICALLY,ARCHITECTURE_NEW.md §13 — Checkpointing and Crash Recovery,PENDING,Preserve normative semantics; reorganize into the canonical subsystem chapter.
245,WAL Recycling,8103,8125,23,8,ARCHITECTURE_CONTRACT,yes,no,REWRITE_CANONICALLY,ARCHITECTURE_NEW.md §13 — Checkpointing and Crash Recovery,PENDING,Preserve normative semantics; reorganize into the canonical subsystem chapter.
246,Recovery Startup: WAL Tail Validation,8126,8142,17,8,ARCHITECTURE_CONTRACT,yes,no,REWRITE_CANONICALLY,ARCHITECTURE_NEW.md §13 — Checkpointing and Crash Recovery,PENDING,Preserve normative semantics; reorganize into the canonical subsystem chapter.
247,Recovery Phase 1: Analysis,8143,8185,43,8,ARCHITECTURE_CONTRACT,yes,no,REWRITE_CANONICALLY,ARCHITECTURE_NEW.md §13 — Checkpointing and Crash Recovery,PENDING,Preserve normative semantics; reorganize into the canonical subsystem chapter.
248,Recovery Phase 2: Redo,8186,8219,34,8,ARCHITECTURE_CONTRACT,yes,no,REWRITE_CANONICALLY,ARCHITECTURE_NEW.md §13 — Checkpointing and Crash Recovery,PENDING,Preserve normative semantics; reorganize into the canonical subsystem chapter.
249,Redo and Corrupt/Torn Data Pages,8220,8243,24,8,ARCHITECTURE_CONTRACT,yes,no,REWRITE_CANONICALLY,ARCHITECTURE_NEW.md §13 — Checkpointing and Crash Recovery,PENDING,Preserve normative semantics; reorganize into the canonical subsystem chapter.
250,Recovery Phase 3: Loser Resolution,8244,8266,23,8,ARCHITECTURE_CONTRACT,yes,no,REWRITE_CANONICALLY,ARCHITECTURE_NEW.md §13 — Checkpointing and Crash Recovery,PENDING,Preserve normative semantics; reorganize into the canonical subsystem chapter.
251,No CLRs in v1 User-DML Recovery,8267,8282,16,8,ARCHITECTURE_CONTRACT,yes,no,REWRITE_CANONICALLY,ARCHITECTURE_NEW.md §13 — Checkpointing and Crash Recovery,PENDING,Preserve normative semantics; reorganize into the canonical subsystem chapter.
252,Recovery of Transaction Status Pages,8283,8302,20,8,ARCHITECTURE_CONTRACT,yes,no,REWRITE_CANONICALLY,ARCHITECTURE_NEW.md §13 — Checkpointing and Crash Recovery,PENDING,Preserve normative semantics; reorganize into the canonical subsystem chapter.
253,Recovery of Approximate Metadata,8303,8324,22,8,ARCHITECTURE_CONTRACT,yes,no,REWRITE_CANONICALLY,ARCHITECTURE_NEW.md §13 — Checkpointing and Crash Recovery,PENDING,Preserve normative semantics; reorganize into the canonical subsystem chapter.
254,Recovery Completion,8325,8348,24,8,ARCHITECTURE_CONTRACT,yes,no,REWRITE_CANONICALLY,ARCHITECTURE_NEW.md §13 — Checkpointing and Crash Recovery,PENDING,Preserve normative semantics; reorganize into the canonical subsystem chapter.
255,Crash-Recovery Correctness Principle,8349,8382,34,8,ARCHITECTURE_CONTRACT,yes,no,REWRITE_CANONICALLY,ARCHITECTURE_NEW.md §13 — Checkpointing and Crash Recovery,PENDING,Preserve normative semantics; reorganize into the canonical subsystem chapter.
256,Vacuum Global Visibility Horizon,8383,8406,24,9,ARCHITECTURE_CONTRACT,yes,no,REWRITE_CANONICALLY,ARCHITECTURE_NEW.md §14 — Vacuum and Storage Reclamation,PENDING,Preserve normative semantics; reorganize into the canonical subsystem chapter.
257,Why Active Transactions Alone Are Not the Vacuum Horizon,8407,8432,26,9,ARCHITECTURE_CONTRACT + RATIONALE,yes,yes,REWRITE_CANONICALLY,ARCHITECTURE_NEW.md §14 — Vacuum and Storage Reclamation,PENDING,Preserve normative semantics; reorganize into the canonical subsystem chapter.
258,Tuple Version Garbage Eligibility,8433,8464,32,9,ARCHITECTURE_CONTRACT,yes,no,REWRITE_CANONICALLY,ARCHITECTURE_NEW.md §14 — Vacuum and Storage Reclamation,PENDING,Preserve normative semantics; reorganize into the canonical subsystem chapter.
259,Vacuum Treatment of In-Progress Metadata,8465,8481,17,9,ARCHITECTURE_CONTRACT,yes,no,REWRITE_CANONICALLY,ARCHITECTURE_NEW.md §14 — Vacuum and Storage Reclamation,PENDING,Preserve normative semantics; reorganize into the canonical subsystem chapter.
260,Two-Phase Physical RID Reclamation,8482,8519,38,9,ARCHITECTURE_CONTRACT,yes,no,REWRITE_CANONICALLY,ARCHITECTURE_NEW.md §14 — Vacuum and Storage Reclamation,PENDING,Preserve normative semantics; reorganize into the canonical subsystem chapter.
261,Read Epoch Manager,8520,8552,33,9,ARCHITECTURE_CONTRACT,yes,no,REWRITE_CANONICALLY,ARCHITECTURE_NEW.md §14 — Vacuum and Storage Reclamation,PENDING,Preserve normative semantics; reorganize into the canonical subsystem chapter.
262,Why Snapshot Visibility Alone Is Not Enough for RID Reuse,8553,8574,22,9,ARCHITECTURE_CONTRACT + RATIONALE,yes,yes,REWRITE_CANONICALLY,ARCHITECTURE_NEW.md §14 — Vacuum and Storage Reclamation,PENDING,Preserve normative semantics; reorganize into the canonical subsystem chapter.
263,DEAD Slot Persistence Across Crash,8575,8591,17,9,ARCHITECTURE_CONTRACT,yes,no,REWRITE_CANONICALLY,ARCHITECTURE_NEW.md §14 — Vacuum and Storage Reclamation,PENDING,Preserve normative semantics; reorganize into the canonical subsystem chapter.
264,Vacuum Index-Cleanup Protocol,8592,8619,28,9,ARCHITECTURE_CONTRACT,yes,no,REWRITE_CANONICALLY,ARCHITECTURE_NEW.md §14 — Vacuum and Storage Reclamation,PENDING,Preserve normative semantics; reorganize into the canonical subsystem chapter.
265,Vacuum Version-Chain Splicing,8620,8650,31,9,ARCHITECTURE_CONTRACT,yes,no,REWRITE_CANONICALLY,ARCHITECTURE_NEW.md §14 — Vacuum and Storage Reclamation,PENDING,Preserve normative semantics; reorganize into the canonical subsystem chapter.
266,Vacuum and Concurrent Updates,8651,8677,27,9,ARCHITECTURE_CONTRACT,yes,no,REWRITE_CANONICALLY,ARCHITECTURE_NEW.md §14 — Vacuum and Storage Reclamation,PENDING,Preserve normative semantics; reorganize into the canonical subsystem chapter.
267,DEAD to UNUSED Transition,8678,8697,20,9,ARCHITECTURE_CONTRACT,yes,no,REWRITE_CANONICALLY,ARCHITECTURE_NEW.md §14 — Vacuum and Storage Reclamation,PENDING,Preserve normative semantics; reorganize into the canonical subsystem chapter.
268,Vacuum Handling of Aborted `xmax`,8698,8720,23,9,ARCHITECTURE_CONTRACT,yes,no,REWRITE_CANONICALLY,ARCHITECTURE_NEW.md §14 — Vacuum and Storage Reclamation,PENDING,Preserve normative semantics; reorganize into the canonical subsystem chapter.
269,Freezing Ancient Live Tuples,8721,8745,25,9,ARCHITECTURE_CONTRACT,yes,no,REWRITE_CANONICALLY,ARCHITECTURE_NEW.md §14 — Vacuum and Storage Reclamation,PENDING,Preserve normative semantics; reorganize into the canonical subsystem chapter.
270,Transaction Status Truncation,8746,8771,26,9,ARCHITECTURE_CONTRACT,yes,no,REWRITE_CANONICALLY,ARCHITECTURE_NEW.md §14 — Vacuum and Storage Reclamation,PENDING,Preserve normative semantics; reorganize into the canonical subsystem chapter.
271,Vacuum and B+ Tree Garbage,8772,8796,25,9,ARCHITECTURE_CONTRACT,yes,no,REWRITE_CANONICALLY,ARCHITECTURE_NEW.md §14 — Vacuum and Storage Reclamation,PENDING,Preserve normative semantics; reorganize into the canonical subsystem chapter.
272,Vacuum and FSM,8797,8812,16,9,ARCHITECTURE_CONTRACT,yes,no,REWRITE_CANONICALLY,ARCHITECTURE_NEW.md §14 — Vacuum and Storage Reclamation,PENDING,Preserve normative semantics; reorganize into the canonical subsystem chapter.
273,Vacuum and Statistics,8813,8833,21,9,ARCHITECTURE_CONTRACT,yes,no,REWRITE_CANONICALLY,ARCHITECTURE_NEW.md §14 — Vacuum and Storage Reclamation,PENDING,Preserve normative semantics; reorganize into the canonical subsystem chapter.
274,Manual Vacuum First,8834,8856,23,9,ARCHITECTURE_CONTRACT,yes,no,REWRITE_CANONICALLY,ARCHITECTURE_NEW.md §14 — Vacuum and Storage Reclamation,PENDING,Preserve normative semantics; reorganize into the canonical subsystem chapter.
275,Transaction + Index + Heap INSERT Protocol,8857,8888,32,9,ARCHITECTURE_CONTRACT,yes,no,REWRITE_CANONICALLY,ARCHITECTURE_NEW.md §15 — Transactional Write Protocols,PENDING,Preserve normative semantics; reorganize into the canonical subsystem chapter.
276,Transaction + Index + Heap UPDATE Protocol,8889,8927,39,9,ARCHITECTURE_CONTRACT,yes,no,REWRITE_CANONICALLY,ARCHITECTURE_NEW.md §15 — Transactional Write Protocols,PENDING,Preserve normative semantics; reorganize into the canonical subsystem chapter.
277,Transaction + Heap DELETE Protocol,8928,8955,28,9,ARCHITECTURE_CONTRACT,yes,no,REWRITE_CANONICALLY,ARCHITECTURE_NEW.md §15 — Transactional Write Protocols,PENDING,Preserve normative semantics; reorganize into the canonical subsystem chapter.
278,Transaction COMMIT Protocol,8956,8981,26,9,ARCHITECTURE_CONTRACT,yes,no,REWRITE_CANONICALLY,ARCHITECTURE_NEW.md §15 — Transactional Write Protocols,PENDING,Preserve normative semantics; reorganize into the canonical subsystem chapter.
279,Transaction ABORT Protocol,8982,9004,23,9,ARCHITECTURE_CONTRACT,yes,no,REWRITE_CANONICALLY,ARCHITECTURE_NEW.md §15 — Transactional Write Protocols,PENDING,Preserve normative semantics; reorganize into the canonical subsystem chapter.
280,Statement Retry Boundary,9005,9021,17,9,ARCHITECTURE_CONTRACT,yes,no,REWRITE_CANONICALLY,ARCHITECTURE_NEW.md §15 — Transactional Write Protocols,PENDING,Preserve normative semantics; reorganize into the canonical subsystem chapter.
281,Error Categories,9022,9044,23,9,ARCHITECTURE_CONTRACT,yes,no,REWRITE_CANONICALLY,ARCHITECTURE_NEW.md §39 — Error and Corruption Model,PENDING,Preserve normative semantics; reorganize into the canonical subsystem chapter.
282,Transaction Observability,9045,9094,50,9,ARCHITECTURE_CONTRACT,yes,no,REWRITE_CANONICALLY,ARCHITECTURE_NEW.md §40 — Observability and EXPLAIN,PENDING,Preserve normative semantics; reorganize into the canonical subsystem chapter.
283,Transaction Debug Introspection,9095,9118,24,9,ARCHITECTURE_CONTRACT,yes,no,REWRITE_CANONICALLY,ARCHITECTURE_NEW.md §40 — Observability and EXPLAIN,PENDING,Preserve normative semantics; reorganize into the canonical subsystem chapter.
284,Crash Injection Framework,9119,9143,25,9,VERIFICATION_REQUIREMENT,yes,no,SPLIT_AND_MERGE,ARCHITECTURE_NEW.md §41 — Verification Requirements + VERIFICATION.md (proposed),PENDING,Keep architecture-level verification obligations; move detailed test recipes/checklists to verification documentation.
285,Recovery Property Tests,9144,9162,19,9,VERIFICATION_REQUIREMENT,yes,no,SPLIT_AND_MERGE,ARCHITECTURE_NEW.md §41 — Verification Requirements + VERIFICATION.md (proposed),PENDING,Keep architecture-level verification obligations; move detailed test recipes/checklists to verification documentation.
286,MVCC Visibility Tests,9163,9186,24,9,VERIFICATION_REQUIREMENT,yes,no,SPLIT_AND_MERGE,ARCHITECTURE_NEW.md §41 — Verification Requirements + VERIFICATION.md (proposed),PENDING,Keep architecture-level verification obligations; move detailed test recipes/checklists to verification documentation.
287,Isolation Tests,9187,9205,19,9,VERIFICATION_REQUIREMENT,yes,no,SPLIT_AND_MERGE,ARCHITECTURE_NEW.md §41 — Verification Requirements + VERIFICATION.md (proposed),PENDING,Keep architecture-level verification obligations; move detailed test recipes/checklists to verification documentation.
288,Locking Tests,9206,9228,23,9,VERIFICATION_REQUIREMENT,yes,no,SPLIT_AND_MERGE,ARCHITECTURE_NEW.md §41 — Verification Requirements + VERIFICATION.md (proposed),PENDING,Keep architecture-level verification obligations; move detailed test recipes/checklists to verification documentation.
289,Group Commit Benchmarks,9229,9257,29,9,PERFORMANCE_VERIFICATION,yes,no,SPLIT_AND_MERGE,ARCHITECTURE_NEW.md §42 — Performance Requirements + VERIFICATION.md (proposed),PENDING,Keep required performance properties/metrics; move benchmark procedures/checklists to verification documentation.
290,Checkpoint/Recovery Benchmarks,9258,9282,25,9,PERFORMANCE_VERIFICATION,yes,no,SPLIT_AND_MERGE,ARCHITECTURE_NEW.md §42 — Performance Requirements + VERIFICATION.md (proposed),PENDING,Keep required performance properties/metrics; move benchmark procedures/checklists to verification documentation.
291,Vacuum Benchmarks,9283,9309,27,9,PERFORMANCE_VERIFICATION,yes,no,SPLIT_AND_MERGE,ARCHITECTURE_NEW.md §42 — Performance Requirements + VERIFICATION.md (proposed),PENDING,Keep required performance properties/metrics; move benchmark procedures/checklists to verification documentation.
292,Deliberately Deferred Transaction Features,9310,9339,30,9,DEFERRED_SCOPE,yes,no,CONSOLIDATE,ARCHITECTURE_NEW.md §C — Deferred Features and Future Experiments,PENDING,Preserve explicitly deferred functionality as a scope boundary and consolidate it by subsystem.
293,High-Reward Future Transaction Experiments,9340,9364,25,9,FUTURE_EXPERIMENTS / RATIONALE,yes,no,CONSOLIDATE,ARCHITECTURE_NEW.md §C — Deferred Features and Future Experiments,PENDING,Preserve future experiment ideas without presenting them as current v1 requirements.
294,Transaction/Durability Invariants,9365,9405,41,9,ARCHITECTURAL_INVARIANTS,yes,no,MERGE_AND_DEDUPLICATE,ARCHITECTURE_NEW.md §B — Global Invariants,PENDING,Preserve every invariant; colocate subsystem-specific invariants with their owning chapters where useful.
295,Modules Added by This Architecture,9406,9458,53,9,IMPLEMENTATION_GUIDANCE / SOURCE_LAYOUT,yes,no,MOVE_OUT_OR_SPLIT,DEVELOPMENT.md (proposed); subsystem-boundary constraints stay in architecture,PENDING,Exact filenames/source trees are implementation guidance; preserve only architectural boundaries in the contract.
296,Implementation Order for the Transaction/Durability Core,9459,9539,81,9,PROJECT_ROADMAP / MILESTONE,yes,no,MOVE_OUT_OF_ARCHITECTURE,DEVELOPMENT.md (proposed),PENDING,Implementation sequence and milestone targets are project planning rather than system architecture.
297,Transaction/Durability Milestone 1,9540,9561,22,9,PROJECT_ROADMAP / MILESTONE,yes,no,MOVE_OUT_OF_ARCHITECTURE,DEVELOPMENT.md (proposed),PENDING,Implementation sequence and milestone targets are project planning rather than system architecture.
298,Transaction/Durability Milestone 2,9562,9580,19,9,PROJECT_ROADMAP / MILESTONE,yes,no,MOVE_OUT_OF_ARCHITECTURE,DEVELOPMENT.md (proposed),PENDING,Implementation sequence and milestone targets are project planning rather than system architecture.
299,Transaction/Durability Milestone 3,9581,9600,20,9,PROJECT_ROADMAP / MILESTONE,yes,no,MOVE_OUT_OF_ARCHITECTURE,DEVELOPMENT.md (proposed),PENDING,Implementation sequence and milestone targets are project planning rather than system architecture.
300,Architecture Status After This Section,9601,9653,53,9,PROJECT_STATE + ARCHITECTURE_SUMMARY,yes,no,SPLIT_AND_MOVE,PROJECT_STATE.md + ARCHITECTURE_NEW.md §2 — System Architecture and Dependency Model where a unique end-to-end architecture summary remains useful,PENDING,Remove historical progress/status language; retain only unique architectural summaries/diagrams.
301,"Catalog, SQL Front End, Binder, Expression, and Logical Plan Contract",9654,9695,42,10,SUBSYSTEM_CONTRACT_INTRODUCTION,yes,no,MERGE_INTO_PART_INTRODUCTION,ARCHITECTURE_NEW.md §16 — Catalog and Schema Metadata,PENDING,Use as subsystem framing; do not retain a second independent contract layer.
302,Upper-Layer Dependency Direction,9696,9737,42,10,ARCHITECTURE_CONTRACT,yes,no,REWRITE_CANONICALLY,ARCHITECTURE_NEW.md §16 — Catalog and Schema Metadata,PENDING,Preserve normative semantics; reorganize into the canonical subsystem chapter.
303,Catalog Philosophy,9738,9774,37,10,ARCHITECTURE_CONTRACT,yes,no,REWRITE_CANONICALLY,ARCHITECTURE_NEW.md §16 — Catalog and Schema Metadata,PENDING,Preserve normative semantics; reorganize into the canonical subsystem chapter.
304,Database Namespace Model,9775,9803,29,10,ARCHITECTURE_CONTRACT + RATIONALE,yes,yes,REWRITE_CANONICALLY,ARCHITECTURE_NEW.md §16 — Catalog and Schema Metadata,PENDING,Preserve normative semantics; reorganize into the canonical subsystem chapter.
305,Catalog Object Identifiers,9804,9824,21,10,ARCHITECTURE_CONTRACT,yes,no,REWRITE_CANONICALLY,ARCHITECTURE_NEW.md §16 — Catalog and Schema Metadata,PENDING,Preserve normative semantics; reorganize into the canonical subsystem chapter.
306,Catalog System Tables,9825,9920,96,10,ARCHITECTURE_CONTRACT,yes,no,REWRITE_CANONICALLY,ARCHITECTURE_NEW.md §16 — Catalog and Schema Metadata,PENDING,Preserve normative semantics; reorganize into the canonical subsystem chapter.
307,Catalog Bootstrap,9921,9945,25,10,ARCHITECTURE_CONTRACT,yes,no,REWRITE_CANONICALLY,ARCHITECTURE_NEW.md §16 — Catalog and Schema Metadata,PENDING,Preserve normative semantics; reorganize into the canonical subsystem chapter.
308,Catalog Cache,9946,9965,20,10,ARCHITECTURE_CONTRACT,yes,no,REWRITE_CANONICALLY,ARCHITECTURE_NEW.md §16 — Catalog and Schema Metadata,PENDING,Preserve normative semantics; reorganize into the canonical subsystem chapter.
309,Catalog Descriptor Lifetime,9966,9986,21,10,ARCHITECTURE_CONTRACT,yes,no,REWRITE_CANONICALLY,ARCHITECTURE_NEW.md §16 — Catalog and Schema Metadata,PENDING,Preserve normative semantics; reorganize into the canonical subsystem chapter.
310,Schema Versioning,9987,10010,24,10,ARCHITECTURE_CONTRACT,yes,no,REWRITE_CANONICALLY,ARCHITECTURE_NEW.md §16 — Catalog and Schema Metadata,PENDING,Preserve normative semantics; reorganize into the canonical subsystem chapter.
311,Column Identity vs Position,10011,10043,33,10,ARCHITECTURE_CONTRACT,yes,no,REWRITE_CANONICALLY,ARCHITECTURE_NEW.md §16 — Catalog and Schema Metadata,PENDING,Preserve normative semantics; reorganize into the canonical subsystem chapter.
312,SQL Type System,10044,10072,29,10,ARCHITECTURE_CONTRACT,yes,no,REWRITE_CANONICALLY,ARCHITECTURE_NEW.md §17 — SQL Type and Value System,PENDING,Preserve normative semantics; reorganize into the canonical subsystem chapter.
313,LogicalType Representation,10073,10104,32,10,ARCHITECTURE_CONTRACT,yes,no,REWRITE_CANONICALLY,ARCHITECTURE_NEW.md §17 — SQL Type and Value System,PENDING,Preserve normative semantics; reorganize into the canonical subsystem chapter.
314,NULL Is Not an Ordinary Runtime Type,10105,10131,27,10,ARCHITECTURE_CONTRACT,yes,no,REWRITE_CANONICALLY,ARCHITECTURE_NEW.md §17 — SQL Type and Value System,PENDING,Preserve normative semantics; reorganize into the canonical subsystem chapter.
315,Type Promotion,10132,10158,27,10,ARCHITECTURE_CONTRACT,yes,no,REWRITE_CANONICALLY,ARCHITECTURE_NEW.md §17 — SQL Type and Value System,PENDING,Preserve normative semantics; reorganize into the canonical subsystem chapter.
316,String Coercion Policy,10159,10178,20,10,ARCHITECTURE_CONTRACT,yes,no,REWRITE_CANONICALLY,ARCHITECTURE_NEW.md §17 — SQL Type and Value System,PENDING,Preserve normative semantics; reorganize into the canonical subsystem chapter.
317,Boolean Context,10179,10194,16,10,ARCHITECTURE_CONTRACT,yes,no,REWRITE_CANONICALLY,ARCHITECTURE_NEW.md §17 — SQL Type and Value System,PENDING,Preserve normative semantics; reorganize into the canonical subsystem chapter.
318,SQL Three-Valued Logic,10195,10224,30,10,ARCHITECTURE_CONTRACT,yes,no,REWRITE_CANONICALLY,ARCHITECTURE_NEW.md §17 — SQL Type and Value System,PENDING,Preserve normative semantics; reorganize into the canonical subsystem chapter.
319,Comparison and NULL,10225,10266,42,10,ARCHITECTURE_CONTRACT,yes,no,REWRITE_CANONICALLY,ARCHITECTURE_NEW.md §17 — SQL Type and Value System,PENDING,Preserve normative semantics; reorganize into the canonical subsystem chapter.
320,Initial Cast Model,10267,10298,32,10,ARCHITECTURE_CONTRACT,yes,no,REWRITE_CANONICALLY,ARCHITECTURE_NEW.md §17 — SQL Type and Value System,PENDING,Preserve normative semantics; reorganize into the canonical subsystem chapter.
321,Type Resolution API,10299,10325,27,10,ARCHITECTURE_CONTRACT,yes,no,REWRITE_CANONICALLY,ARCHITECTURE_NEW.md §17 — SQL Type and Value System,PENDING,Preserve normative semantics; reorganize into the canonical subsystem chapter.
322,SQL Value Representation,10326,10354,29,10,ARCHITECTURE_CONTRACT,yes,no,REWRITE_CANONICALLY,ARCHITECTURE_NEW.md §17 — SQL Type and Value System,PENDING,Preserve normative semantics; reorganize into the canonical subsystem chapter.
323,Lexer,10355,10373,19,10,ARCHITECTURE_CONTRACT,yes,no,REWRITE_CANONICALLY,"ARCHITECTURE_NEW.md §18 — Lexer, Parser, and AST",PENDING,Preserve normative semantics; reorganize into the canonical subsystem chapter.
324,Lexer Token Classes,10374,10400,27,10,ARCHITECTURE_CONTRACT,yes,no,REWRITE_CANONICALLY,"ARCHITECTURE_NEW.md §18 — Lexer, Parser, and AST",PENDING,Preserve normative semantics; reorganize into the canonical subsystem chapter.
325,Identifier Case Rules,10401,10438,38,10,ARCHITECTURE_CONTRACT,yes,no,REWRITE_CANONICALLY,"ARCHITECTURE_NEW.md §18 — Lexer, Parser, and AST",PENDING,Preserve normative semantics; reorganize into the canonical subsystem chapter.
326,SQL String Literals,10439,10460,22,10,ARCHITECTURE_CONTRACT,yes,no,REWRITE_CANONICALLY,"ARCHITECTURE_NEW.md §18 — Lexer, Parser, and AST",PENDING,Preserve normative semantics; reorganize into the canonical subsystem chapter.
327,Numeric Literal Lexing,10461,10486,26,10,ARCHITECTURE_CONTRACT,yes,no,REWRITE_CANONICALLY,"ARCHITECTURE_NEW.md §18 — Lexer, Parser, and AST",PENDING,Preserve normative semantics; reorganize into the canonical subsystem chapter.
328,Comments,10487,10508,22,10,ARCHITECTURE_CONTRACT,yes,no,REWRITE_CANONICALLY,"ARCHITECTURE_NEW.md §18 — Lexer, Parser, and AST",PENDING,Preserve normative semantics; reorganize into the canonical subsystem chapter.
329,Source Locations,10509,10527,19,10,ARCHITECTURE_CONTRACT,yes,no,REWRITE_CANONICALLY,"ARCHITECTURE_NEW.md §18 — Lexer, Parser, and AST",PENDING,Preserve normative semantics; reorganize into the canonical subsystem chapter.
330,Parser Architecture,10528,10559,32,10,ARCHITECTURE_CONTRACT,yes,no,REWRITE_CANONICALLY,"ARCHITECTURE_NEW.md §18 — Lexer, Parser, and AST",PENDING,Preserve normative semantics; reorganize into the canonical subsystem chapter.
331,Initial SQL Statement Set,10560,10593,34,10,ARCHITECTURE_CONTRACT,yes,no,REWRITE_CANONICALLY,"ARCHITECTURE_NEW.md §18 — Lexer, Parser, and AST",PENDING,Preserve normative semantics; reorganize into the canonical subsystem chapter.
332,Initial SELECT Grammar Surface,10594,10633,40,10,ARCHITECTURE_CONTRACT,yes,no,REWRITE_CANONICALLY,"ARCHITECTURE_NEW.md §18 — Lexer, Parser, and AST",PENDING,Preserve normative semantics; reorganize into the canonical subsystem chapter.
333,Subqueries,10634,10654,21,10,ARCHITECTURE_CONTRACT,yes,no,REWRITE_CANONICALLY,"ARCHITECTURE_NEW.md §18 — Lexer, Parser, and AST",PENDING,Preserve normative semantics; reorganize into the canonical subsystem chapter.
334,AST Philosophy,10655,10686,32,10,ARCHITECTURE_CONTRACT,yes,no,REWRITE_CANONICALLY,"ARCHITECTURE_NEW.md §18 — Lexer, Parser, and AST",PENDING,Preserve normative semantics; reorganize into the canonical subsystem chapter.
335,AST Ownership,10687,10703,17,10,ARCHITECTURE_CONTRACT,yes,no,REWRITE_CANONICALLY,"ARCHITECTURE_NEW.md §18 — Lexer, Parser, and AST",PENDING,Preserve normative semantics; reorganize into the canonical subsystem chapter.
336,Expression Precedence,10704,10732,29,10,ARCHITECTURE_CONTRACT,yes,no,REWRITE_CANONICALLY,"ARCHITECTURE_NEW.md §18 — Lexer, Parser, and AST",PENDING,Preserve normative semantics; reorganize into the canonical subsystem chapter.
337,Binder Responsibilities,10733,10768,36,10,ARCHITECTURE_CONTRACT,yes,no,REWRITE_CANONICALLY,ARCHITECTURE_NEW.md §19 — Binding and Expression Semantics,PENDING,Preserve normative semantics; reorganize into the canonical subsystem chapter.
338,Binding Context / Scope,10769,10809,41,10,ARCHITECTURE_CONTRACT,yes,no,REWRITE_CANONICALLY,ARCHITECTURE_NEW.md §19 — Binding and Expression Semantics,PENDING,Preserve normative semantics; reorganize into the canonical subsystem chapter.
339,Bound Column Reference,10810,10834,25,10,ARCHITECTURE_CONTRACT,yes,no,REWRITE_CANONICALLY,ARCHITECTURE_NEW.md §19 — Binding and Expression Semantics,PENDING,Preserve normative semantics; reorganize into the canonical subsystem chapter.
340,Unqualified Column Resolution,10835,10860,26,10,ARCHITECTURE_CONTRACT,yes,no,REWRITE_CANONICALLY,ARCHITECTURE_NEW.md §19 — Binding and Expression Semantics,PENDING,Preserve normative semantics; reorganize into the canonical subsystem chapter.
341,Qualified Column Resolution,10861,10881,21,10,ARCHITECTURE_CONTRACT,yes,no,REWRITE_CANONICALLY,ARCHITECTURE_NEW.md §19 — Binding and Expression Semantics,PENDING,Preserve normative semantics; reorganize into the canonical subsystem chapter.
342,SELECT * Expansion,10882,10907,26,10,ARCHITECTURE_CONTRACT,yes,no,REWRITE_CANONICALLY,ARCHITECTURE_NEW.md §19 — Binding and Expression Semantics,PENDING,Preserve normative semantics; reorganize into the canonical subsystem chapter.
343,Output Names,10908,10930,23,10,ARCHITECTURE_CONTRACT,yes,no,REWRITE_CANONICALLY,ARCHITECTURE_NEW.md §19 — Binding and Expression Semantics,PENDING,Preserve normative semantics; reorganize into the canonical subsystem chapter.
344,Expression IR,10931,10965,35,10,ARCHITECTURE_CONTRACT,yes,no,REWRITE_CANONICALLY,ARCHITECTURE_NEW.md §19 — Binding and Expression Semantics,PENDING,Preserve normative semantics; reorganize into the canonical subsystem chapter.
345,Expression Immutability,10966,10984,19,10,ARCHITECTURE_CONTRACT,yes,no,REWRITE_CANONICALLY,ARCHITECTURE_NEW.md §19 — Binding and Expression Semantics,PENDING,Preserve normative semantics; reorganize into the canonical subsystem chapter.
346,Expression Ownership,10985,10996,12,10,ARCHITECTURE_CONTRACT,yes,no,REWRITE_CANONICALLY,ARCHITECTURE_NEW.md §19 — Binding and Expression Semantics,PENDING,Preserve normative semantics; reorganize into the canonical subsystem chapter.
347,Operator Registry,10997,11019,23,10,ARCHITECTURE_CONTRACT,yes,no,REWRITE_CANONICALLY,ARCHITECTURE_NEW.md §19 — Binding and Expression Semantics,PENDING,Preserve normative semantics; reorganize into the canonical subsystem chapter.
348,Function Registry,11020,11045,26,10,ARCHITECTURE_CONTRACT,yes,no,REWRITE_CANONICALLY,ARCHITECTURE_NEW.md §19 — Binding and Expression Semantics,PENDING,Preserve normative semantics; reorganize into the canonical subsystem chapter.
349,Function Volatility,11046,11071,26,10,ARCHITECTURE_CONTRACT,yes,no,REWRITE_CANONICALLY,ARCHITECTURE_NEW.md §19 — Binding and Expression Semantics,PENDING,Preserve normative semantics; reorganize into the canonical subsystem chapter.
350,Aggregate Expressions,11072,11101,30,10,ARCHITECTURE_CONTRACT,yes,no,REWRITE_CANONICALLY,ARCHITECTURE_NEW.md §19 — Binding and Expression Semantics,PENDING,Preserve normative semantics; reorganize into the canonical subsystem chapter.
351,Aggregate Query Semantics,11102,11127,26,10,ARCHITECTURE_CONTRACT,yes,no,REWRITE_CANONICALLY,ARCHITECTURE_NEW.md §19 — Binding and Expression Semantics,PENDING,Preserve normative semantics; reorganize into the canonical subsystem chapter.
352,HAVING,11128,11155,28,10,ARCHITECTURE_CONTRACT,yes,no,REWRITE_CANONICALLY,ARCHITECTURE_NEW.md §19 — Binding and Expression Semantics,PENDING,Preserve normative semantics; reorganize into the canonical subsystem chapter.
353,ORDER BY Resolution,11156,11186,31,10,ARCHITECTURE_CONTRACT,yes,no,REWRITE_CANONICALLY,ARCHITECTURE_NEW.md §19 — Binding and Expression Semantics,PENDING,Preserve normative semantics; reorganize into the canonical subsystem chapter.
354,LIMIT / OFFSET,11187,11211,25,10,ARCHITECTURE_CONTRACT,yes,no,REWRITE_CANONICALLY,ARCHITECTURE_NEW.md §19 — Binding and Expression Semantics,PENDING,Preserve normative semantics; reorganize into the canonical subsystem chapter.
355,DISTINCT,11212,11229,18,10,ARCHITECTURE_CONTRACT + RATIONALE,yes,yes,REWRITE_CANONICALLY,ARCHITECTURE_NEW.md §19 — Binding and Expression Semantics,PENDING,Preserve normative semantics; reorganize into the canonical subsystem chapter.
356,CASE,11230,11253,24,10,ARCHITECTURE_CONTRACT,yes,no,REWRITE_CANONICALLY,ARCHITECTURE_NEW.md §19 — Binding and Expression Semantics,PENDING,Preserve normative semantics; reorganize into the canonical subsystem chapter.
357,IN List,11254,11279,26,10,ARCHITECTURE_CONTRACT,yes,no,REWRITE_CANONICALLY,ARCHITECTURE_NEW.md §19 — Binding and Expression Semantics,PENDING,Preserve normative semantics; reorganize into the canonical subsystem chapter.
358,Parameters,11280,11298,19,10,ARCHITECTURE_CONTRACT,no,no,REWRITE_CANONICALLY,ARCHITECTURE_NEW.md §19 — Binding and Expression Semantics,PENDING,Preserve normative semantics; reorganize into the canonical subsystem chapter.
359,Logical Plan Node Contract,11299,11326,28,11,ARCHITECTURE_CONTRACT,yes,no,REWRITE_CANONICALLY,"ARCHITECTURE_NEW.md §20 — Logical Plans, Properties, and Rewrites",PENDING,Preserve normative semantics; reorganize into the canonical subsystem chapter.
360,Logical Plan Slot Identity,11327,11356,30,11,ARCHITECTURE_CONTRACT,yes,no,REWRITE_CANONICALLY,"ARCHITECTURE_NEW.md §20 — Logical Plans, Properties, and Rewrites",PENDING,Preserve normative semantics; reorganize into the canonical subsystem chapter.
361,Initial Logical Operators,11357,11386,30,11,ARCHITECTURE_CONTRACT,yes,no,REWRITE_CANONICALLY,"ARCHITECTURE_NEW.md §20 — Logical Plans, Properties, and Rewrites",PENDING,Preserve normative semantics; reorganize into the canonical subsystem chapter.
362,LogicalGet,11387,11422,36,11,ARCHITECTURE_CONTRACT,yes,no,REWRITE_CANONICALLY,"ARCHITECTURE_NEW.md §20 — Logical Plans, Properties, and Rewrites",PENDING,Preserve normative semantics; reorganize into the canonical subsystem chapter.
363,LogicalValues,11423,11450,28,11,ARCHITECTURE_CONTRACT,yes,no,REWRITE_CANONICALLY,"ARCHITECTURE_NEW.md §20 — Logical Plans, Properties, and Rewrites",PENDING,Preserve normative semantics; reorganize into the canonical subsystem chapter.
364,LogicalFilter,11451,11474,24,11,ARCHITECTURE_CONTRACT,yes,no,REWRITE_CANONICALLY,"ARCHITECTURE_NEW.md §20 — Logical Plans, Properties, and Rewrites",PENDING,Preserve normative semantics; reorganize into the canonical subsystem chapter.
365,LogicalProject,11475,11497,23,11,ARCHITECTURE_CONTRACT,yes,no,REWRITE_CANONICALLY,"ARCHITECTURE_NEW.md §20 — Logical Plans, Properties, and Rewrites",PENDING,Preserve normative semantics; reorganize into the canonical subsystem chapter.
366,LogicalJoin,11498,11532,35,11,ARCHITECTURE_CONTRACT,yes,no,REWRITE_CANONICALLY,"ARCHITECTURE_NEW.md §20 — Logical Plans, Properties, and Rewrites",PENDING,Preserve normative semantics; reorganize into the canonical subsystem chapter.
367,Join Predicate Decomposition,11533,11559,27,11,ARCHITECTURE_CONTRACT,yes,no,REWRITE_CANONICALLY,"ARCHITECTURE_NEW.md §20 — Logical Plans, Properties, and Rewrites",PENDING,Preserve normative semantics; reorganize into the canonical subsystem chapter.
368,Outer Join Semantics,11560,11585,26,11,ARCHITECTURE_CONTRACT,yes,no,REWRITE_CANONICALLY,"ARCHITECTURE_NEW.md §20 — Logical Plans, Properties, and Rewrites",PENDING,Preserve normative semantics; reorganize into the canonical subsystem chapter.
369,LogicalAggregate,11586,11608,23,11,ARCHITECTURE_CONTRACT,yes,no,REWRITE_CANONICALLY,"ARCHITECTURE_NEW.md §20 — Logical Plans, Properties, and Rewrites",PENDING,Preserve normative semantics; reorganize into the canonical subsystem chapter.
370,LogicalSort,11609,11633,25,11,ARCHITECTURE_CONTRACT,yes,no,REWRITE_CANONICALLY,"ARCHITECTURE_NEW.md §20 — Logical Plans, Properties, and Rewrites",PENDING,Preserve normative semantics; reorganize into the canonical subsystem chapter.
371,LogicalLimit,11634,11650,17,11,ARCHITECTURE_CONTRACT,yes,no,REWRITE_CANONICALLY,"ARCHITECTURE_NEW.md §20 — Logical Plans, Properties, and Rewrites",PENDING,Preserve normative semantics; reorganize into the canonical subsystem chapter.
372,LogicalInsert,11651,11675,25,11,ARCHITECTURE_CONTRACT,yes,no,REWRITE_CANONICALLY,"ARCHITECTURE_NEW.md §20 — Logical Plans, Properties, and Rewrites",PENDING,Preserve normative semantics; reorganize into the canonical subsystem chapter.
373,LogicalUpdate,11676,11701,26,11,ARCHITECTURE_CONTRACT,yes,no,REWRITE_CANONICALLY,"ARCHITECTURE_NEW.md §20 — Logical Plans, Properties, and Rewrites",PENDING,Preserve normative semantics; reorganize into the canonical subsystem chapter.
374,LogicalDelete,11702,11719,18,11,ARCHITECTURE_CONTRACT,yes,no,REWRITE_CANONICALLY,"ARCHITECTURE_NEW.md §20 — Logical Plans, Properties, and Rewrites",PENDING,Preserve normative semantics; reorganize into the canonical subsystem chapter.
375,Hidden System Slots,11720,11741,22,11,ARCHITECTURE_CONTRACT,yes,no,REWRITE_CANONICALLY,"ARCHITECTURE_NEW.md §20 — Logical Plans, Properties, and Rewrites",PENDING,Preserve normative semantics; reorganize into the canonical subsystem chapter.
376,CREATE TABLE Binding,11742,11769,28,11,ARCHITECTURE_CONTRACT,yes,no,REWRITE_CANONICALLY,ARCHITECTURE_NEW.md §21 — DDL/DML Semantic Planning and SQL v1 Scope,PENDING,Preserve normative semantics; reorganize into the canonical subsystem chapter.
377,PRIMARY KEY Semantics,11770,11789,20,11,ARCHITECTURE_CONTRACT,yes,no,REWRITE_CANONICALLY,ARCHITECTURE_NEW.md §21 — DDL/DML Semantic Planning and SQL v1 Scope,PENDING,Preserve normative semantics; reorganize into the canonical subsystem chapter.
378,CREATE INDEX Binding,11790,11812,23,11,ARCHITECTURE_CONTRACT,yes,no,REWRITE_CANONICALLY,ARCHITECTURE_NEW.md §21 — DDL/DML Semantic Planning and SQL v1 Scope,PENDING,Preserve normative semantics; reorganize into the canonical subsystem chapter.
379,CREATE INDEX Execution Semantics,11813,11837,25,11,ARCHITECTURE_CONTRACT,yes,no,REWRITE_CANONICALLY,ARCHITECTURE_NEW.md §21 — DDL/DML Semantic Planning and SQL v1 Scope,PENDING,Preserve normative semantics; reorganize into the canonical subsystem chapter.
380,DROP Semantics,11838,11851,14,11,ARCHITECTURE_CONTRACT,yes,no,REWRITE_CANONICALLY,ARCHITECTURE_NEW.md §21 — DDL/DML Semantic Planning and SQL v1 Scope,PENDING,Preserve normative semantics; reorganize into the canonical subsystem chapter.
381,DDL Concurrency,11852,11873,22,11,ARCHITECTURE_CONTRACT + RATIONALE,yes,yes,REWRITE_CANONICALLY,ARCHITECTURE_NEW.md §21 — DDL/DML Semantic Planning and SQL v1 Scope,PENDING,Preserve normative semantics; reorganize into the canonical subsystem chapter.
382,Catalog Transaction Visibility,11874,11890,17,11,ARCHITECTURE_CONTRACT,yes,no,REWRITE_CANONICALLY,ARCHITECTURE_NEW.md §21 — DDL/DML Semantic Planning and SQL v1 Scope,PENDING,Preserve normative semantics; reorganize into the canonical subsystem chapter.
383,Statement Binding Snapshot,11891,11910,20,11,ARCHITECTURE_CONTRACT,yes,no,REWRITE_CANONICALLY,ARCHITECTURE_NEW.md §21 — DDL/DML Semantic Planning and SQL v1 Scope,PENDING,Preserve normative semantics; reorganize into the canonical subsystem chapter.
384,INSERT Binding,11911,11935,25,11,ARCHITECTURE_CONTRACT,yes,no,REWRITE_CANONICALLY,ARCHITECTURE_NEW.md §21 — DDL/DML Semantic Planning and SQL v1 Scope,PENDING,Preserve normative semantics; reorganize into the canonical subsystem chapter.
385,Default Expressions,11936,11956,21,11,ARCHITECTURE_CONTRACT,yes,no,REWRITE_CANONICALLY,ARCHITECTURE_NEW.md §21 — DDL/DML Semantic Planning and SQL v1 Scope,PENDING,Preserve normative semantics; reorganize into the canonical subsystem chapter.
386,UPDATE Binding,11957,11982,26,11,ARCHITECTURE_CONTRACT,yes,no,REWRITE_CANONICALLY,ARCHITECTURE_NEW.md §21 — DDL/DML Semantic Planning and SQL v1 Scope,PENDING,Preserve normative semantics; reorganize into the canonical subsystem chapter.
387,DELETE Binding,11983,12004,22,11,ARCHITECTURE_CONTRACT,yes,no,REWRITE_CANONICALLY,ARCHITECTURE_NEW.md §21 — DDL/DML Semantic Planning and SQL v1 Scope,PENDING,Preserve normative semantics; reorganize into the canonical subsystem chapter.
388,RETURNING,12005,12029,25,11,ARCHITECTURE_CONTRACT,yes,no,REWRITE_CANONICALLY,ARCHITECTURE_NEW.md §21 — DDL/DML Semantic Planning and SQL v1 Scope,PENDING,Preserve normative semantics; reorganize into the canonical subsystem chapter.
389,Constant Folding,12030,12055,26,11,ARCHITECTURE_CONTRACT,yes,no,REWRITE_CANONICALLY,"ARCHITECTURE_NEW.md §20 — Logical Plans, Properties, and Rewrites",PENDING,Preserve normative semantics; reorganize into the canonical subsystem chapter.
390,Boolean Simplification,12056,12075,20,11,ARCHITECTURE_CONTRACT,yes,no,REWRITE_CANONICALLY,"ARCHITECTURE_NEW.md §20 — Logical Plans, Properties, and Rewrites",PENDING,Preserve normative semantics; reorganize into the canonical subsystem chapter.
391,Predicate Pushdown,12076,12097,22,11,ARCHITECTURE_CONTRACT,yes,no,REWRITE_CANONICALLY,"ARCHITECTURE_NEW.md §20 — Logical Plans, Properties, and Rewrites",PENDING,Preserve normative semantics; reorganize into the canonical subsystem chapter.
392,Projection Pruning,12098,12120,23,11,ARCHITECTURE_CONTRACT,yes,no,REWRITE_CANONICALLY,"ARCHITECTURE_NEW.md §20 — Logical Plans, Properties, and Rewrites",PENDING,Preserve normative semantics; reorganize into the canonical subsystem chapter.
393,Expression Canonicalization,12121,12140,20,11,ARCHITECTURE_CONTRACT,yes,no,REWRITE_CANONICALLY,"ARCHITECTURE_NEW.md §20 — Logical Plans, Properties, and Rewrites",PENDING,Preserve normative semantics; reorganize into the canonical subsystem chapter.
394,Logical Join Graph,12141,12158,18,11,ARCHITECTURE_CONTRACT,yes,no,REWRITE_CANONICALLY,"ARCHITECTURE_NEW.md §20 — Logical Plans, Properties, and Rewrites",PENDING,Preserve normative semantics; reorganize into the canonical subsystem chapter.
395,Logical Plan Construction for SELECT,12159,12190,32,11,ARCHITECTURE_CONTRACT + RATIONALE,yes,yes,REWRITE_CANONICALLY,"ARCHITECTURE_NEW.md §20 — Logical Plans, Properties, and Rewrites",PENDING,Preserve normative semantics; reorganize into the canonical subsystem chapter.
396,SELECT Without FROM,12191,12212,22,11,ARCHITECTURE_CONTRACT,yes,no,REWRITE_CANONICALLY,"ARCHITECTURE_NEW.md §20 — Logical Plans, Properties, and Rewrites",PENDING,Preserve normative semantics; reorganize into the canonical subsystem chapter.
397,INNER JOIN Binding,12213,12234,22,11,ARCHITECTURE_CONTRACT,yes,no,REWRITE_CANONICALLY,"ARCHITECTURE_NEW.md §20 — Logical Plans, Properties, and Rewrites",PENDING,Preserve normative semantics; reorganize into the canonical subsystem chapter.
398,LEFT JOIN Binding,12235,12260,26,11,ARCHITECTURE_CONTRACT,yes,no,REWRITE_CANONICALLY,"ARCHITECTURE_NEW.md §20 — Logical Plans, Properties, and Rewrites",PENDING,Preserve normative semantics; reorganize into the canonical subsystem chapter.
399,CROSS JOIN,12261,12276,16,11,ARCHITECTURE_CONTRACT,yes,no,REWRITE_CANONICALLY,"ARCHITECTURE_NEW.md §20 — Logical Plans, Properties, and Rewrites",PENDING,Preserve normative semantics; reorganize into the canonical subsystem chapter.
400,NATURAL / USING JOIN,12277,12293,17,11,ARCHITECTURE_CONTRACT,no,no,REWRITE_CANONICALLY,"ARCHITECTURE_NEW.md §20 — Logical Plans, Properties, and Rewrites",PENDING,Preserve normative semantics; reorganize into the canonical subsystem chapter.
401,Subquery Binding,12294,12323,30,11,ARCHITECTURE_CONTRACT,yes,no,REWRITE_CANONICALLY,"ARCHITECTURE_NEW.md §20 — Logical Plans, Properties, and Rewrites",PENDING,Preserve normative semantics; reorganize into the canonical subsystem chapter.
402,Scalar Subquery Semantics,12324,12345,22,11,ARCHITECTURE_CONTRACT,yes,no,REWRITE_CANONICALLY,"ARCHITECTURE_NEW.md §20 — Logical Plans, Properties, and Rewrites",PENDING,Preserve normative semantics; reorganize into the canonical subsystem chapter.
403,EXISTS,12346,12362,17,11,ARCHITECTURE_CONTRACT,yes,no,REWRITE_CANONICALLY,"ARCHITECTURE_NEW.md §20 — Logical Plans, Properties, and Rewrites",PENDING,Preserve normative semantics; reorganize into the canonical subsystem chapter.
404,IN Subquery,12363,12388,26,11,ARCHITECTURE_CONTRACT,yes,no,REWRITE_CANONICALLY,"ARCHITECTURE_NEW.md §20 — Logical Plans, Properties, and Rewrites",PENDING,Preserve normative semantics; reorganize into the canonical subsystem chapter.
405,Common Table Expressions,12389,12400,12,11,ARCHITECTURE_CONTRACT,no,no,REWRITE_CANONICALLY,"ARCHITECTURE_NEW.md §20 — Logical Plans, Properties, and Rewrites",PENDING,Preserve normative semantics; reorganize into the canonical subsystem chapter.
406,Expression Evaluation Contract,12401,12419,19,11,ARCHITECTURE_CONTRACT,yes,no,REWRITE_CANONICALLY,"ARCHITECTURE_NEW.md §20 — Logical Plans, Properties, and Rewrites",PENDING,Preserve normative semantics; reorganize into the canonical subsystem chapter.
407,Expression Nullability Metadata,12420,12443,24,11,ARCHITECTURE_CONTRACT,yes,no,REWRITE_CANONICALLY,"ARCHITECTURE_NEW.md §20 — Logical Plans, Properties, and Rewrites",PENDING,Preserve normative semantics; reorganize into the canonical subsystem chapter.
408,Expression Lineage,12444,12465,22,11,ARCHITECTURE_CONTRACT,yes,no,REWRITE_CANONICALLY,"ARCHITECTURE_NEW.md §20 — Logical Plans, Properties, and Rewrites",PENDING,Preserve normative semantics; reorganize into the canonical subsystem chapter.
409,Logical Properties,12466,12486,21,11,ARCHITECTURE_CONTRACT,yes,no,REWRITE_CANONICALLY,"ARCHITECTURE_NEW.md §20 — Logical Plans, Properties, and Rewrites",PENDING,Preserve normative semantics; reorganize into the canonical subsystem chapter.
410,Constraint-Derived Logical Properties,12487,12511,25,11,ARCHITECTURE_CONTRACT,yes,no,REWRITE_CANONICALLY,"ARCHITECTURE_NEW.md §20 — Logical Plans, Properties, and Rewrites",PENDING,Preserve normative semantics; reorganize into the canonical subsystem chapter.
411,Logical Plan Validation,12512,12532,21,11,ARCHITECTURE_CONTRACT,yes,no,REWRITE_CANONICALLY,"ARCHITECTURE_NEW.md §20 — Logical Plans, Properties, and Rewrites",PENDING,Preserve normative semantics; reorganize into the canonical subsystem chapter.
412,EXPLAIN Logical Output,12533,12563,31,11,ARCHITECTURE_CONTRACT,yes,no,REWRITE_CANONICALLY,ARCHITECTURE_NEW.md §40 — Observability and EXPLAIN,PENDING,Preserve normative semantics; reorganize into the canonical subsystem chapter.
413,Error Model,12564,12590,27,11,ARCHITECTURE_CONTRACT,yes,no,REWRITE_CANONICALLY,ARCHITECTURE_NEW.md §39 — Error and Corruption Model,PENDING,Preserve normative semantics; reorganize into the canonical subsystem chapter.
414,Parser Error Recovery,12591,12609,19,11,ARCHITECTURE_CONTRACT,yes,no,REWRITE_CANONICALLY,"ARCHITECTURE_NEW.md §18 — Lexer, Parser, and AST",PENDING,Preserve normative semantics; reorganize into the canonical subsystem chapter.
415,SQL Grammar Testing,12610,12643,34,11,VERIFICATION_REQUIREMENT,yes,no,SPLIT_AND_MERGE,ARCHITECTURE_NEW.md §41 — Verification Requirements + VERIFICATION.md (proposed),PENDING,Keep architecture-level verification obligations; move detailed test recipes/checklists to verification documentation.
416,Binder Tests,12644,12677,34,11,VERIFICATION_REQUIREMENT,yes,no,SPLIT_AND_MERGE,ARCHITECTURE_NEW.md §41 — Verification Requirements + VERIFICATION.md (proposed),PENDING,Keep architecture-level verification obligations; move detailed test recipes/checklists to verification documentation.
417,Type-System Property Tests,12678,12702,25,11,VERIFICATION_REQUIREMENT,yes,no,SPLIT_AND_MERGE,ARCHITECTURE_NEW.md §41 — Verification Requirements + VERIFICATION.md (proposed),PENDING,Keep architecture-level verification obligations; move detailed test recipes/checklists to verification documentation.
418,Catalog Tests,12703,12724,22,11,VERIFICATION_REQUIREMENT,yes,no,SPLIT_AND_MERGE,ARCHITECTURE_NEW.md §41 — Verification Requirements + VERIFICATION.md (proposed),PENDING,Keep architecture-level verification obligations; move detailed test recipes/checklists to verification documentation.
419,Logical Planner Tests,12725,12766,42,11,VERIFICATION_REQUIREMENT,yes,no,SPLIT_AND_MERGE,ARCHITECTURE_NEW.md §41 — Verification Requirements + VERIFICATION.md (proposed),PENDING,Keep architecture-level verification obligations; move detailed test recipes/checklists to verification documentation.
420,Logical Rewrite Tests,12767,12796,30,11,VERIFICATION_REQUIREMENT,yes,no,SPLIT_AND_MERGE,ARCHITECTURE_NEW.md §41 — Verification Requirements + VERIFICATION.md (proposed),PENDING,Keep architecture-level verification obligations; move detailed test recipes/checklists to verification documentation.
421,Catalog / Front-End Benchmarks,12797,12818,22,11,PERFORMANCE_VERIFICATION,yes,no,SPLIT_AND_MERGE,ARCHITECTURE_NEW.md §42 — Performance Requirements + VERIFICATION.md (proposed),PENDING,Keep required performance properties/metrics; move benchmark procedures/checklists to verification documentation.
422,Parser/AST Memory Benchmark,12819,12837,19,11,PERFORMANCE_VERIFICATION,yes,no,SPLIT_AND_MERGE,ARCHITECTURE_NEW.md §42 — Performance Requirements + VERIFICATION.md (proposed),PENDING,Keep required performance properties/metrics; move benchmark procedures/checklists to verification documentation.
423,Front-End Fuzzing,12838,12861,24,11,VERIFICATION_REQUIREMENT,yes,no,SPLIT_AND_MERGE,ARCHITECTURE_NEW.md §41 — Verification Requirements + VERIFICATION.md (proposed),PENDING,Keep architecture-level verification obligations; move detailed test recipes/checklists to verification documentation.
424,Supported SQL v1 Target,12862,12913,52,11,ARCHITECTURE_CONTRACT,yes,no,REWRITE_CANONICALLY,ARCHITECTURE_NEW.md §21 — DDL/DML Semantic Planning and SQL v1 Scope,PENDING,Preserve normative semantics; reorganize into the canonical subsystem chapter.
425,Deliberately Deferred SQL Features,12914,12954,41,11,DEFERRED_SCOPE,yes,no,CONSOLIDATE,ARCHITECTURE_NEW.md §C — Deferred Features and Future Experiments,PENDING,Preserve explicitly deferred functionality as a scope boundary and consolidate it by subsystem.
426,High-Reward Future Front-End Features,12955,12978,24,11,FUTURE_EXPERIMENTS / RATIONALE,yes,no,CONSOLIDATE,ARCHITECTURE_NEW.md §C — Deferred Features and Future Experiments,PENDING,Preserve future experiment ideas without presenting them as current v1 requirements.
427,Front-End / Logical-Layer Invariants,12979,13012,34,11,ARCHITECTURAL_INVARIANTS,yes,no,MERGE_AND_DEDUPLICATE,ARCHITECTURE_NEW.md §B — Global Invariants,PENDING,Preserve every invariant; colocate subsystem-specific invariants with their owning chapters where useful.
428,Recommended Module Layout for the Upper Layer,13013,13088,76,11,IMPLEMENTATION_GUIDANCE / SOURCE_LAYOUT,yes,no,MOVE_OUT_OR_SPLIT,DEVELOPMENT.md (proposed); subsystem-boundary constraints stay in architecture,PENDING,Exact filenames/source trees are implementation guidance; preserve only architectural boundaries in the contract.
429,Implementation Order for Catalog + SQL Front End,13089,13164,76,11,PROJECT_ROADMAP / MILESTONE,yes,no,MOVE_OUT_OF_ARCHITECTURE,DEVELOPMENT.md (proposed),PENDING,Implementation sequence and milestone targets are project planning rather than system architecture.
430,Upper-Layer Milestone 1,13165,13203,39,11,PROJECT_ROADMAP / MILESTONE,yes,no,MOVE_OUT_OF_ARCHITECTURE,DEVELOPMENT.md (proposed),PENDING,Implementation sequence and milestone targets are project planning rather than system architecture.
431,Upper-Layer Milestone 2,13204,13229,26,11,PROJECT_ROADMAP / MILESTONE,yes,no,MOVE_OUT_OF_ARCHITECTURE,DEVELOPMENT.md (proposed),PENDING,Implementation sequence and milestone targets are project planning rather than system architecture.
432,Upper-Layer Milestone 3,13230,13257,28,11,PROJECT_ROADMAP / MILESTONE,yes,no,MOVE_OUT_OF_ARCHITECTURE,DEVELOPMENT.md (proposed),PENDING,Implementation sequence and milestone targets are project planning rather than system architecture.
433,Architecture Status After Upper Semantic Layer,13258,13317,60,11,PROJECT_STATE + ARCHITECTURE_SUMMARY,yes,no,SPLIT_AND_MOVE,PROJECT_STATE.md + ARCHITECTURE_NEW.md §2 — System Architecture and Dependency Model where a unique end-to-end architecture summary remains useful,PENDING,Remove historical progress/status language; retain only unique architectural summaries/diagrams.
434,Vectorized Physical Execution Engine Contract,13318,13364,47,12,SUBSYSTEM_CONTRACT_INTRODUCTION,yes,no,MERGE_INTO_PART_INTRODUCTION,ARCHITECTURE_NEW.md §22 — Physical Plan and Runtime Operator Model,PENDING,Use as subsystem framing; do not retain a second independent contract layer.
435,Physical Plan vs Runtime Operator State,13365,13389,25,12,ARCHITECTURE_CONTRACT,yes,no,REWRITE_CANONICALLY,ARCHITECTURE_NEW.md §22 — Physical Plan and Runtime Operator Model,PENDING,Preserve normative semantics; reorganize into the canonical subsystem chapter.
436,Physical Plan Node Contract,13390,13409,20,12,ARCHITECTURE_CONTRACT,yes,no,REWRITE_CANONICALLY,ARCHITECTURE_NEW.md §22 — Physical Plan and Runtime Operator Model,PENDING,Preserve normative semantics; reorganize into the canonical subsystem chapter.
437,Initial Physical Operators,13410,13453,44,12,ARCHITECTURE_CONTRACT,yes,no,REWRITE_CANONICALLY,ARCHITECTURE_NEW.md §22 — Physical Plan and Runtime Operator Model,PENDING,Preserve normative semantics; reorganize into the canonical subsystem chapter.
438,DataChunk,13454,13493,40,12,ARCHITECTURE_CONTRACT,yes,no,REWRITE_CANONICALLY,ARCHITECTURE_NEW.md §23 — Vectorized Data and String Representation,PENDING,Preserve normative semantics; reorganize into the canonical subsystem chapter.
439,Why 1024 Rows,13494,13522,29,12,ARCHITECTURE_CONTRACT + RATIONALE,yes,yes,REWRITE_CANONICALLY,ARCHITECTURE_NEW.md §23 — Vectorized Data and String Representation,PENDING,Preserve normative semantics; reorganize into the canonical subsystem chapter.
440,Vector Kinds,13523,13571,49,12,ARCHITECTURE_CONTRACT,yes,no,REWRITE_CANONICALLY,ARCHITECTURE_NEW.md §23 — Vectorized Data and String Representation,PENDING,Preserve normative semantics; reorganize into the canonical subsystem chapter.
441,Flat Numeric Vector Layout,13572,13610,39,12,ARCHITECTURE_CONTRACT + RATIONALE,yes,yes,REWRITE_CANONICALLY,ARCHITECTURE_NEW.md §23 — Vectorized Data and String Representation,PENDING,Preserve normative semantics; reorganize into the canonical subsystem chapter.
442,Validity Mask,13611,13642,32,12,ARCHITECTURE_CONTRACT,yes,no,REWRITE_CANONICALLY,ARCHITECTURE_NEW.md §23 — Vectorized Data and String Representation,PENDING,Preserve normative semantics; reorganize into the canonical subsystem chapter.
443,SelectionVector,13643,13677,35,12,ARCHITECTURE_CONTRACT,yes,no,REWRITE_CANONICALLY,ARCHITECTURE_NEW.md §23 — Vectorized Data and String Representation,PENDING,Preserve normative semantics; reorganize into the canonical subsystem chapter.
444,Dictionary Composition,13678,13701,24,12,ARCHITECTURE_CONTRACT,yes,no,REWRITE_CANONICALLY,ARCHITECTURE_NEW.md §23 — Vectorized Data and String Representation,PENDING,Preserve normative semantics; reorganize into the canonical subsystem chapter.
445,UnifiedVectorFormat,13702,13737,36,12,ARCHITECTURE_CONTRACT,yes,no,REWRITE_CANONICALLY,ARCHITECTURE_NEW.md §23 — Vectorized Data and String Representation,PENDING,Preserve normative semantics; reorganize into the canonical subsystem chapter.
446,VARCHAR Execution Representation,13738,13766,29,12,ARCHITECTURE_CONTRACT,yes,no,REWRITE_CANONICALLY,ARCHITECTURE_NEW.md §23 — Vectorized Data and String Representation,PENDING,Preserve normative semantics; reorganize into the canonical subsystem chapter.
447,String Lifetime Rules,13767,13792,26,12,ARCHITECTURE_CONTRACT,yes,no,REWRITE_CANONICALLY,ARCHITECTURE_NEW.md §23 — Vectorized Data and String Representation,PENDING,Preserve normative semantics; reorganize into the canonical subsystem chapter.
448,DataChunk StringHeap,13793,13811,19,12,ARCHITECTURE_CONTRACT,yes,no,REWRITE_CANONICALLY,ARCHITECTURE_NEW.md §23 — Vectorized Data and String Representation,PENDING,Preserve normative semantics; reorganize into the canonical subsystem chapter.
449,Borrowed Vectors Inside a Pipeline,13812,13832,21,12,ARCHITECTURE_CONTRACT,yes,no,REWRITE_CANONICALLY,ARCHITECTURE_NEW.md §23 — Vectorized Data and String Representation,PENDING,Preserve normative semantics; reorganize into the canonical subsystem chapter.
450,Chunk Reuse,13833,13860,28,12,ARCHITECTURE_CONTRACT,yes,no,REWRITE_CANONICALLY,ARCHITECTURE_NEW.md §23 — Vectorized Data and String Representation,PENDING,Preserve normative semantics; reorganize into the canonical subsystem chapter.
451,Execution Row Layout,13861,13906,46,12,ARCHITECTURE_CONTRACT,yes,no,REWRITE_CANONICALLY,"ARCHITECTURE_NEW.md §24 — Query Memory, Row Storage, and Spill",PENDING,Preserve normative semantics; reorganize into the canonical subsystem chapter.
452,RowCollection,13907,13935,29,12,ARCHITECTURE_CONTRACT,yes,no,REWRITE_CANONICALLY,"ARCHITECTURE_NEW.md §24 — Query Memory, Row Storage, and Spill",PENDING,Preserve normative semantics; reorganize into the canonical subsystem chapter.
453,Query Arena,13936,13961,26,12,ARCHITECTURE_CONTRACT,yes,no,REWRITE_CANONICALLY,"ARCHITECTURE_NEW.md §24 — Query Memory, Row Storage, and Spill",PENDING,Preserve normative semantics; reorganize into the canonical subsystem chapter.
454,QueryMemoryManager,13962,13993,32,12,ARCHITECTURE_CONTRACT,yes,no,REWRITE_CANONICALLY,"ARCHITECTURE_NEW.md §24 — Query Memory, Row Storage, and Spill",PENDING,Preserve normative semantics; reorganize into the canonical subsystem chapter.
455,Memory Reservations,13994,14025,32,12,ARCHITECTURE_CONTRACT,yes,no,REWRITE_CANONICALLY,"ARCHITECTURE_NEW.md §24 — Query Memory, Row Storage, and Spill",PENDING,Preserve normative semantics; reorganize into the canonical subsystem chapter.
456,Memory Pressure Protocol,14026,14043,18,12,ARCHITECTURE_CONTRACT,yes,no,REWRITE_CANONICALLY,"ARCHITECTURE_NEW.md §24 — Query Memory, Row Storage, and Spill",PENDING,Preserve normative semantics; reorganize into the canonical subsystem chapter.
457,SpillManager,14044,14077,34,12,ARCHITECTURE_CONTRACT,yes,no,REWRITE_CANONICALLY,"ARCHITECTURE_NEW.md §24 — Query Memory, Row Storage, and Spill",PENDING,Preserve normative semantics; reorganize into the canonical subsystem chapter.
458,Spill Block Format,14078,14101,24,12,ARCHITECTURE_CONTRACT,yes,no,REWRITE_CANONICALLY,"ARCHITECTURE_NEW.md §24 — Query Memory, Row Storage, and Spill",PENDING,Preserve normative semantics; reorganize into the canonical subsystem chapter.
459,Spill I/O Pattern,14102,14126,25,12,ARCHITECTURE_CONTRACT,yes,no,REWRITE_CANONICALLY,"ARCHITECTURE_NEW.md §24 — Query Memory, Row Storage, and Spill",PENDING,Preserve normative semantics; reorganize into the canonical subsystem chapter.
460,Expression Executor,14127,14143,17,12,ARCHITECTURE_CONTRACT,yes,no,REWRITE_CANONICALLY,ARCHITECTURE_NEW.md §25 — Vectorized Expression Execution,PENDING,Preserve normative semantics; reorganize into the canonical subsystem chapter.
461,Vectorized Arithmetic Kernels,14144,14172,29,12,ARCHITECTURE_CONTRACT,yes,no,REWRITE_CANONICALLY,ARCHITECTURE_NEW.md §25 — Vectorized Expression Execution,PENDING,Preserve normative semantics; reorganize into the canonical subsystem chapter.
462,Vectorized Comparison Kernels,14173,14193,21,12,ARCHITECTURE_CONTRACT,yes,no,REWRITE_CANONICALLY,ARCHITECTURE_NEW.md §25 — Vectorized Expression Execution,PENDING,Preserve normative semantics; reorganize into the canonical subsystem chapter.
463,AND / OR Short-Circuiting,14194,14223,30,12,ARCHITECTURE_CONTRACT,yes,no,REWRITE_CANONICALLY,ARCHITECTURE_NEW.md §25 — Vectorized Expression Execution,PENDING,Preserve normative semantics; reorganize into the canonical subsystem chapter.
464,Physical Pipeline Model,14224,14259,36,12,ARCHITECTURE_CONTRACT,yes,no,REWRITE_CANONICALLY,ARCHITECTURE_NEW.md §26 — Pipeline Execution Model,PENDING,Preserve normative semantics; reorganize into the canonical subsystem chapter.
465,Pipeline Roles,14260,14306,47,12,ARCHITECTURE_CONTRACT,yes,no,REWRITE_CANONICALLY,ARCHITECTURE_NEW.md §26 — Pipeline Execution Model,PENDING,Preserve normative semantics; reorganize into the canonical subsystem chapter.
466,Physical Plan to Pipeline Graph,14307,14335,29,12,ARCHITECTURE_CONTRACT,yes,no,REWRITE_CANONICALLY,ARCHITECTURE_NEW.md §26 — Pipeline Execution Model,PENDING,Preserve normative semantics; reorganize into the canonical subsystem chapter.
467,Pipeline Runtime Interfaces,14336,14365,30,12,ARCHITECTURE_CONTRACT,yes,no,REWRITE_CANONICALLY,ARCHITECTURE_NEW.md §26 — Pipeline Execution Model,PENDING,Preserve normative semantics; reorganize into the canonical subsystem chapter.
468,"Single-Thread First, Parallel-Ready",14366,14384,19,12,ARCHITECTURE_CONTRACT,yes,no,REWRITE_CANONICALLY,ARCHITECTURE_NEW.md §26 — Pipeline Execution Model,PENDING,Preserve normative semantics; reorganize into the canonical subsystem chapter.
469,Pipeline Cancellation,14385,14418,34,12,ARCHITECTURE_CONTRACT,yes,no,REWRITE_CANONICALLY,ARCHITECTURE_NEW.md §26 — Pipeline Execution Model,PENDING,Preserve normative semantics; reorganize into the canonical subsystem chapter.
470,Sequential Scan,14419,14450,32,12,ARCHITECTURE_CONTRACT,yes,no,REWRITE_CANONICALLY,ARCHITECTURE_NEW.md §27 — Scans and Unary Physical Operators,PENDING,Preserve normative semantics; reorganize into the canonical subsystem chapter.
471,Scan Page Guard Lifetime,14451,14466,16,12,ARCHITECTURE_CONTRACT,yes,no,REWRITE_CANONICALLY,ARCHITECTURE_NEW.md §27 — Scans and Unary Physical Operators,PENDING,Preserve normative semantics; reorganize into the canonical subsystem chapter.
472,Scan Predicate Pushdown Boundary,14467,14486,20,12,ARCHITECTURE_CONTRACT,yes,no,REWRITE_CANONICALLY,ARCHITECTURE_NEW.md §27 — Scans and Unary Physical Operators,PENDING,Preserve normative semantics; reorganize into the canonical subsystem chapter.
473,Index Scan,14487,14521,35,12,ARCHITECTURE_CONTRACT,yes,no,REWRITE_CANONICALLY,ARCHITECTURE_NEW.md §27 — Scans and Unary Physical Operators,PENDING,Preserve normative semantics; reorganize into the canonical subsystem chapter.
474,RID Batching for Index Scan,14522,14543,22,12,ARCHITECTURE_CONTRACT,yes,no,REWRITE_CANONICALLY,ARCHITECTURE_NEW.md §27 — Scans and Unary Physical Operators,PENDING,Preserve normative semantics; reorganize into the canonical subsystem chapter.
475,Index Order Property,14544,14566,23,12,ARCHITECTURE_CONTRACT,yes,no,REWRITE_CANONICALLY,ARCHITECTURE_NEW.md §27 — Scans and Unary Physical Operators,PENDING,Preserve normative semantics; reorganize into the canonical subsystem chapter.
476,PhysicalFilter,14567,14586,20,12,ARCHITECTURE_CONTRACT,yes,no,REWRITE_CANONICALLY,ARCHITECTURE_NEW.md §27 — Scans and Unary Physical Operators,PENDING,Preserve normative semantics; reorganize into the canonical subsystem chapter.
477,PhysicalProject,14587,14600,14,12,ARCHITECTURE_CONTRACT,yes,no,REWRITE_CANONICALLY,ARCHITECTURE_NEW.md §27 — Scans and Unary Physical Operators,PENDING,Preserve normative semantics; reorganize into the canonical subsystem chapter.
478,PhysicalLimit,14601,14627,27,12,ARCHITECTURE_CONTRACT,yes,no,REWRITE_CANONICALLY,ARCHITECTURE_NEW.md §27 — Scans and Unary Physical Operators,PENDING,Preserve normative semantics; reorganize into the canonical subsystem chapter.
479,Nested-Loop Join,14628,14655,28,13,ARCHITECTURE_CONTRACT,yes,no,REWRITE_CANONICALLY,ARCHITECTURE_NEW.md §28 — Join Execution,PENDING,Preserve normative semantics; reorganize into the canonical subsystem chapter.
480,Index Nested-Loop Join,14656,14680,25,13,ARCHITECTURE_CONTRACT,yes,no,REWRITE_CANONICALLY,ARCHITECTURE_NEW.md §28 — Join Execution,PENDING,Preserve normative semantics; reorganize into the canonical subsystem chapter.
481,Hash Join Role,14681,14710,30,13,ARCHITECTURE_CONTRACT,yes,no,REWRITE_CANONICALLY,ARCHITECTURE_NEW.md §28 — Join Execution,PENDING,Preserve normative semantics; reorganize into the canonical subsystem chapter.
482,Hash Join Build Storage,14711,14735,25,13,ARCHITECTURE_CONTRACT,yes,no,REWRITE_CANONICALLY,ARCHITECTURE_NEW.md §28 — Join Execution,PENDING,Preserve normative semantics; reorganize into the canonical subsystem chapter.
483,Hash Join Hash Directory,14736,14770,35,13,ARCHITECTURE_CONTRACT,yes,no,REWRITE_CANONICALLY,ARCHITECTURE_NEW.md §28 — Join Execution,PENDING,Preserve normative semantics; reorganize into the canonical subsystem chapter.
484,Why Directory + Duplicate Chains,14771,14798,28,13,ARCHITECTURE_CONTRACT + RATIONALE,yes,yes,REWRITE_CANONICALLY,ARCHITECTURE_NEW.md §28 — Join Execution,PENDING,Preserve normative semantics; reorganize into the canonical subsystem chapter.
485,Hash Function Contract,14799,14831,33,13,ARCHITECTURE_CONTRACT,yes,no,REWRITE_CANONICALLY,ARCHITECTURE_NEW.md §28 — Join Execution,PENDING,Preserve normative semantics; reorganize into the canonical subsystem chapter.
486,Hash Join NULL Semantics,14832,14855,24,13,ARCHITECTURE_CONTRACT,yes,no,REWRITE_CANONICALLY,ARCHITECTURE_NEW.md §28 — Join Execution,PENDING,Preserve normative semantics; reorganize into the canonical subsystem chapter.
487,Hash Join Build Pipeline,14856,14882,27,13,ARCHITECTURE_CONTRACT,yes,no,REWRITE_CANONICALLY,ARCHITECTURE_NEW.md §28 — Join Execution,PENDING,Preserve normative semantics; reorganize into the canonical subsystem chapter.
488,Hash Join Probe State,14883,14901,19,13,ARCHITECTURE_CONTRACT,yes,no,REWRITE_CANONICALLY,ARCHITECTURE_NEW.md §28 — Join Execution,PENDING,Preserve normative semantics; reorganize into the canonical subsystem chapter.
489,Hash Join Residual Predicate,14902,14938,37,13,ARCHITECTURE_CONTRACT,yes,no,REWRITE_CANONICALLY,ARCHITECTURE_NEW.md §28 — Join Execution,PENDING,Preserve normative semantics; reorganize into the canonical subsystem chapter.
490,LEFT Hash Join,14939,14957,19,13,ARCHITECTURE_CONTRACT,yes,no,REWRITE_CANONICALLY,ARCHITECTURE_NEW.md §28 — Join Execution,PENDING,Preserve normative semantics; reorganize into the canonical subsystem chapter.
491,Grace Hash Join Spilling,14958,14983,26,13,ARCHITECTURE_CONTRACT,yes,no,REWRITE_CANONICALLY,ARCHITECTURE_NEW.md §28 — Join Execution,PENDING,Preserve normative semantics; reorganize into the canonical subsystem chapter.
492,Recursive Hash Repartition,14984,15007,24,13,ARCHITECTURE_CONTRACT,yes,no,REWRITE_CANONICALLY,ARCHITECTURE_NEW.md §28 — Join Execution,PENDING,Preserve normative semantics; reorganize into the canonical subsystem chapter.
493,Hash Join Spill Ordering,15008,15021,14,13,ARCHITECTURE_CONTRACT,yes,no,REWRITE_CANONICALLY,ARCHITECTURE_NEW.md §28 — Join Execution,PENDING,Preserve normative semantics; reorganize into the canonical subsystem chapter.
494,Hash Aggregate,15022,15043,22,13,ARCHITECTURE_CONTRACT,yes,no,REWRITE_CANONICALLY,ARCHITECTURE_NEW.md §29 — Aggregation and DISTINCT,PENDING,Preserve normative semantics; reorganize into the canonical subsystem chapter.
495,Aggregate Function State API,15044,15073,30,13,ARCHITECTURE_CONTRACT,yes,no,REWRITE_CANONICALLY,ARCHITECTURE_NEW.md §29 — Aggregation and DISTINCT,PENDING,Preserve normative semantics; reorganize into the canonical subsystem chapter.
496,Initial Aggregate Semantics,15074,15132,59,13,ARCHITECTURE_CONTRACT,yes,no,REWRITE_CANONICALLY,ARCHITECTURE_NEW.md §29 — Aggregation and DISTINCT,PENDING,Preserve normative semantics; reorganize into the canonical subsystem chapter.
497,Group Hash Table,15133,15156,24,13,ARCHITECTURE_CONTRACT,yes,no,REWRITE_CANONICALLY,ARCHITECTURE_NEW.md §29 — Aggregation and DISTINCT,PENDING,Preserve normative semantics; reorganize into the canonical subsystem chapter.
498,GROUP BY NULL Semantics,15157,15180,24,13,ARCHITECTURE_CONTRACT,yes,no,REWRITE_CANONICALLY,ARCHITECTURE_NEW.md §29 — Aggregation and DISTINCT,PENDING,Preserve normative semantics; reorganize into the canonical subsystem chapter.
499,Global Aggregate Fast Path,15181,15198,18,13,ARCHITECTURE_CONTRACT,yes,no,REWRITE_CANONICALLY,ARCHITECTURE_NEW.md §29 — Aggregation and DISTINCT,PENDING,Preserve normative semantics; reorganize into the canonical subsystem chapter.
500,Hash Aggregate Spill,15199,15220,22,13,ARCHITECTURE_CONTRACT,yes,no,REWRITE_CANONICALLY,ARCHITECTURE_NEW.md §29 — Aggregation and DISTINCT,PENDING,Preserve normative semantics; reorganize into the canonical subsystem chapter.
501,DISTINCT,15221,15237,17,13,ARCHITECTURE_CONTRACT,yes,no,REWRITE_CANONICALLY,ARCHITECTURE_NEW.md §29 — Aggregation and DISTINCT,PENDING,Preserve normative semantics; reorganize into the canonical subsystem chapter.
502,Sort Operator,15238,15257,20,13,ARCHITECTURE_CONTRACT,yes,no,REWRITE_CANONICALLY,ARCHITECTURE_NEW.md §30 — Sorting and Top-N,PENDING,Preserve normative semantics; reorganize into the canonical subsystem chapter.
503,Sort Record,15258,15288,31,13,ARCHITECTURE_CONTRACT,yes,no,REWRITE_CANONICALLY,ARCHITECTURE_NEW.md §30 — Sorting and Top-N,PENDING,Preserve normative semantics; reorganize into the canonical subsystem chapter.
504,Sort Comparison,15289,15314,26,13,ARCHITECTURE_CONTRACT,yes,no,REWRITE_CANONICALLY,ARCHITECTURE_NEW.md §30 — Sorting and Top-N,PENDING,Preserve normative semantics; reorganize into the canonical subsystem chapter.
505,In-Memory Sort Algorithm,15315,15342,28,13,ARCHITECTURE_CONTRACT,yes,no,REWRITE_CANONICALLY,ARCHITECTURE_NEW.md §30 — Sorting and Top-N,PENDING,Preserve normative semantics; reorganize into the canonical subsystem chapter.
506,External Merge Sort,15343,15375,33,13,ARCHITECTURE_CONTRACT,yes,no,REWRITE_CANONICALLY,ARCHITECTURE_NEW.md §30 — Sorting and Top-N,PENDING,Preserve normative semantics; reorganize into the canonical subsystem chapter.
507,Sort Spill Run Format,15376,15399,24,13,ARCHITECTURE_CONTRACT,yes,no,REWRITE_CANONICALLY,ARCHITECTURE_NEW.md §30 — Sorting and Top-N,PENDING,Preserve normative semantics; reorganize into the canonical subsystem chapter.
508,PhysicalTopN,15400,15431,32,13,ARCHITECTURE_CONTRACT,yes,no,REWRITE_CANONICALLY,ARCHITECTURE_NEW.md §30 — Sorting and Top-N,PENDING,Preserve normative semantics; reorganize into the canonical subsystem chapter.
509,Merge Join,15432,15451,20,13,ARCHITECTURE_CONTRACT,yes,no,REWRITE_CANONICALLY,ARCHITECTURE_NEW.md §28 — Join Execution,PENDING,Preserve normative semantics; reorganize into the canonical subsystem chapter.
510,DML Target Materialization,15452,15485,34,13,ARCHITECTURE_CONTRACT,yes,no,REWRITE_CANONICALLY,"ARCHITECTURE_NEW.md §31 — DML, DDL, VACUUM, and Result Interface",PENDING,Preserve normative semantics; reorganize into the canonical subsystem chapter.
511,Halloween Problem Protection,15486,15501,16,13,ARCHITECTURE_CONTRACT,yes,no,REWRITE_CANONICALLY,"ARCHITECTURE_NEW.md §31 — DML, DDL, VACUUM, and Result Interface",PENDING,Preserve normative semantics; reorganize into the canonical subsystem chapter.
512,DML Target Spool Memory and Spill,15502,15522,21,13,ARCHITECTURE_CONTRACT,yes,no,REWRITE_CANONICALLY,"ARCHITECTURE_NEW.md §31 — DML, DDL, VACUUM, and Result Interface",PENDING,Preserve normative semantics; reorganize into the canonical subsystem chapter.
513,DML Revalidation,15523,15547,25,13,ARCHITECTURE_CONTRACT,yes,no,REWRITE_CANONICALLY,"ARCHITECTURE_NEW.md §31 — DML, DDL, VACUUM, and Result Interface",PENDING,Preserve normative semantics; reorganize into the canonical subsystem chapter.
514,INSERT Execution,15548,15577,30,13,ARCHITECTURE_CONTRACT,yes,no,REWRITE_CANONICALLY,"ARCHITECTURE_NEW.md §31 — DML, DDL, VACUUM, and Result Interface",PENDING,Preserve normative semantics; reorganize into the canonical subsystem chapter.
515,UPDATE Execution,15578,15597,20,13,ARCHITECTURE_CONTRACT,yes,no,REWRITE_CANONICALLY,"ARCHITECTURE_NEW.md §31 — DML, DDL, VACUUM, and Result Interface",PENDING,Preserve normative semantics; reorganize into the canonical subsystem chapter.
516,DELETE Execution,15598,15616,19,13,ARCHITECTURE_CONTRACT,yes,no,REWRITE_CANONICALLY,"ARCHITECTURE_NEW.md §31 — DML, DDL, VACUUM, and Result Interface",PENDING,Preserve normative semantics; reorganize into the canonical subsystem chapter.
517,RETURNING Buffer,15617,15640,24,13,ARCHITECTURE_CONTRACT,yes,no,REWRITE_CANONICALLY,"ARCHITECTURE_NEW.md §31 — DML, DDL, VACUUM, and Result Interface",PENDING,Preserve normative semantics; reorganize into the canonical subsystem chapter.
518,Query Result Interface,15641,15658,18,13,ARCHITECTURE_CONTRACT,yes,no,REWRITE_CANONICALLY,"ARCHITECTURE_NEW.md §31 — DML, DDL, VACUUM, and Result Interface",PENDING,Preserve normative semantics; reorganize into the canonical subsystem chapter.
519,Physical DDL Execution,15659,15678,20,13,ARCHITECTURE_CONTRACT,yes,no,REWRITE_CANONICALLY,"ARCHITECTURE_NEW.md §31 — DML, DDL, VACUUM, and Result Interface",PENDING,Preserve normative semantics; reorganize into the canonical subsystem chapter.
520,Physical VACUUM,15679,15690,12,13,ARCHITECTURE_CONTRACT,yes,no,REWRITE_CANONICALLY,"ARCHITECTURE_NEW.md §31 — DML, DDL, VACUUM, and Result Interface",PENDING,Preserve normative semantics; reorganize into the canonical subsystem chapter.
521,Physical Operator Properties,15691,15712,22,13,ARCHITECTURE_CONTRACT,yes,no,REWRITE_CANONICALLY,ARCHITECTURE_NEW.md §22 — Physical Plan and Runtime Operator Model,PENDING,Preserve normative semantics; reorganize into the canonical subsystem chapter.
522,Ordering Property,15713,15745,33,13,ARCHITECTURE_CONTRACT,yes,no,REWRITE_CANONICALLY,ARCHITECTURE_NEW.md §22 — Physical Plan and Runtime Operator Model,PENDING,Preserve normative semantics; reorganize into the canonical subsystem chapter.
523,Pipeline Breaker Memory Semantics,15746,15775,30,13,ARCHITECTURE_CONTRACT,yes,no,REWRITE_CANONICALLY,ARCHITECTURE_NEW.md §26 — Pipeline Execution Model,PENDING,Preserve normative semantics; reorganize into the canonical subsystem chapter.
524,Pipeline Dependency DAG,15776,15794,19,13,ARCHITECTURE_CONTRACT,yes,no,REWRITE_CANONICALLY,ARCHITECTURE_NEW.md §26 — Pipeline Execution Model,PENDING,Preserve normative semantics; reorganize into the canonical subsystem chapter.
525,Worker Model,15795,15814,20,13,ARCHITECTURE_CONTRACT,yes,no,REWRITE_CANONICALLY,ARCHITECTURE_NEW.md §32 — Parallel Execution and Scheduling,PENDING,Preserve normative semantics; reorganize into the canonical subsystem chapter.
526,Pipeline Morsels,15815,15852,38,13,ARCHITECTURE_CONTRACT,yes,no,REWRITE_CANONICALLY,ARCHITECTURE_NEW.md §32 — Parallel Execution and Scheduling,PENDING,Preserve normative semantics; reorganize into the canonical subsystem chapter.
527,Local Operator State,15853,15873,21,13,ARCHITECTURE_CONTRACT,yes,no,REWRITE_CANONICALLY,ARCHITECTURE_NEW.md §32 — Parallel Execution and Scheduling,PENDING,Preserve normative semantics; reorganize into the canonical subsystem chapter.
528,Parallel Sequential Scan,15874,15893,20,13,ARCHITECTURE_CONTRACT,yes,no,REWRITE_CANONICALLY,ARCHITECTURE_NEW.md §32 — Parallel Execution and Scheduling,PENDING,Preserve normative semantics; reorganize into the canonical subsystem chapter.
529,Parallel Hash Join Build,15894,15911,18,13,ARCHITECTURE_CONTRACT,yes,no,REWRITE_CANONICALLY,ARCHITECTURE_NEW.md §32 — Parallel Execution and Scheduling,PENDING,Preserve normative semantics; reorganize into the canonical subsystem chapter.
530,Parallel Hash Join Probe,15912,15931,20,13,ARCHITECTURE_CONTRACT + RATIONALE,yes,yes,REWRITE_CANONICALLY,ARCHITECTURE_NEW.md §32 — Parallel Execution and Scheduling,PENDING,Preserve normative semantics; reorganize into the canonical subsystem chapter.
531,Parallel Hash Aggregate,15932,15951,20,13,ARCHITECTURE_CONTRACT,yes,no,REWRITE_CANONICALLY,ARCHITECTURE_NEW.md §32 — Parallel Execution and Scheduling,PENDING,Preserve normative semantics; reorganize into the canonical subsystem chapter.
532,Parallel Sort,15952,15971,20,13,ARCHITECTURE_CONTRACT,yes,no,REWRITE_CANONICALLY,ARCHITECTURE_NEW.md §32 — Parallel Execution and Scheduling,PENDING,Preserve normative semantics; reorganize into the canonical subsystem chapter.
533,Task Scheduler,15972,15997,26,13,ARCHITECTURE_CONTRACT,yes,no,REWRITE_CANONICALLY,ARCHITECTURE_NEW.md §32 — Parallel Execution and Scheduling,PENDING,Preserve normative semantics; reorganize into the canonical subsystem chapter.
534,Query Fairness,15998,16016,19,13,ARCHITECTURE_CONTRACT,yes,no,REWRITE_CANONICALLY,ARCHITECTURE_NEW.md §32 — Parallel Execution and Scheduling,PENDING,Preserve normative semantics; reorganize into the canonical subsystem chapter.
535,NUMA,16017,16035,19,13,ARCHITECTURE_CONTRACT,no,no,REWRITE_CANONICALLY,ARCHITECTURE_NEW.md §32 — Parallel Execution and Scheduling,PENDING,Preserve normative semantics; reorganize into the canonical subsystem chapter.
536,SIMD Policy,16036,16069,34,13,ARCHITECTURE_CONTRACT,yes,no,REWRITE_CANONICALLY,ARCHITECTURE_NEW.md §42 — Performance Requirements,PENDING,Preserve normative semantics; reorganize into the canonical subsystem chapter.
537,Branch Reduction,16070,16094,25,13,ARCHITECTURE_CONTRACT,yes,no,REWRITE_CANONICALLY,ARCHITECTURE_NEW.md §42 — Performance Requirements,PENDING,Preserve normative semantics; reorganize into the canonical subsystem chapter.
538,Prefetch,16095,16113,19,13,ARCHITECTURE_CONTRACT,yes,no,REWRITE_CANONICALLY,ARCHITECTURE_NEW.md §42 — Performance Requirements,PENDING,Preserve normative semantics; reorganize into the canonical subsystem chapter.
539,Query Profiling,16114,16181,68,13,ARCHITECTURE_CONTRACT,yes,no,REWRITE_CANONICALLY,ARCHITECTURE_NEW.md §40 — Observability and EXPLAIN,PENDING,Preserve normative semantics; reorganize into the canonical subsystem chapter.
540,EXPLAIN ANALYZE,16182,16212,31,13,ARCHITECTURE_CONTRACT,yes,no,REWRITE_CANONICALLY,ARCHITECTURE_NEW.md §40 — Observability and EXPLAIN,PENDING,Preserve normative semantics; reorganize into the canonical subsystem chapter.
541,Pipeline Profiling,16213,16247,35,13,ARCHITECTURE_CONTRACT,yes,no,REWRITE_CANONICALLY,ARCHITECTURE_NEW.md §40 — Observability and EXPLAIN,PENDING,Preserve normative semantics; reorganize into the canonical subsystem chapter.
542,Physical Plan Validator,16248,16269,22,13,VERIFICATION_REQUIREMENT,yes,no,SPLIT_AND_MERGE,ARCHITECTURE_NEW.md §41 — Verification Requirements + VERIFICATION.md (proposed),PENDING,Keep architecture-level verification obligations; move detailed test recipes/checklists to verification documentation.
543,Execution Error Model,16270,16295,26,13,ARCHITECTURE_CONTRACT,yes,no,REWRITE_CANONICALLY,ARCHITECTURE_NEW.md §39 — Error and Corruption Model,PENDING,Preserve normative semantics; reorganize into the canonical subsystem chapter.
544,Integer Arithmetic Errors,16296,16316,21,13,ARCHITECTURE_CONTRACT,yes,no,REWRITE_CANONICALLY,ARCHITECTURE_NEW.md §39 — Error and Corruption Model,PENDING,Preserve normative semantics; reorganize into the canonical subsystem chapter.
545,Division,16317,16332,16,13,ARCHITECTURE_CONTRACT,yes,no,REWRITE_CANONICALLY,ARCHITECTURE_NEW.md §39 — Error and Corruption Model,PENDING,Preserve normative semantics; reorganize into the canonical subsystem chapter.
546,Execution Testing Strategy,16333,16390,58,13,VERIFICATION_REQUIREMENT,yes,no,SPLIT_AND_MERGE,ARCHITECTURE_NEW.md §41 — Verification Requirements + VERIFICATION.md (proposed),PENDING,Keep architecture-level verification obligations; move detailed test recipes/checklists to verification documentation.
547,Vector Correctness Tests,16391,16420,30,13,VERIFICATION_REQUIREMENT,yes,no,SPLIT_AND_MERGE,ARCHITECTURE_NEW.md §41 — Verification Requirements + VERIFICATION.md (proposed),PENDING,Keep architecture-level verification obligations; move detailed test recipes/checklists to verification documentation.
548,String Lifetime Tests,16421,16436,16,13,VERIFICATION_REQUIREMENT,yes,no,SPLIT_AND_MERGE,ARCHITECTURE_NEW.md §41 — Verification Requirements + VERIFICATION.md (proposed),PENDING,Keep architecture-level verification obligations; move detailed test recipes/checklists to verification documentation.
549,Hash Join Tests,16437,16461,25,13,VERIFICATION_REQUIREMENT,yes,no,SPLIT_AND_MERGE,ARCHITECTURE_NEW.md §41 — Verification Requirements + VERIFICATION.md (proposed),PENDING,Keep architecture-level verification obligations; move detailed test recipes/checklists to verification documentation.
550,Aggregate Tests,16462,16485,24,13,VERIFICATION_REQUIREMENT,yes,no,SPLIT_AND_MERGE,ARCHITECTURE_NEW.md §41 — Verification Requirements + VERIFICATION.md (proposed),PENDING,Keep architecture-level verification obligations; move detailed test recipes/checklists to verification documentation.
551,Sort Tests,16486,16510,25,13,VERIFICATION_REQUIREMENT,yes,no,SPLIT_AND_MERGE,ARCHITECTURE_NEW.md §41 — Verification Requirements + VERIFICATION.md (proposed),PENDING,Keep architecture-level verification obligations; move detailed test recipes/checklists to verification documentation.
552,DML Execution Tests,16511,16538,28,13,VERIFICATION_REQUIREMENT,yes,no,SPLIT_AND_MERGE,ARCHITECTURE_NEW.md §41 — Verification Requirements + VERIFICATION.md (proposed),PENDING,Keep architecture-level verification obligations; move detailed test recipes/checklists to verification documentation.
553,Execution Microbenchmarks,16539,16570,32,13,PERFORMANCE_VERIFICATION,yes,no,SPLIT_AND_MERGE,ARCHITECTURE_NEW.md §42 — Performance Requirements + VERIFICATION.md (proposed),PENDING,Keep required performance properties/metrics; move benchmark procedures/checklists to verification documentation.
554,Vector Size Benchmark,16571,16592,22,13,PERFORMANCE_VERIFICATION,yes,no,SPLIT_AND_MERGE,ARCHITECTURE_NEW.md §42 — Performance Requirements + VERIFICATION.md (proposed),PENDING,Keep required performance properties/metrics; move benchmark procedures/checklists to verification documentation.
555,End-to-End Execution Benchmarks,16593,16627,35,13,PERFORMANCE_VERIFICATION,yes,no,SPLIT_AND_MERGE,ARCHITECTURE_NEW.md §42 — Performance Requirements + VERIFICATION.md (proposed),PENDING,Keep required performance properties/metrics; move benchmark procedures/checklists to verification documentation.
556,Deliberately Deferred Execution Features,16628,16656,29,13,DEFERRED_SCOPE,yes,no,CONSOLIDATE,ARCHITECTURE_NEW.md §C — Deferred Features and Future Experiments,PENDING,Preserve explicitly deferred functionality as a scope boundary and consolidate it by subsystem.
557,High-Reward Future Execution Experiments,16657,16681,25,13,FUTURE_EXPERIMENTS / RATIONALE,yes,no,CONSOLIDATE,ARCHITECTURE_NEW.md §C — Deferred Features and Future Experiments,PENDING,Preserve future experiment ideas without presenting them as current v1 requirements.
558,Practical Performance Rules,16682,16705,24,13,ARCHITECTURE_CONTRACT,yes,no,REWRITE_CANONICALLY,ARCHITECTURE_NEW.md §42 — Performance Requirements,PENDING,Preserve normative semantics; reorganize into the canonical subsystem chapter.
559,Execution Invariants,16706,16744,39,13,ARCHITECTURAL_INVARIANTS,yes,no,MERGE_AND_DEDUPLICATE,ARCHITECTURE_NEW.md §B — Global Invariants,PENDING,Preserve every invariant; colocate subsystem-specific invariants with their owning chapters where useful.
560,Recommended Execution Module Layout,16745,16837,93,13,IMPLEMENTATION_GUIDANCE / SOURCE_LAYOUT,yes,no,MOVE_OUT_OR_SPLIT,DEVELOPMENT.md (proposed); subsystem-boundary constraints stay in architecture,PENDING,Exact filenames/source trees are implementation guidance; preserve only architectural boundaries in the contract.
561,Execution Implementation Order,16838,16943,106,13,PROJECT_ROADMAP / MILESTONE,yes,no,MOVE_OUT_OF_ARCHITECTURE,DEVELOPMENT.md (proposed),PENDING,Implementation sequence and milestone targets are project planning rather than system architecture.
562,Execution Milestone 1,16944,16969,26,13,PROJECT_ROADMAP / MILESTONE,yes,no,MOVE_OUT_OF_ARCHITECTURE,DEVELOPMENT.md (proposed),PENDING,Implementation sequence and milestone targets are project planning rather than system architecture.
563,Execution Milestone 2,16970,16991,22,13,PROJECT_ROADMAP / MILESTONE,yes,no,MOVE_OUT_OF_ARCHITECTURE,DEVELOPMENT.md (proposed),PENDING,Implementation sequence and milestone targets are project planning rather than system architecture.
564,Execution Milestone 3,16992,17008,17,13,PROJECT_ROADMAP / MILESTONE,yes,no,MOVE_OUT_OF_ARCHITECTURE,DEVELOPMENT.md (proposed),PENDING,Implementation sequence and milestone targets are project planning rather than system architecture.
565,Execution Milestone 4,17009,17027,19,13,PROJECT_ROADMAP / MILESTONE,yes,no,MOVE_OUT_OF_ARCHITECTURE,DEVELOPMENT.md (proposed),PENDING,Implementation sequence and milestone targets are project planning rather than system architecture.
566,Execution Milestone 5,17028,17057,30,13,PROJECT_ROADMAP / MILESTONE,yes,no,MOVE_OUT_OF_ARCHITECTURE,DEVELOPMENT.md (proposed),PENDING,Implementation sequence and milestone targets are project planning rather than system architecture.
567,Architecture Status After Practical Execution Layer,17058,17112,55,13,PROJECT_STATE + ARCHITECTURE_SUMMARY,yes,no,SPLIT_AND_MOVE,PROJECT_STATE.md + ARCHITECTURE_NEW.md §2 — System Architecture and Dependency Model where a unique end-to-end architecture summary remains useful,PENDING,Remove historical progress/status language; retain only unique architectural summaries/diagrams.
568,Cost-Based Optimizer Contract,17113,17161,49,14,SUBSYSTEM_CONTRACT_INTRODUCTION,yes,yes,MERGE_INTO_PART_INTRODUCTION,ARCHITECTURE_NEW.md §33 — Optimizer Architecture,PENDING,Use as subsystem framing; do not retain a second independent contract layer.
569,Optimizer Layering,17162,17201,40,14,ARCHITECTURE_CONTRACT,yes,no,REWRITE_CANONICALLY,ARCHITECTURE_NEW.md §33 — Optimizer Architecture,PENDING,Preserve normative semantics; reorganize into the canonical subsystem chapter.
570,Optimizer Inputs,17202,17229,28,14,ARCHITECTURE_CONTRACT,yes,no,REWRITE_CANONICALLY,ARCHITECTURE_NEW.md §33 — Optimizer Architecture,PENDING,Preserve normative semantics; reorganize into the canonical subsystem chapter.
571,Optimizer Output,17230,17259,30,14,ARCHITECTURE_CONTRACT,yes,no,REWRITE_CANONICALLY,ARCHITECTURE_NEW.md §33 — Optimizer Architecture,PENDING,Preserve normative semantics; reorganize into the canonical subsystem chapter.
572,Statistics Philosophy,17260,17288,29,14,ARCHITECTURE_CONTRACT,yes,no,REWRITE_CANONICALLY,ARCHITECTURE_NEW.md §34 — Statistics,PENDING,Preserve normative semantics; reorganize into the canonical subsystem chapter.
573,ANALYZE,17289,17314,26,14,ARCHITECTURE_CONTRACT,yes,no,REWRITE_CANONICALLY,ARCHITECTURE_NEW.md §34 — Statistics,PENDING,Preserve normative semantics; reorganize into the canonical subsystem chapter.
574,Table Statistics,17315,17340,26,14,ARCHITECTURE_CONTRACT,yes,no,REWRITE_CANONICALLY,ARCHITECTURE_NEW.md §34 — Statistics,PENDING,Preserve normative semantics; reorganize into the canonical subsystem chapter.
575,Column Statistics,17341,17372,32,14,ARCHITECTURE_CONTRACT,yes,no,REWRITE_CANONICALLY,ARCHITECTURE_NEW.md §34 — Statistics,PENDING,Preserve normative semantics; reorganize into the canonical subsystem chapter.
576,Statistics Collection Strategy,17373,17398,26,14,ARCHITECTURE_CONTRACT,yes,no,REWRITE_CANONICALLY,ARCHITECTURE_NEW.md §34 — Statistics,PENDING,Preserve normative semantics; reorganize into the canonical subsystem chapter.
577,Small-Table Exact Statistics,17399,17423,25,14,ARCHITECTURE_CONTRACT,yes,no,REWRITE_CANONICALLY,ARCHITECTURE_NEW.md §34 — Statistics,PENDING,Preserve normative semantics; reorganize into the canonical subsystem chapter.
578,NDV Estimation,17424,17459,36,14,ARCHITECTURE_CONTRACT,yes,no,REWRITE_CANONICALLY,ARCHITECTURE_NEW.md §34 — Statistics,PENDING,Preserve normative semantics; reorganize into the canonical subsystem chapter.
579,Most-Common-Value Collection,17460,17492,33,14,ARCHITECTURE_CONTRACT,yes,no,REWRITE_CANONICALLY,ARCHITECTURE_NEW.md §34 — Statistics,PENDING,Preserve normative semantics; reorganize into the canonical subsystem chapter.
580,Histogram Collection,17493,17519,27,14,ARCHITECTURE_CONTRACT,yes,no,REWRITE_CANONICALLY,ARCHITECTURE_NEW.md §34 — Statistics,PENDING,Preserve normative semantics; reorganize into the canonical subsystem chapter.
581,Why Equi-Depth Histograms,17520,17540,21,14,ARCHITECTURE_CONTRACT + RATIONALE,yes,yes,REWRITE_CANONICALLY,ARCHITECTURE_NEW.md §34 — Statistics,PENDING,Preserve normative semantics; reorganize into the canonical subsystem chapter.
582,Histogram Value Semantics,17541,17559,19,14,ARCHITECTURE_CONTRACT,yes,no,REWRITE_CANONICALLY,ARCHITECTURE_NEW.md §34 — Statistics,PENDING,Preserve normative semantics; reorganize into the canonical subsystem chapter.
583,Statistics Serialization,17560,17587,28,14,ARCHITECTURE_CONTRACT,yes,no,REWRITE_CANONICALLY,ARCHITECTURE_NEW.md §34 — Statistics,PENDING,Preserve normative semantics; reorganize into the canonical subsystem chapter.
584,Statistics Snapshot During Planning,17588,17601,14,14,ARCHITECTURE_CONTRACT,yes,no,REWRITE_CANONICALLY,ARCHITECTURE_NEW.md §34 — Statistics,PENDING,Preserve normative semantics; reorganize into the canonical subsystem chapter.
585,Statistics Freshness,17602,17629,28,14,ARCHITECTURE_CONTRACT,yes,no,REWRITE_CANONICALLY,ARCHITECTURE_NEW.md §34 — Statistics,PENDING,Preserve normative semantics; reorganize into the canonical subsystem chapter.
586,CardinalityEstimate,17630,17655,26,14,ARCHITECTURE_CONTRACT,yes,no,REWRITE_CANONICALLY,ARCHITECTURE_NEW.md §35 — Cardinality Estimation,PENDING,Preserve normative semantics; reorganize into the canonical subsystem chapter.
587,Exact-Zero vs Estimated-Small,17656,17697,42,14,ARCHITECTURE_CONTRACT,yes,no,REWRITE_CANONICALLY,ARCHITECTURE_NEW.md §35 — Cardinality Estimation,PENDING,Preserve normative semantics; reorganize into the canonical subsystem chapter.
588,Row Width Estimate,17698,17727,30,14,ARCHITECTURE_CONTRACT,yes,no,REWRITE_CANONICALLY,ARCHITECTURE_NEW.md §35 — Cardinality Estimation,PENDING,Preserve normative semantics; reorganize into the canonical subsystem chapter.
589,Selectivity Range,17728,17747,20,14,ARCHITECTURE_CONTRACT,yes,no,REWRITE_CANONICALLY,ARCHITECTURE_NEW.md §35 — Cardinality Estimation,PENDING,Preserve normative semantics; reorganize into the canonical subsystem chapter.
590,Equality Selectivity: Constant,17748,17801,54,14,ARCHITECTURE_CONTRACT,yes,no,REWRITE_CANONICALLY,ARCHITECTURE_NEW.md §35 — Cardinality Estimation,PENDING,Preserve normative semantics; reorganize into the canonical subsystem chapter.
591,Equality Selectivity: Column to Column,17802,17845,44,14,ARCHITECTURE_CONTRACT,yes,no,REWRITE_CANONICALLY,ARCHITECTURE_NEW.md §35 — Cardinality Estimation,PENDING,Preserve normative semantics; reorganize into the canonical subsystem chapter.
592,MCV-Aware Join Estimation,17846,17863,18,14,ARCHITECTURE_CONTRACT,yes,no,REWRITE_CANONICALLY,ARCHITECTURE_NEW.md §35 — Cardinality Estimation,PENDING,Preserve normative semantics; reorganize into the canonical subsystem chapter.
593,Unique-Key Join Estimation,17864,17891,28,14,ARCHITECTURE_CONTRACT,yes,no,REWRITE_CANONICALLY,ARCHITECTURE_NEW.md §35 — Cardinality Estimation,PENDING,Preserve normative semantics; reorganize into the canonical subsystem chapter.
594,Range Selectivity,17892,17919,28,14,ARCHITECTURE_CONTRACT,yes,no,REWRITE_CANONICALLY,ARCHITECTURE_NEW.md §35 — Cardinality Estimation,PENDING,Preserve normative semantics; reorganize into the canonical subsystem chapter.
595,IS NULL Selectivity,17920,17954,35,14,ARCHITECTURE_CONTRACT,yes,no,REWRITE_CANONICALLY,ARCHITECTURE_NEW.md §35 — Cardinality Estimation,PENDING,Preserve normative semantics; reorganize into the canonical subsystem chapter.
596,IN-List Selectivity,17955,17978,24,14,ARCHITECTURE_CONTRACT,yes,no,REWRITE_CANONICALLY,ARCHITECTURE_NEW.md §35 — Cardinality Estimation,PENDING,Preserve normative semantics; reorganize into the canonical subsystem chapter.
597,NOT Selectivity,17979,18013,35,14,ARCHITECTURE_CONTRACT,yes,no,REWRITE_CANONICALLY,ARCHITECTURE_NEW.md §35 — Cardinality Estimation,PENDING,Preserve normative semantics; reorganize into the canonical subsystem chapter.
598,PredicateTruthEstimate,18014,18050,37,14,ARCHITECTURE_CONTRACT,yes,no,REWRITE_CANONICALLY,ARCHITECTURE_NEW.md §35 — Cardinality Estimation,PENDING,Preserve normative semantics; reorganize into the canonical subsystem chapter.
599,AND Selectivity,18051,18072,22,14,ARCHITECTURE_CONTRACT,yes,no,REWRITE_CANONICALLY,ARCHITECTURE_NEW.md §35 — Cardinality Estimation,PENDING,Preserve normative semantics; reorganize into the canonical subsystem chapter.
600,OR Selectivity,18073,18090,18,14,ARCHITECTURE_CONTRACT,yes,no,REWRITE_CANONICALLY,ARCHITECTURE_NEW.md §35 — Cardinality Estimation,PENDING,Preserve normative semantics; reorganize into the canonical subsystem chapter.
601,Same-Column Constraint Set,18091,18119,29,14,ARCHITECTURE_CONTRACT,yes,no,REWRITE_CANONICALLY,ARCHITECTURE_NEW.md §35 — Cardinality Estimation,PENDING,Preserve normative semantics; reorganize into the canonical subsystem chapter.
602,Correlated Columns,18120,18150,31,14,ARCHITECTURE_CONTRACT,yes,no,REWRITE_CANONICALLY,ARCHITECTURE_NEW.md §35 — Cardinality Estimation,PENDING,Preserve normative semantics; reorganize into the canonical subsystem chapter.
603,Cardinality Through Projection,18151,18166,16,14,ARCHITECTURE_CONTRACT,yes,no,REWRITE_CANONICALLY,ARCHITECTURE_NEW.md §35 — Cardinality Estimation,PENDING,Preserve normative semantics; reorganize into the canonical subsystem chapter.
604,Cardinality Through Filter,18167,18181,15,14,ARCHITECTURE_CONTRACT,yes,no,REWRITE_CANONICALLY,ARCHITECTURE_NEW.md §35 — Cardinality Estimation,PENDING,Preserve normative semantics; reorganize into the canonical subsystem chapter.
605,Cardinality Through Limit,18182,18200,19,14,ARCHITECTURE_CONTRACT,yes,no,REWRITE_CANONICALLY,ARCHITECTURE_NEW.md §35 — Cardinality Estimation,PENDING,Preserve normative semantics; reorganize into the canonical subsystem chapter.
606,Cardinality Through DISTINCT,18201,18222,22,14,ARCHITECTURE_CONTRACT,yes,no,REWRITE_CANONICALLY,ARCHITECTURE_NEW.md §35 — Cardinality Estimation,PENDING,Preserve normative semantics; reorganize into the canonical subsystem chapter.
607,GROUP BY Cardinality,18223,18248,26,14,ARCHITECTURE_CONTRACT,yes,no,REWRITE_CANONICALLY,ARCHITECTURE_NEW.md §35 — Cardinality Estimation,PENDING,Preserve normative semantics; reorganize into the canonical subsystem chapter.
608,Multi-Column NDV Damping,18249,18273,25,14,ARCHITECTURE_CONTRACT,yes,no,REWRITE_CANONICALLY,ARCHITECTURE_NEW.md §35 — Cardinality Estimation,PENDING,Preserve normative semantics; reorganize into the canonical subsystem chapter.
609,LEFT JOIN Cardinality,18274,18311,38,14,ARCHITECTURE_CONTRACT,yes,no,REWRITE_CANONICALLY,ARCHITECTURE_NEW.md §35 — Cardinality Estimation,PENDING,Preserve normative semantics; reorganize into the canonical subsystem chapter.
610,Cost Model Philosophy,18312,18338,27,14,ARCHITECTURE_CONTRACT,yes,no,REWRITE_CANONICALLY,ARCHITECTURE_NEW.md §36 — Cost Model and Base Access Paths,PENDING,Preserve normative semantics; reorganize into the canonical subsystem chapter.
611,Cost Structure,18339,18373,35,14,ARCHITECTURE_CONTRACT,yes,no,REWRITE_CANONICALLY,ARCHITECTURE_NEW.md §36 — Cost Model and Base Access Paths,PENDING,Preserve normative semantics; reorganize into the canonical subsystem chapter.
612,Default Cost Units,18374,18397,24,14,ARCHITECTURE_CONTRACT,yes,no,REWRITE_CANONICALLY,ARCHITECTURE_NEW.md §36 — Cost Model and Base Access Paths,PENDING,Preserve normative semantics; reorganize into the canonical subsystem chapter.
613,Cost Calibration Tool,18398,18422,25,14,ARCHITECTURE_CONTRACT,yes,no,REWRITE_CANONICALLY,ARCHITECTURE_NEW.md §36 — Cost Model and Base Access Paths,PENDING,Preserve normative semantics; reorganize into the canonical subsystem chapter.
614,Buffer Cache Assumption,18423,18442,20,14,ARCHITECTURE_CONTRACT + RATIONALE,yes,yes,REWRITE_CANONICALLY,ARCHITECTURE_NEW.md §36 — Cost Model and Base Access Paths,PENDING,Preserve normative semantics; reorganize into the canonical subsystem chapter.
615,Sequential Scan Cost,18443,18466,24,14,ARCHITECTURE_CONTRACT,yes,no,REWRITE_CANONICALLY,ARCHITECTURE_NEW.md §36 — Cost Model and Base Access Paths,PENDING,Preserve normative semantics; reorganize into the canonical subsystem chapter.
616,B+ Tree Point Lookup Cost,18467,18494,28,14,ARCHITECTURE_CONTRACT,yes,no,REWRITE_CANONICALLY,ARCHITECTURE_NEW.md §36 — Cost Model and Base Access Paths,PENDING,Preserve normative semantics; reorganize into the canonical subsystem chapter.
617,Index Range Scan Cost,18495,18515,21,14,ARCHITECTURE_CONTRACT,yes,no,REWRITE_CANONICALLY,ARCHITECTURE_NEW.md §36 — Cost Model and Base Access Paths,PENDING,Preserve normative semantics; reorganize into the canonical subsystem chapter.
618,Index-Heap Correlation,18516,18549,34,14,ARCHITECTURE_CONTRACT,yes,no,REWRITE_CANONICALLY,ARCHITECTURE_NEW.md §36 — Cost Model and Base Access Paths,PENDING,Preserve normative semantics; reorganize into the canonical subsystem chapter.
619,Fallback Heap Fetch Cost,18550,18565,16,14,ARCHITECTURE_CONTRACT,yes,no,REWRITE_CANONICALLY,ARCHITECTURE_NEW.md §36 — Cost Model and Base Access Paths,PENDING,Preserve normative semantics; reorganize into the canonical subsystem chapter.
620,Access-Path Predicate Analysis,18566,18583,18,14,ARCHITECTURE_CONTRACT,yes,no,REWRITE_CANONICALLY,ARCHITECTURE_NEW.md §36 — Cost Model and Base Access Paths,PENDING,Preserve normative semantics; reorganize into the canonical subsystem chapter.
621,Sargable B+ Tree Conditions,18584,18624,41,14,ARCHITECTURE_CONTRACT,yes,no,REWRITE_CANONICALLY,ARCHITECTURE_NEW.md §36 — Cost Model and Base Access Paths,PENDING,Preserve normative semantics; reorganize into the canonical subsystem chapter.
622,Composite Index Bounds,18625,18651,27,14,ARCHITECTURE_CONTRACT,yes,no,REWRITE_CANONICALLY,ARCHITECTURE_NEW.md §36 — Cost Model and Base Access Paths,PENDING,Preserve normative semantics; reorganize into the canonical subsystem chapter.
623,Index Predicate Residuals,18652,18683,32,14,ARCHITECTURE_CONTRACT,yes,no,REWRITE_CANONICALLY,ARCHITECTURE_NEW.md §36 — Cost Model and Base Access Paths,PENDING,Preserve normative semantics; reorganize into the canonical subsystem chapter.
624,Base Access Paths,18684,18708,25,14,ARCHITECTURE_CONTRACT,yes,no,REWRITE_CANONICALLY,ARCHITECTURE_NEW.md §36 — Cost Model and Base Access Paths,PENDING,Preserve normative semantics; reorganize into the canonical subsystem chapter.
625,Multiple Indexes,18709,18728,20,14,ARCHITECTURE_CONTRACT,yes,no,REWRITE_CANONICALLY,ARCHITECTURE_NEW.md §36 — Cost Model and Base Access Paths,PENDING,Preserve normative semantics; reorganize into the canonical subsystem chapter.
626,Index Scan Break-Even,18729,18756,28,14,ARCHITECTURE_CONTRACT,yes,no,REWRITE_CANONICALLY,ARCHITECTURE_NEW.md §36 — Cost Model and Base Access Paths,PENDING,Preserve normative semantics; reorganize into the canonical subsystem chapter.
627,Required Columns and Access Cost,18757,18780,24,14,ARCHITECTURE_CONTRACT,yes,no,REWRITE_CANONICALLY,ARCHITECTURE_NEW.md §36 — Cost Model and Base Access Paths,PENDING,Preserve normative semantics; reorganize into the canonical subsystem chapter.
628,Physical Property Model,18781,18810,30,15,ARCHITECTURE_CONTRACT,yes,no,REWRITE_CANONICALLY,ARCHITECTURE_NEW.md §37 — Physical Properties and Join Enumeration,PENDING,Preserve normative semantics; reorganize into the canonical subsystem chapter.
629,Ordering Satisfaction,18811,18843,33,15,ARCHITECTURE_CONTRACT,yes,no,REWRITE_CANONICALLY,ARCHITECTURE_NEW.md §37 — Physical Properties and Join Enumeration,PENDING,Preserve normative semantics; reorganize into the canonical subsystem chapter.
630,Interesting Orders,18844,18865,22,15,ARCHITECTURE_CONTRACT,yes,no,REWRITE_CANONICALLY,ARCHITECTURE_NEW.md §37 — Physical Properties and Join Enumeration,PENDING,Preserve normative semantics; reorganize into the canonical subsystem chapter.
631,Plan Alternative Key,18866,18891,26,15,ARCHITECTURE_CONTRACT,yes,no,REWRITE_CANONICALLY,ARCHITECTURE_NEW.md §37 — Physical Properties and Join Enumeration,PENDING,Preserve normative semantics; reorganize into the canonical subsystem chapter.
632,RelationSet,18892,18915,24,15,ARCHITECTURE_CONTRACT,yes,no,REWRITE_CANONICALLY,ARCHITECTURE_NEW.md §37 — Physical Properties and Join Enumeration,PENDING,Preserve normative semantics; reorganize into the canonical subsystem chapter.
633,Join Graph,18916,18936,21,15,ARCHITECTURE_CONTRACT,yes,no,REWRITE_CANONICALLY,ARCHITECTURE_NEW.md §37 — Physical Properties and Join Enumeration,PENDING,Preserve normative semantics; reorganize into the canonical subsystem chapter.
634,Join Enumeration Scope,18937,18959,23,15,ARCHITECTURE_CONTRACT,yes,no,REWRITE_CANONICALLY,ARCHITECTURE_NEW.md §37 — Physical Properties and Join Enumeration,PENDING,Preserve normative semantics; reorganize into the canonical subsystem chapter.
635,Bushy Dynamic Programming,18960,18989,30,15,ARCHITECTURE_CONTRACT,yes,no,REWRITE_CANONICALLY,ARCHITECTURE_NEW.md §37 — Physical Properties and Join Enumeration,PENDING,Preserve normative semantics; reorganize into the canonical subsystem chapter.
636,Exhaustive Join Threshold,18990,19009,20,15,ARCHITECTURE_CONTRACT,yes,no,REWRITE_CANONICALLY,ARCHITECTURE_NEW.md §37 — Physical Properties and Join Enumeration,PENDING,Preserve normative semantics; reorganize into the canonical subsystem chapter.
637,Large-Join Heuristic,19010,19029,20,15,ARCHITECTURE_CONTRACT,yes,no,REWRITE_CANONICALLY,ARCHITECTURE_NEW.md §37 — Physical Properties and Join Enumeration,PENDING,Preserve normative semantics; reorganize into the canonical subsystem chapter.
638,Cartesian Products,19030,19047,18,15,ARCHITECTURE_CONTRACT,yes,no,REWRITE_CANONICALLY,ARCHITECTURE_NEW.md §37 — Physical Properties and Join Enumeration,PENDING,Preserve normative semantics; reorganize into the canonical subsystem chapter.
639,Join Algorithm Alternatives,19048,19066,19,15,ARCHITECTURE_CONTRACT,yes,no,REWRITE_CANONICALLY,ARCHITECTURE_NEW.md §37 — Physical Properties and Join Enumeration,PENDING,Preserve normative semantics; reorganize into the canonical subsystem chapter.
640,Hash Join Cost,19067,19093,27,15,ARCHITECTURE_CONTRACT,yes,no,REWRITE_CANONICALLY,ARCHITECTURE_NEW.md §37 — Physical Properties and Join Enumeration,PENDING,Preserve normative semantics; reorganize into the canonical subsystem chapter.
641,Hash Join Memory Estimate,19094,19125,32,15,ARCHITECTURE_CONTRACT,yes,no,REWRITE_CANONICALLY,ARCHITECTURE_NEW.md §37 — Physical Properties and Join Enumeration,PENDING,Preserve normative semantics; reorganize into the canonical subsystem chapter.
642,Hash Join Spill Cost,19126,19150,25,15,ARCHITECTURE_CONTRACT,yes,no,REWRITE_CANONICALLY,ARCHITECTURE_NEW.md §37 — Physical Properties and Join Enumeration,PENDING,Preserve normative semantics; reorganize into the canonical subsystem chapter.
643,Nested Loop Cost,19151,19170,20,15,ARCHITECTURE_CONTRACT,yes,no,REWRITE_CANONICALLY,ARCHITECTURE_NEW.md §37 — Physical Properties and Join Enumeration,PENDING,Preserve normative semantics; reorganize into the canonical subsystem chapter.
644,Index Nested-Loop Cost,19171,19202,32,15,ARCHITECTURE_CONTRACT,yes,no,REWRITE_CANONICALLY,ARCHITECTURE_NEW.md §37 — Physical Properties and Join Enumeration,PENDING,Preserve normative semantics; reorganize into the canonical subsystem chapter.
645,Repeated INLJ Key Locality,19203,19219,17,15,ARCHITECTURE_CONTRACT,yes,no,REWRITE_CANONICALLY,ARCHITECTURE_NEW.md §37 — Physical Properties and Join Enumeration,PENDING,Preserve normative semantics; reorganize into the canonical subsystem chapter.
646,Merge Join Cost,19220,19245,26,15,ARCHITECTURE_CONTRACT,yes,no,REWRITE_CANONICALLY,ARCHITECTURE_NEW.md §37 — Physical Properties and Join Enumeration,PENDING,Preserve normative semantics; reorganize into the canonical subsystem chapter.
647,Sort Cost,19246,19277,32,15,ARCHITECTURE_CONTRACT,yes,no,REWRITE_CANONICALLY,ARCHITECTURE_NEW.md §37 — Physical Properties and Join Enumeration,PENDING,Preserve normative semantics; reorganize into the canonical subsystem chapter.
648,TopN Cost,19278,19309,32,15,ARCHITECTURE_CONTRACT,yes,no,REWRITE_CANONICALLY,ARCHITECTURE_NEW.md §37 — Physical Properties and Join Enumeration,PENDING,Preserve normative semantics; reorganize into the canonical subsystem chapter.
649,Hash Aggregate Cost,19310,19335,26,15,ARCHITECTURE_CONTRACT,yes,no,REWRITE_CANONICALLY,ARCHITECTURE_NEW.md §37 — Physical Properties and Join Enumeration,PENDING,Preserve normative semantics; reorganize into the canonical subsystem chapter.
650,Sort Aggregate Cost,19336,19363,28,15,ARCHITECTURE_CONTRACT,yes,no,REWRITE_CANONICALLY,ARCHITECTURE_NEW.md §37 — Physical Properties and Join Enumeration,PENDING,Preserve normative semantics; reorganize into the canonical subsystem chapter.
651,DISTINCT Cost,19364,19380,17,15,ARCHITECTURE_CONTRACT,yes,no,REWRITE_CANONICALLY,ARCHITECTURE_NEW.md §37 — Physical Properties and Join Enumeration,PENDING,Preserve normative semantics; reorganize into the canonical subsystem chapter.
652,Sort Enforcement,19381,19404,24,15,ARCHITECTURE_CONTRACT,yes,no,REWRITE_CANONICALLY,ARCHITECTURE_NEW.md §37 — Physical Properties and Join Enumeration,PENDING,Preserve normative semantics; reorganize into the canonical subsystem chapter.
653,Final ORDER BY Optimization,19405,19428,24,15,ARCHITECTURE_CONTRACT,yes,no,REWRITE_CANONICALLY,ARCHITECTURE_NEW.md §37 — Physical Properties and Join Enumeration,PENDING,Preserve normative semantics; reorganize into the canonical subsystem chapter.
654,Limit-Aware Planning,19429,19459,31,15,ARCHITECTURE_CONTRACT,yes,no,REWRITE_CANONICALLY,ARCHITECTURE_NEW.md §37 — Physical Properties and Join Enumeration,PENDING,Preserve normative semantics; reorganize into the canonical subsystem chapter.
655,Required Rows Objective,19460,19485,26,15,ARCHITECTURE_CONTRACT,yes,no,REWRITE_CANONICALLY,ARCHITECTURE_NEW.md §37 — Physical Properties and Join Enumeration,PENDING,Preserve normative semantics; reorganize into the canonical subsystem chapter.
656,Predicate CPU Cost,19486,19513,28,15,ARCHITECTURE_CONTRACT,yes,no,REWRITE_CANONICALLY,ARCHITECTURE_NEW.md §37 — Physical Properties and Join Enumeration,PENDING,Preserve normative semantics; reorganize into the canonical subsystem chapter.
657,Filter Predicate Ordering,19514,19542,29,15,ARCHITECTURE_CONTRACT,yes,no,REWRITE_CANONICALLY,ARCHITECTURE_NEW.md §37 — Physical Properties and Join Enumeration,PENDING,Preserve normative semantics; reorganize into the canonical subsystem chapter.
658,Physical Plan Memo,19543,19564,22,15,ARCHITECTURE_CONTRACT,yes,no,REWRITE_CANONICALLY,ARCHITECTURE_NEW.md §38 — Memo/Search and Memory-Aware Optimization,PENDING,Preserve normative semantics; reorganize into the canonical subsystem chapter.
659,Dominance Rule,19565,19590,26,15,ARCHITECTURE_CONTRACT,yes,no,REWRITE_CANONICALLY,ARCHITECTURE_NEW.md §38 — Memo/Search and Memory-Aware Optimization,PENDING,Preserve normative semantics; reorganize into the canonical subsystem chapter.
660,Join DP Initialization,19591,19606,16,15,ARCHITECTURE_CONTRACT,yes,no,REWRITE_CANONICALLY,ARCHITECTURE_NEW.md §38 — Memo/Search and Memory-Aware Optimization,PENDING,Preserve normative semantics; reorganize into the canonical subsystem chapter.
661,Join DP Transition,19607,19628,22,15,ARCHITECTURE_CONTRACT,yes,no,REWRITE_CANONICALLY,ARCHITECTURE_NEW.md §38 — Memo/Search and Memory-Aware Optimization,PENDING,Preserve normative semantics; reorganize into the canonical subsystem chapter.
662,Join Cardinality Must Be Algorithm-Independent,19629,19652,24,15,ARCHITECTURE_CONTRACT,yes,no,REWRITE_CANONICALLY,ARCHITECTURE_NEW.md §38 — Memo/Search and Memory-Aware Optimization,PENDING,Preserve normative semantics; reorganize into the canonical subsystem chapter.
663,Outer Join Search Constraints,19653,19670,18,15,ARCHITECTURE_CONTRACT,yes,no,REWRITE_CANONICALLY,ARCHITECTURE_NEW.md §38 — Memo/Search and Memory-Aware Optimization,PENDING,Preserve normative semantics; reorganize into the canonical subsystem chapter.
664,Subquery Physical Planning,19671,19689,19,15,ARCHITECTURE_CONTRACT,yes,no,REWRITE_CANONICALLY,ARCHITECTURE_NEW.md §38 — Memo/Search and Memory-Aware Optimization,PENDING,Preserve normative semantics; reorganize into the canonical subsystem chapter.
665,Parameter-Free Plans,19690,19712,23,15,ARCHITECTURE_CONTRACT,yes,no,REWRITE_CANONICALLY,ARCHITECTURE_NEW.md §38 — Memo/Search and Memory-Aware Optimization,PENDING,Preserve normative semantics; reorganize into the canonical subsystem chapter.
666,Statistics Missing Fallbacks,19713,19735,23,15,ARCHITECTURE_CONTRACT,yes,no,REWRITE_CANONICALLY,ARCHITECTURE_NEW.md §38 — Memo/Search and Memory-Aware Optimization,PENDING,Preserve normative semantics; reorganize into the canonical subsystem chapter.
667,Statistics Confidence,19736,19769,34,15,ARCHITECTURE_CONTRACT,yes,no,REWRITE_CANONICALLY,ARCHITECTURE_NEW.md §38 — Memo/Search and Memory-Aware Optimization,PENDING,Preserve normative semantics; reorganize into the canonical subsystem chapter.
668,Estimation Provenance,19770,19789,20,15,ARCHITECTURE_CONTRACT + RATIONALE,yes,yes,REWRITE_CANONICALLY,ARCHITECTURE_NEW.md §38 — Memo/Search and Memory-Aware Optimization,PENDING,Preserve normative semantics; reorganize into the canonical subsystem chapter.
669,Optimizer Trace,19790,19816,27,15,ARCHITECTURE_CONTRACT,yes,no,REWRITE_CANONICALLY,ARCHITECTURE_NEW.md §38 — Memo/Search and Memory-Aware Optimization,PENDING,Preserve normative semantics; reorganize into the canonical subsystem chapter.
670,EXPLAIN Estimates,19817,19847,31,15,ARCHITECTURE_CONTRACT,yes,no,REWRITE_CANONICALLY,ARCHITECTURE_NEW.md §40 — Observability and EXPLAIN,PENDING,Preserve normative semantics; reorganize into the canonical subsystem chapter.
671,EXPLAIN ANALYZE Estimate Error,19848,19880,33,15,ARCHITECTURE_CONTRACT,yes,no,REWRITE_CANONICALLY,ARCHITECTURE_NEW.md §40 — Observability and EXPLAIN,PENDING,Preserve normative semantics; reorganize into the canonical subsystem chapter.
672,Cardinality Error Attribution,19881,19896,16,15,ARCHITECTURE_CONTRACT,yes,no,REWRITE_CANONICALLY,ARCHITECTURE_NEW.md §40 — Observability and EXPLAIN,PENDING,Preserve normative semantics; reorganize into the canonical subsystem chapter.
673,No Runtime Statistics Feedback in v1,19897,19918,22,15,ARCHITECTURE_CONTRACT + RATIONALE,yes,yes,REWRITE_CANONICALLY,ARCHITECTURE_NEW.md §38 — Memo/Search and Memory-Aware Optimization,PENDING,Preserve normative semantics; reorganize into the canonical subsystem chapter.
674,Planner Time Budget,19919,19937,19,15,ARCHITECTURE_CONTRACT,yes,no,REWRITE_CANONICALLY,ARCHITECTURE_NEW.md §38 — Memo/Search and Memory-Aware Optimization,PENDING,Preserve normative semantics; reorganize into the canonical subsystem chapter.
675,Planning Memory Budget,19938,19955,18,15,ARCHITECTURE_CONTRACT,yes,no,REWRITE_CANONICALLY,ARCHITECTURE_NEW.md §38 — Memo/Search and Memory-Aware Optimization,PENDING,Preserve normative semantics; reorganize into the canonical subsystem chapter.
676,Deterministic Optimization,19956,19982,27,15,ARCHITECTURE_CONTRACT,yes,no,REWRITE_CANONICALLY,ARCHITECTURE_NEW.md §38 — Memo/Search and Memory-Aware Optimization,PENDING,Preserve normative semantics; reorganize into the canonical subsystem chapter.
677,Cost Tie Tolerance,19983,19996,14,15,ARCHITECTURE_CONTRACT,yes,no,REWRITE_CANONICALLY,ARCHITECTURE_NEW.md §38 — Memo/Search and Memory-Aware Optimization,PENDING,Preserve normative semantics; reorganize into the canonical subsystem chapter.
678,Plan Fingerprint,19997,20023,27,15,ARCHITECTURE_CONTRACT,yes,no,REWRITE_CANONICALLY,ARCHITECTURE_NEW.md §38 — Memo/Search and Memory-Aware Optimization,PENDING,Preserve normative semantics; reorganize into the canonical subsystem chapter.
679,Logical Rewrite Before Costing,20024,20044,21,15,ARCHITECTURE_CONTRACT,yes,no,REWRITE_CANONICALLY,ARCHITECTURE_NEW.md §38 — Memo/Search and Memory-Aware Optimization,PENDING,Preserve normative semantics; reorganize into the canonical subsystem chapter.
680,Join Predicate Equivalence Classes,20045,20078,34,15,ARCHITECTURE_CONTRACT,yes,no,REWRITE_CANONICALLY,ARCHITECTURE_NEW.md §38 — Memo/Search and Memory-Aware Optimization,PENDING,Preserve normative semantics; reorganize into the canonical subsystem chapter.
681,Constant Propagation Through Equality,20079,20101,23,15,ARCHITECTURE_CONTRACT,yes,no,REWRITE_CANONICALLY,ARCHITECTURE_NEW.md §38 — Memo/Search and Memory-Aware Optimization,PENDING,Preserve normative semantics; reorganize into the canonical subsystem chapter.
682,Contradiction Detection,20102,20125,24,15,ARCHITECTURE_CONTRACT,yes,no,REWRITE_CANONICALLY,ARCHITECTURE_NEW.md §38 — Memo/Search and Memory-Aware Optimization,PENDING,Preserve normative semantics; reorganize into the canonical subsystem chapter.
683,Unique/Key Metadata in Optimization,20126,20144,19,15,ARCHITECTURE_CONTRACT,yes,no,REWRITE_CANONICALLY,ARCHITECTURE_NEW.md §38 — Memo/Search and Memory-Aware Optimization,PENDING,Preserve normative semantics; reorganize into the canonical subsystem chapter.
684,Foreign-Key Metadata,20145,20154,10,15,ARCHITECTURE_CONTRACT,no,no,REWRITE_CANONICALLY,ARCHITECTURE_NEW.md §38 — Memo/Search and Memory-Aware Optimization,PENDING,Preserve normative semantics; reorganize into the canonical subsystem chapter.
685,Join Elimination,20155,20171,17,15,ARCHITECTURE_CONTRACT,no,no,REWRITE_CANONICALLY,ARCHITECTURE_NEW.md §38 — Memo/Search and Memory-Aware Optimization,PENDING,Preserve normative semantics; reorganize into the canonical subsystem chapter.
686,Index-Order Match,20172,20196,25,15,ARCHITECTURE_CONTRACT,yes,no,REWRITE_CANONICALLY,ARCHITECTURE_NEW.md §38 — Memo/Search and Memory-Aware Optimization,PENDING,Preserve normative semantics; reorganize into the canonical subsystem chapter.
687,Reverse-Scan Limitation,20197,20214,18,15,ARCHITECTURE_CONTRACT,yes,no,REWRITE_CANONICALLY,ARCHITECTURE_NEW.md §38 — Memo/Search and Memory-Aware Optimization,PENDING,Preserve normative semantics; reorganize into the canonical subsystem chapter.
688,Hash Join Build-Side Selection,20215,20242,28,15,ARCHITECTURE_CONTRACT,yes,no,REWRITE_CANONICALLY,ARCHITECTURE_NEW.md §38 — Memo/Search and Memory-Aware Optimization,PENDING,Preserve normative semantics; reorganize into the canonical subsystem chapter.
689,Join Output Width,20243,20263,21,15,ARCHITECTURE_CONTRACT,yes,no,REWRITE_CANONICALLY,ARCHITECTURE_NEW.md §38 — Memo/Search and Memory-Aware Optimization,PENDING,Preserve normative semantics; reorganize into the canonical subsystem chapter.
690,Hash Table Payload Pruning,20264,20280,17,15,ARCHITECTURE_CONTRACT,yes,no,REWRITE_CANONICALLY,ARCHITECTURE_NEW.md §38 — Memo/Search and Memory-Aware Optimization,PENDING,Preserve normative semantics; reorganize into the canonical subsystem chapter.
691,Sort Payload Pruning,20281,20297,17,15,ARCHITECTURE_CONTRACT,yes,no,REWRITE_CANONICALLY,ARCHITECTURE_NEW.md §38 — Memo/Search and Memory-Aware Optimization,PENDING,Preserve normative semantics; reorganize into the canonical subsystem chapter.
692,Aggregate State Width,20298,20314,17,15,ARCHITECTURE_CONTRACT,yes,no,REWRITE_CANONICALLY,ARCHITECTURE_NEW.md §38 — Memo/Search and Memory-Aware Optimization,PENDING,Preserve normative semantics; reorganize into the canonical subsystem chapter.
693,Spill Probability,20315,20331,17,15,ARCHITECTURE_CONTRACT,yes,no,REWRITE_CANONICALLY,ARCHITECTURE_NEW.md §38 — Memo/Search and Memory-Aware Optimization,PENDING,Preserve normative semantics; reorganize into the canonical subsystem chapter.
694,Query Memory Allocation During Planning,20332,20345,14,15,ARCHITECTURE_CONTRACT,yes,no,REWRITE_CANONICALLY,ARCHITECTURE_NEW.md §38 — Memo/Search and Memory-Aware Optimization,PENDING,Preserve normative semantics; reorganize into the canonical subsystem chapter.
695,Pipeline-Aware Peak Memory,20346,20371,26,15,ARCHITECTURE_CONTRACT,yes,no,REWRITE_CANONICALLY,ARCHITECTURE_NEW.md §38 — Memo/Search and Memory-Aware Optimization,PENDING,Preserve normative semantics; reorganize into the canonical subsystem chapter.
696,Materialization Cost,20372,20396,25,15,ARCHITECTURE_CONTRACT,yes,no,REWRITE_CANONICALLY,ARCHITECTURE_NEW.md §38 — Memo/Search and Memory-Aware Optimization,PENDING,Preserve normative semantics; reorganize into the canonical subsystem chapter.
697,Startup vs Total Cost,20397,20433,37,15,ARCHITECTURE_CONTRACT,yes,no,REWRITE_CANONICALLY,ARCHITECTURE_NEW.md §38 — Memo/Search and Memory-Aware Optimization,PENDING,Preserve normative semantics; reorganize into the canonical subsystem chapter.
698,Plan Search and LIMIT,20434,20459,26,15,ARCHITECTURE_CONTRACT,yes,no,REWRITE_CANONICALLY,ARCHITECTURE_NEW.md §38 — Memo/Search and Memory-Aware Optimization,PENDING,Preserve normative semantics; reorganize into the canonical subsystem chapter.
699,Optimizer Correctness Boundary,20460,20479,20,15,ARCHITECTURE_CONTRACT,yes,no,REWRITE_CANONICALLY,ARCHITECTURE_NEW.md §33 — Optimizer Architecture,PENDING,Preserve normative semantics; reorganize into the canonical subsystem chapter.
700,Optimizer Validation,20480,20499,20,15,VERIFICATION_REQUIREMENT,yes,no,SPLIT_AND_MERGE,ARCHITECTURE_NEW.md §41 — Verification Requirements + VERIFICATION.md (proposed),PENDING,Keep architecture-level verification obligations; move detailed test recipes/checklists to verification documentation.
701,Statistics Tests,20500,20530,31,15,VERIFICATION_REQUIREMENT,yes,no,SPLIT_AND_MERGE,ARCHITECTURE_NEW.md §41 — Verification Requirements + VERIFICATION.md (proposed),PENDING,Keep architecture-level verification obligations; move detailed test recipes/checklists to verification documentation.
702,Selectivity Estimation Tests,20531,20569,39,15,VERIFICATION_REQUIREMENT,yes,no,SPLIT_AND_MERGE,ARCHITECTURE_NEW.md §41 — Verification Requirements + VERIFICATION.md (proposed),PENDING,Keep architecture-level verification obligations; move detailed test recipes/checklists to verification documentation.
703,Join Estimation Tests,20570,20591,22,15,VERIFICATION_REQUIREMENT,yes,no,SPLIT_AND_MERGE,ARCHITECTURE_NEW.md §41 — Verification Requirements + VERIFICATION.md (proposed),PENDING,Keep architecture-level verification obligations; move detailed test recipes/checklists to verification documentation.
704,Access Path Tests,20592,20611,20,15,VERIFICATION_REQUIREMENT,yes,no,SPLIT_AND_MERGE,ARCHITECTURE_NEW.md §41 — Verification Requirements + VERIFICATION.md (proposed),PENDING,Keep architecture-level verification obligations; move detailed test recipes/checklists to verification documentation.
705,Join-Order Tests,20612,20634,23,15,VERIFICATION_REQUIREMENT,yes,no,SPLIT_AND_MERGE,ARCHITECTURE_NEW.md §41 — Verification Requirements + VERIFICATION.md (proposed),PENDING,Keep architecture-level verification obligations; move detailed test recipes/checklists to verification documentation.
706,Interesting-Order Tests,20635,20654,20,15,VERIFICATION_REQUIREMENT,yes,no,SPLIT_AND_MERGE,ARCHITECTURE_NEW.md §41 — Verification Requirements + VERIFICATION.md (proposed),PENDING,Keep architecture-level verification obligations; move detailed test recipes/checklists to verification documentation.
707,Memory/Spill Plan Tests,20655,20677,23,15,VERIFICATION_REQUIREMENT,yes,no,SPLIT_AND_MERGE,ARCHITECTURE_NEW.md §41 — Verification Requirements + VERIFICATION.md (proposed),PENDING,Keep architecture-level verification obligations; move detailed test recipes/checklists to verification documentation.
708,Optimizer Differential Correctness Tests,20678,20695,18,15,VERIFICATION_REQUIREMENT,yes,no,SPLIT_AND_MERGE,ARCHITECTURE_NEW.md §41 — Verification Requirements + VERIFICATION.md (proposed),PENDING,Keep architecture-level verification obligations; move detailed test recipes/checklists to verification documentation.
709,Optimizer Fuzzing,20696,20720,25,15,VERIFICATION_REQUIREMENT,yes,no,SPLIT_AND_MERGE,ARCHITECTURE_NEW.md §41 — Verification Requirements + VERIFICATION.md (proposed),PENDING,Keep architecture-level verification obligations; move detailed test recipes/checklists to verification documentation.
710,Cost Model Benchmarks,20721,20751,31,15,PERFORMANCE_VERIFICATION,yes,no,SPLIT_AND_MERGE,ARCHITECTURE_NEW.md §42 — Performance Requirements + VERIFICATION.md (proposed),PENDING,Keep required performance properties/metrics; move benchmark procedures/checklists to verification documentation.
711,Plan Regression Suite,20752,20781,30,15,PERFORMANCE_VERIFICATION,yes,no,SPLIT_AND_MERGE,ARCHITECTURE_NEW.md §42 — Performance Requirements + VERIFICATION.md (proposed),PENDING,Keep required performance properties/metrics; move benchmark procedures/checklists to verification documentation.
712,Optimizer Performance Benchmarks,20782,20813,32,15,PERFORMANCE_VERIFICATION,yes,no,SPLIT_AND_MERGE,ARCHITECTURE_NEW.md §42 — Performance Requirements + VERIFICATION.md (proposed),PENDING,Keep required performance properties/metrics; move benchmark procedures/checklists to verification documentation.
713,Star Schema Benchmark,20814,20832,19,15,PERFORMANCE_VERIFICATION,yes,no,SPLIT_AND_MERGE,ARCHITECTURE_NEW.md §42 — Performance Requirements + VERIFICATION.md (proposed),PENDING,Keep required performance properties/metrics; move benchmark procedures/checklists to verification documentation.
714,No Benchmark Gaming,20833,20848,16,15,PERFORMANCE_VERIFICATION,yes,no,SPLIT_AND_MERGE,ARCHITECTURE_NEW.md §42 — Performance Requirements + VERIFICATION.md (proposed),PENDING,Keep required performance properties/metrics; move benchmark procedures/checklists to verification documentation.
715,Deliberately Deferred Optimizer Features,20849,20877,29,15,DEFERRED_SCOPE,yes,no,CONSOLIDATE,ARCHITECTURE_NEW.md §C — Deferred Features and Future Experiments,PENDING,Preserve explicitly deferred functionality as a scope boundary and consolidate it by subsystem.
716,High-Reward Future Optimizer Experiments,20878,20901,24,15,FUTURE_EXPERIMENTS / RATIONALE,yes,no,CONSOLIDATE,ARCHITECTURE_NEW.md §C — Deferred Features and Future Experiments,PENDING,Preserve future experiment ideas without presenting them as current v1 requirements.
717,Cost-Based Optimizer Invariants,20902,20940,39,15,ARCHITECTURAL_INVARIANTS,yes,no,MERGE_AND_DEDUPLICATE,ARCHITECTURE_NEW.md §B — Global Invariants,PENDING,Preserve every invariant; colocate subsystem-specific invariants with their owning chapters where useful.
718,Recommended Optimizer Module Layout,20941,21025,85,15,IMPLEMENTATION_GUIDANCE / SOURCE_LAYOUT,yes,no,MOVE_OUT_OR_SPLIT,DEVELOPMENT.md (proposed); subsystem-boundary constraints stay in architecture,PENDING,Exact filenames/source trees are implementation guidance; preserve only architectural boundaries in the contract.
719,Optimizer Implementation Order,21026,21115,90,15,PROJECT_ROADMAP / MILESTONE,yes,no,MOVE_OUT_OF_ARCHITECTURE,DEVELOPMENT.md (proposed),PENDING,Implementation sequence and milestone targets are project planning rather than system architecture.
720,Optimizer Milestone 1,21116,21146,31,15,PROJECT_ROADMAP / MILESTONE,yes,no,MOVE_OUT_OF_ARCHITECTURE,DEVELOPMENT.md (proposed),PENDING,Implementation sequence and milestone targets are project planning rather than system architecture.
721,Optimizer Milestone 2,21147,21166,20,15,PROJECT_ROADMAP / MILESTONE,yes,no,MOVE_OUT_OF_ARCHITECTURE,DEVELOPMENT.md (proposed),PENDING,Implementation sequence and milestone targets are project planning rather than system architecture.
722,Optimizer Milestone 3,21167,21184,18,15,PROJECT_ROADMAP / MILESTONE,yes,no,MOVE_OUT_OF_ARCHITECTURE,DEVELOPMENT.md (proposed),PENDING,Implementation sequence and milestone targets are project planning rather than system architecture.
723,Optimizer Milestone 4,21185,21202,18,15,PROJECT_ROADMAP / MILESTONE,yes,no,MOVE_OUT_OF_ARCHITECTURE,DEVELOPMENT.md (proposed),PENDING,Implementation sequence and milestone targets are project planning rather than system architecture.
724,Optimizer Milestone 5,21203,21217,15,15,PROJECT_ROADMAP / MILESTONE,yes,no,MOVE_OUT_OF_ARCHITECTURE,DEVELOPMENT.md (proposed),PENDING,Implementation sequence and milestone targets are project planning rather than system architecture.
725,Complete Core Architecture Status,21218,21290,73,15,PROJECT_STATE + ARCHITECTURE_SUMMARY,yes,no,SPLIT_AND_MOVE,PROJECT_STATE.md + ARCHITECTURE_NEW.md §2 — System Architecture and Dependency Model where a unique end-to-end architecture summary remains useful,PENDING,Remove historical progress/status language; retain only unique architectural summaries/diagrams.
