old_section,old_title,start_line,end_line,source_lines,rewrite_pass,source_role,locked_marker,rationale_present,migration,target,migration_status,notes
0,How Codex should use this file,9,33,25,1,AI_WORKFLOW,yes,no,MOVE_OUT_OF_ARCHITECTURE,AGENTS.md,MOVED_OUT_PASS1,"Agent-use instructions belong in AGENTS.md, not in the technical architecture contract. Agent/workflow instructions excluded from the new technical contract; their responsibility belongs to AGENTS.md. No architectural requirement was lost."
1,Project Goal,34,50,17,1,ARCHITECTURE_CONTRACT,no,no,REWRITE_CANONICALLY,ARCHITECTURE_NEW.md §1 — Scope and Design Goals,MIGRATED_PASS1,Preserve normative semantics; reorganize into the canonical subsystem chapter. Migrated to new §1.1–§1.2.
2,Non-Goals,51,72,22,1,ARCHITECTURE_CONTRACT,no,no,REWRITE_CANONICALLY,ARCHITECTURE_NEW.md §1 — Scope and Design Goals,MIGRATED_PASS1,Preserve normative semantics; reorganize into the canonical subsystem chapter. Migrated to new §1.3 and deferred-scope appendix.
3,Architectural Principles,73,141,69,1,ARCHITECTURE_CONTRACT,no,no,REWRITE_CANONICALLY,ARCHITECTURE_NEW.md §2 — System Architecture and Dependency Model,MIGRATED_PASS1,Preserve normative semantics; reorganize into the canonical subsystem chapter. Migrated to new §2; process-oriented testing/benchmark wording separated into §§41–42.
4,Platform,142,163,22,1,ARCHITECTURE_CONTRACT + RATIONALE,yes,yes,REWRITE_CANONICALLY,ARCHITECTURE_NEW.md §3 — Platform and Runtime Baseline,MIGRATED_PASS1,Preserve normative semantics; reorganize into the canonical subsystem chapter. Migrated to new §3.1 with rationale preserved.
5,Implementation Language,164,212,49,1,ARCHITECTURE_CONTRACT + RATIONALE,yes,yes,REWRITE_CANONICALLY,ARCHITECTURE_NEW.md §3 — Platform and Runtime Baseline,MIGRATED_PASS1,Preserve normative semantics; reorganize into the canonical subsystem chapter. Migrated to new §3.2 and §1.4 with technical rationale preserved and pros/cons condensed without changing the selected language.
6,Persistent Storage Model,213,241,29,1,ARCHITECTURE_OVERVIEW + ARCHITECTURAL_RATIONALE,yes,no,MERGE_AND_DEDUPLICATE,ARCHITECTURE_NEW.md §4 — Persistent Storage Foundations,MIGRATED_BASELINE_PASS1,Early high-level architecture overlaps later concrete sections; preserve unique rationale/constraints and merge into the later canonical contract. High-level page-oriented-storage commitments migrated to new §4.1; exact storage contract remains for Pass 2.
7,File Organization,242,269,28,1,ARCHITECTURE_OVERVIEW + ARCHITECTURAL_RATIONALE,yes,yes,MERGE_AND_DEDUPLICATE,ARCHITECTURE_NEW.md §4 — Persistent Storage Foundations,MIGRATED_BASELINE_PASS1,Early high-level architecture overlaps later concrete sections; preserve unique rationale/constraints and merge into the later canonical contract. High-level multi-file organization migrated to new §4.2; exact file-kind/file-layout rules remain for Pass 2.
8,Disk / I/O Layer,270,306,37,1,ARCHITECTURE_OVERVIEW + ARCHITECTURAL_RATIONALE,yes,yes,MERGE_AND_DEDUPLICATE,ARCHITECTURE_NEW.md §7 — I/O and Buffer Management,MIGRATED_BASELINE_PASS1,Early high-level architecture overlaps later concrete sections; preserve unique rationale/constraints and merge into the later canonical contract. Explicit-I/O/no-primary-mmap contract and future experiments migrated to new §7.1; concrete I/O semantics remain for Pass 5.
9,On-Disk Serialization,307,330,24,1,ARCHITECTURE_OVERVIEW + ARCHITECTURAL_RATIONALE,yes,no,MERGE_AND_DEDUPLICATE,ARCHITECTURE_NEW.md §4 — Persistent Storage Foundations,MIGRATED_BASELINE_PASS1,Early high-level architecture overlaps later concrete sections; preserve unique rationale/constraints and merge into the later canonical contract. Explicit serialization/little-endian/versioning baseline migrated to new §4.3; exact format rules remain for Pass 2+.
10,Table Storage,331,347,17,1,ARCHITECTURE_OVERVIEW + ARCHITECTURAL_RATIONALE,yes,yes,MERGE_AND_DEDUPLICATE,ARCHITECTURE_NEW.md §5 — Heap Storage and Tuple Format,MIGRATED_BASELINE_PASS1,Early high-level architecture overlaps later concrete sections; preserve unique rationale/constraints and merge into the later canonical contract. Row-oriented heap-table decision migrated to new §5.1.
11,Heap Page Layout,348,387,40,1,ARCHITECTURE_OVERVIEW + ARCHITECTURAL_RATIONALE,yes,no,MERGE_AND_DEDUPLICATE,ARCHITECTURE_NEW.md §5 — Heap Storage and Tuple Format,MIGRATED_BASELINE_PASS1,Early high-level architecture overlaps later concrete sections; preserve unique rationale/constraints and merge into the later canonical contract. Slotted-page/stable-RID overview migrated to new §5.2; exact page format remains for Pass 3.
12,Tuple Representation,388,414,27,1,ARCHITECTURE_OVERVIEW + ARCHITECTURAL_RATIONALE,yes,no,MERGE_AND_DEDUPLICATE,ARCHITECTURE_NEW.md §5 — Heap Storage and Tuple Format,MIGRATED_BASELINE_PASS1,Early high-level architecture overlaps later concrete sections; preserve unique rationale/constraints and merge into the later canonical contract. Compact schema-directed tuple overview and scalar family migrated to new §5.3; exact tuple format remains for Pass 3.
13,Free-Space Management,415,426,12,1,ARCHITECTURE_OVERVIEW + ARCHITECTURAL_RATIONALE,yes,no,MERGE_AND_DEDUPLICATE,ARCHITECTURE_NEW.md §6 — Free-Space Management and Physical Reclamation,MIGRATED_BASELINE_PASS1,Early high-level architecture overlaps later concrete sections; preserve unique rationale/constraints and merge into the later canonical contract. Explicit FSM subsystem/no-full-heap-space-scan requirement migrated to new §6.
14,Buffer Pool,427,459,33,1,ARCHITECTURE_OVERVIEW + ARCHITECTURAL_RATIONALE,yes,no,MERGE_AND_DEDUPLICATE,ARCHITECTURE_NEW.md §7 — I/O and Buffer Management,MIGRATED_BASELINE_PASS1,"Early high-level architecture overlaps later concrete sections; preserve unique rationale/constraints and merge into the later canonical contract. Explicit BufferPool, frame responsibilities, conceptual operation responsibilities, and RAII-guard requirement migrated to new §7.2."
15,Buffer Replacement,460,483,24,1,ARCHITECTURE_OVERVIEW + ARCHITECTURAL_RATIONALE,yes,yes,MERGE_AND_DEDUPLICATE,ARCHITECTURE_NEW.md §7 — I/O and Buffer Management,MIGRATED_BASELINE_PASS1,Early high-level architecture overlaps later concrete sections; preserve unique rationale/constraints and merge into the later canonical contract. CLOCK baseline and alternative-policy rationale migrated to new §7.3; concrete replacement contract remains for Pass 5.
16,Indexing,484,518,35,1,ARCHITECTURE_OVERVIEW + ARCHITECTURAL_RATIONALE,yes,no,MERGE_AND_DEDUPLICATE,ARCHITECTURE_NEW.md §8 — B+ Tree Indexing,MIGRATED_BASELINE_PASS1,"Early high-level architecture overlaps later concrete sections; preserve unique rationale/constraints and merge into the later canonical contract. B+ tree as primary index, required feature family, and RID leaf-reference baseline migrated to new §8."
17,B+ Tree Concurrency,519,542,24,1,ARCHITECTURE_OVERVIEW + ARCHITECTURAL_RATIONALE,yes,no,MERGE_AND_DEDUPLICATE,ARCHITECTURE_NEW.md §8 — B+ Tree Indexing,MIGRATED_BASELINE_PASS1,Early high-level architecture overlaps later concrete sections; preserve unique rationale/constraints and merge into the later canonical contract. Latch-vs-lock distinction and latch-coupling/crabbing baseline migrated to new §8.
18,MVCC,543,607,65,1,ARCHITECTURE_OVERVIEW + ARCHITECTURAL_RATIONALE,yes,yes,MERGE_AND_DEDUPLICATE,ARCHITECTURE_NEW.md §10 — MVCC Visibility and Tuple-Version Semantics,MIGRATED_BASELINE_PASS1,"Early high-level architecture overlaps later concrete sections; preserve unique rationale/constraints and merge into the later canonical contract. Heap-version MVCC selection, conceptual versioning, and rationale migrated to new §10; exact visibility remains Pass 7."
19,Transaction Model,608,645,38,1,ARCHITECTURE_OVERVIEW + ARCHITECTURAL_RATIONALE,yes,no,MERGE_AND_DEDUPLICATE,ARCHITECTURE_NEW.md §9 — Transaction Lifecycle and Snapshots,MIGRATED_BASELINE_PASS1,Early high-level architecture overlaps later concrete sections; preserve unique rationale/constraints and merge into the later canonical contract. Transaction states/ownership/isolation targets migrated to new §9; exact snapshot semantics remain Pass 7.
20,Locks,646,663,18,1,ARCHITECTURE_OVERVIEW + ARCHITECTURAL_RATIONALE,yes,no,MERGE_AND_DEDUPLICATE,ARCHITECTURE_NEW.md §11 — Logical Locking and Write Conflicts,MIGRATED_BASELINE_PASS1,Early high-level architecture overlaps later concrete sections; preserve unique rationale/constraints and merge into the later canonical contract. Fine-grained logical-locking baseline and lock/latch separation migrated to new §11.
21,Write-Ahead Log,664,688,25,1,ARCHITECTURE_OVERVIEW + ARCHITECTURAL_RATIONALE,yes,no,MERGE_AND_DEDUPLICATE,ARCHITECTURE_NEW.md §12 — Write-Ahead Logging and Commit Durability,MIGRATED_BASELINE_PASS1,Early high-level architecture overlaps later concrete sections; preserve unique rationale/constraints and merge into the later canonical contract. Mandatory WAL and WAL-before-data rule migrated to new §12.1; generic 'undo where necessary' retained only through concrete-recovery qualification.
22,Commit Path,689,706,18,1,ARCHITECTURE_OVERVIEW + ARCHITECTURAL_RATIONALE,yes,no,MERGE_AND_DEDUPLICATE,ARCHITECTURE_NEW.md §12 — Write-Ahead Logging and Commit Durability,MIGRATED_BASELINE_PASS1,Early high-level architecture overlaps later concrete sections; preserve unique rationale/constraints and merge into the later canonical contract. Group-commit requirement migrated to new §12.2.
23,Buffer/WAL Policy,707,722,16,1,ARCHITECTURE_OVERVIEW + ARCHITECTURAL_RATIONALE,yes,no,MERGE_AND_DEDUPLICATE,ARCHITECTURE_NEW.md §12 — Write-Ahead Logging and Commit Durability,MIGRATED_BASELINE_PASS1,Early high-level architecture overlaps later concrete sections; preserve unique rationale/constraints and merge into the later canonical contract. STEAL + NO-FORCE migrated to new §12.3.
24,Crash Recovery,723,747,25,1,ARCHITECTURE_OVERVIEW + ARCHITECTURAL_RATIONALE,yes,no,MERGE_AND_DEDUPLICATE,ARCHITECTURE_NEW.md §13 — Checkpointing and Crash Recovery,MIGRATED_REFINED_PASS1,Early high-level architecture overlaps later concrete sections; preserve unique rationale/constraints and merge into the later canonical contract. ARIES-inspired recovery baseline migrated to new §13 without preserving generic physical user-DML undo as independent v1 behavior; R-002 records the later explicit refinement.
25,Checkpointing,748,757,10,1,ARCHITECTURE_OVERVIEW + ARCHITECTURAL_RATIONALE,yes,no,MERGE_AND_DEDUPLICATE,ARCHITECTURE_NEW.md §13 — Checkpointing and Crash Recovery,MIGRATED_BASELINE_PASS1,Early high-level architecture overlaps later concrete sections; preserve unique rationale/constraints and merge into the later canonical contract. Fuzzy/background-compatible checkpoint requirement migrated to new §13.
26,Vacuum / Garbage Collection,758,777,20,1,ARCHITECTURE_OVERVIEW + ARCHITECTURAL_RATIONALE,yes,no,MERGE_AND_DEDUPLICATE,ARCHITECTURE_NEW.md §14 — Vacuum and Storage Reclamation,MIGRATED_BASELINE_PASS1,Early high-level architecture overlaps later concrete sections; preserve unique rationale/constraints and merge into the later canonical contract. Vacuum horizon/responsibility/manual-first baseline migrated to new §14.
27,Catalog,778,797,20,1,ARCHITECTURE_OVERVIEW + ARCHITECTURAL_RATIONALE,yes,no,MERGE_AND_DEDUPLICATE,ARCHITECTURE_NEW.md §16 — Catalog and Schema Metadata,MIGRATED_BASELINE_PASS1,Early high-level architecture overlaps later concrete sections; preserve unique rationale/constraints and merge into the later canonical contract. Relational catalog + bootstrap/self-hosting direction migrated to new §16.
28,SQL Front End,798,822,25,1,ARCHITECTURE_OVERVIEW + ARCHITECTURAL_RATIONALE,yes,yes,MERGE_AND_DEDUPLICATE,"ARCHITECTURE_NEW.md §18 — Lexer, Parser, and AST",MIGRATED_BASELINE_PASS1,Early high-level architecture overlaps later concrete sections; preserve unique rationale/constraints and merge into the later canonical contract. In-project limited SQL front end and parser/binder separation migrated to new §18.
29,Binder,823,843,21,1,ARCHITECTURE_OVERVIEW + ARCHITECTURAL_RATIONALE,yes,no,MERGE_AND_DEDUPLICATE,ARCHITECTURE_NEW.md §19 — Binding and Expression Semantics,MIGRATED_BASELINE_PASS1,Early high-level architecture overlaps later concrete sections; preserve unique rationale/constraints and merge into the later canonical contract. Binder responsibilities/stable IDs migrated to new §19.
30,Logical Query Representation,844,866,23,1,ARCHITECTURE_OVERVIEW + ARCHITECTURAL_RATIONALE,yes,no,MERGE_AND_DEDUPLICATE,"ARCHITECTURE_NEW.md §20 — Logical Plans, Properties, and Rewrites",MIGRATED_BASELINE_PASS1,Early high-level architecture overlaps later concrete sections; preserve unique rationale/constraints and merge into the later canonical contract. Relational-algebra logical plan and initial operator family migrated to new §20.1.
31,Query Rewrite,867,885,19,1,ARCHITECTURE_OVERVIEW + ARCHITECTURAL_RATIONALE,yes,no,MERGE_AND_DEDUPLICATE,"ARCHITECTURE_NEW.md §20 — Logical Plans, Properties, and Rewrites",MIGRATED_SPLIT_PASS1,Early high-level architecture overlaps later concrete sections; preserve unique rationale/constraints and merge into the later canonical contract. Logical rewrite families/semantic preservation migrated to new §20.2; explicit optimizer-test procedure belongs to verification rather than canonical architecture.
32,Statistics,886,903,18,1,ARCHITECTURE_OVERVIEW + ARCHITECTURAL_RATIONALE,yes,no,MERGE_AND_DEDUPLICATE,ARCHITECTURE_NEW.md §34 — Statistics,MIGRATED_BASELINE_PASS1,Early high-level architecture overlaps later concrete sections; preserve unique rationale/constraints and merge into the later canonical contract. Explicit statistics/cardinality-estimation requirement migrated to new §34.
33,Cost-Based Optimizer,904,923,20,1,ARCHITECTURE_OVERVIEW + ARCHITECTURAL_RATIONALE,yes,no,MERGE_AND_DEDUPLICATE,ARCHITECTURE_NEW.md §33 — Optimizer Architecture,MIGRATED_BASELINE_PASS1,Early high-level architecture overlaps later concrete sections; preserve unique rationale/constraints and merge into the later canonical contract. Cost-based physical-selection rule and initial cost dimensions migrated to new §33.
34,Join Ordering,924,935,12,1,ARCHITECTURE_OVERVIEW + ARCHITECTURAL_RATIONALE,yes,no,MERGE_AND_DEDUPLICATE,ARCHITECTURE_NEW.md §37 — Physical Properties and Join Enumeration,MIGRATED_BASELINE_PASS1,Early high-level architecture overlaps later concrete sections; preserve unique rationale/constraints and merge into the later canonical contract. Small-join DP and bounded larger-join search migrated to new §37.
35,Physical Operators,936,959,24,1,ARCHITECTURE_OVERVIEW + ARCHITECTURAL_RATIONALE,yes,no,MERGE_AND_DEDUPLICATE,ARCHITECTURE_NEW.md §22 — Physical Plan and Runtime Operator Model,MIGRATED_BASELINE_PASS1,Early high-level architecture overlaps later concrete sections; preserve unique rationale/constraints and merge into the later canonical contract. Logical/physical separation and operator-alternative examples migrated to new §22.
36,Execution Model,960,998,39,1,ARCHITECTURE_OVERVIEW + ARCHITECTURAL_RATIONALE,yes,yes,MERGE_AND_DEDUPLICATE,ARCHITECTURE_NEW.md §22 — Physical Plan and Runtime Operator Model,MIGRATED_BASELINE_PASS1,Early high-level architecture overlaps later concrete sections; preserve unique rationale/constraints and merge into the later canonical contract. Vectorized/chunk-at-a-time production execution and 1024-row initial target migrated to new §22.
37,Execution Data Layout,999,1030,32,1,ARCHITECTURE_OVERVIEW + ARCHITECTURAL_RATIONALE,yes,no,MERGE_AND_DEDUPLICATE,ARCHITECTURE_NEW.md §23 — Vectorized Data and String Representation,MIGRATED_BASELINE_PASS1,Early high-level architecture overlaps later concrete sections; preserve unique rationale/constraints and merge into the later canonical contract. Typed-vector hot-path representation migrated to new §23.
38,Primary Join Algorithms,1031,1049,19,1,ARCHITECTURE_OVERVIEW + ARCHITECTURAL_RATIONALE,yes,no,MERGE_AND_DEDUPLICATE,ARCHITECTURE_NEW.md §28 — Join Execution,MIGRATED_SPLIT_PASS1,Early high-level architecture overlaps later concrete sections; preserve unique rationale/constraints and merge into the later canonical contract. Join algorithm roles and HashJoin architectural requirements migrated to new §28; development sequencing wording intentionally not retained as an agent/project instruction.
39,Aggregation,1050,1063,14,1,ARCHITECTURE_OVERVIEW + ARCHITECTURAL_RATIONALE,yes,no,MERGE_AND_DEDUPLICATE,ARCHITECTURE_NEW.md §29 — Aggregation and DISTINCT,MIGRATED_BASELINE_PASS1,Early high-level architecture overlaps later concrete sections; preserve unique rationale/constraints and merge into the later canonical contract. Hash aggregation baseline and later sort/streaming/spill directions migrated to new §29.
40,Sorting,1064,1075,12,1,ARCHITECTURE_OVERVIEW + ARCHITECTURAL_RATIONALE,yes,no,MERGE_AND_DEDUPLICATE,ARCHITECTURE_NEW.md §30 — Sorting and Top-N,MIGRATED_SPLIT_PASS1,Early high-level architecture overlaps later concrete sections; preserve unique rationale/constraints and merge into the later canonical contract. In-memory baseline + later external merge architecture migrated to new §30; milestone-style sequencing wording normalized as staged architecture.
41,Query Memory Management,1076,1097,22,1,ARCHITECTURE_OVERVIEW + ARCHITECTURAL_RATIONALE,yes,no,MERGE_AND_DEDUPLICATE,"ARCHITECTURE_NEW.md §24 — Query Memory, Row Storage, and Spill",MIGRATED_BASELINE_PASS1,Early high-level architecture overlaps later concrete sections; preserve unique rationale/constraints and merge into the later canonical contract. Query-scoped arena/pool requirements migrated to new §24.
42,Parallelism,1098,1114,17,1,ARCHITECTURE_OVERVIEW + ARCHITECTURAL_RATIONALE,yes,no,MERGE_AND_DEDUPLICATE,ARCHITECTURE_NEW.md §32 — Parallel Execution and Scheduling,MIGRATED_BASELINE_PASS1,Early high-level architecture overlaps later concrete sections; preserve unique rationale/constraints and merge into the later canonical contract. Parallel-ready/single-worker-first architecture migrated to new §32.
43,Threading / Shared State,1115,1132,18,1,ARCHITECTURE_OVERVIEW + ARCHITECTURAL_RATIONALE,yes,no,MERGE_AND_DEDUPLICATE,ARCHITECTURE_NEW.md §2 — System Architecture and Dependency Model,MIGRATED_BASELINE_PASS1,Early high-level architecture overlaps later concrete sections; preserve unique rationale/constraints and merge into the later canonical contract. No-global-hot-lock rule and future shared-state partitioning direction migrated to new §2.4.
44,Error Handling,1133,1150,18,1,ARCHITECTURE_CONTRACT,yes,no,REWRITE_CANONICALLY,ARCHITECTURE_NEW.md §39 — Error and Corruption Model,MIGRATED_PASS1,Preserve normative semantics; reorganize into the canonical subsystem chapter. Error categories and fail-loudly/no-silent-corruption contract migrated to new §39.
45,Testing Philosophy,1151,1189,39,1,VERIFICATION_REQUIREMENT,yes,no,SPLIT_AND_MERGE,ARCHITECTURE_NEW.md §41 — Verification Requirements + VERIFICATION.md (proposed),MIGRATED_ARCH_REQUIREMENTS_PASS1,Keep architecture-level verification obligations; move detailed test recipes/checklists to verification documentation. Architecture-level verification obligations migrated to new §41. Detailed recipes are intentionally not canonical architecture and remain preserved by the legacy source pending dedicated verification documentation.
46,Benchmarking Philosophy,1190,1224,35,1,PERFORMANCE_VERIFICATION,yes,no,SPLIT_AND_MERGE,ARCHITECTURE_NEW.md §42 — Performance Requirements + VERIFICATION.md (proposed),MIGRATED_ARCH_REQUIREMENTS_PASS1,Keep required performance properties/metrics; move benchmark procedures/checklists to verification documentation. Architecture-level benchmark/performance obligations migrated to new §42. Detailed procedures remain preserved by the legacy source pending dedicated verification documentation.
47,Observability,1225,1249,25,1,ARCHITECTURE_CONTRACT,yes,no,REWRITE_CANONICALLY,ARCHITECTURE_NEW.md §40 — Observability and EXPLAIN,MIGRATED_PASS1,Preserve normative semantics; reorganize into the canonical subsystem chapter. Metric families migrated to new §40.1.
48,Explain,1250,1272,23,1,ARCHITECTURE_CONTRACT,yes,no,REWRITE_CANONICALLY,ARCHITECTURE_NEW.md §40 — Observability and EXPLAIN,MIGRATED_PASS1,Preserve normative semantics; reorganize into the canonical subsystem chapter. EXPLAIN / EXPLAIN ANALYZE requirements migrated to new §40.2.
49,Suggested Implementation Order,1273,1362,90,1,PROJECT_ROADMAP / MILESTONE,no,no,MOVE_OUT_OF_ARCHITECTURE,DEVELOPMENT.md (proposed),EXCLUDED_FROM_ARCHITECTURE_PASS1,"Implementation sequence and milestone targets are project planning rather than system architecture. Implementation roadmap is project planning, not architecture. Preserved in the legacy source; proposed future destination remains DEVELOPMENT.md."
50,Architecture Invariants,1363,1381,19,1,ARCHITECTURAL_INVARIANTS,no,no,MERGE_AND_DEDUPLICATE,ARCHITECTURE_NEW.md §B — Global Invariants,MIGRATED_INVARIANTS_PASS1,Preserve every invariant; colocate subsystem-specific invariants with their owning chapters where useful. All 12 legacy global invariants migrated to Appendix B with AI-specific wording removed.
51,Locked Architecture Decisions,1382,1402,21,1,ARCHITECTURE_DECISION_SUMMARY,yes,yes,MERGE_AND_DEDUPLICATE,ARCHITECTURE_NEW.md §1 — Scope and Design Goals,MIGRATED_DEDUP_PASS1,Decision summaries duplicate detailed contracts; preserve unique rationale and ensure each decision has one canonical definition. C++20 and heap-version MVCC selected decisions migrated to new §1.4; duplicate summary removed.
52,Working Philosophy,1403,1424,22,1,PROJECT_PHILOSOPHY + ARCHITECTURAL_RATIONALE,no,yes,SPLIT_AND_MERGE,ARCHITECTURE_NEW.md §1 — Scope and Design Goals + project/development documentation,MIGRATED_SPLIT_PASS1,Keep architecture-relevant design motivation; move general learning/workflow philosophy out of the contract. Architecture-relevant design intent migrated to new §1.5. General implementation/agent philosophy is intentionally not part of the technical contract.
53,Concrete Storage Engine Contract,1425,1445,21,2,SUBSYSTEM_CONTRACT_INTRODUCTION,yes,no,MERGE_INTO_PART_INTRODUCTION,ARCHITECTURE_NEW.md §4 — Persistent Storage Foundations,MIGRATED_PASS2,Use as subsystem framing; do not retain a second independent contract layer. Merged into new §4.1 as the scope/compatibility purpose of the canonical storage-foundation contract.
54,Fundamental Identifier Types,1446,1485,40,2,ARCHITECTURE_CONTRACT,yes,no,REWRITE_CANONICALLY,ARCHITECTURE_NEW.md §4 — Persistent Storage Foundations,MIGRATED_PASS2,Preserve normative semantics; reorganize into the canonical subsystem chapter. Identifier widths and exact listed sentinel values migrated to new §4.3; FileId/OS-descriptor distinction preserved.
55,PageId,1486,1531,46,2,ARCHITECTURE_CONTRACT,yes,no,REWRITE_CANONICALLY,ARCHITECTURE_NEW.md §4 — Persistent Storage Foundations,MIGRATED_PASS2,"Preserve normative semantics; reorganize into the canonical subsystem chapter. PageId structure, persistent identity semantics, addressing formula, comparability/hashability, and BufferPool independence migrated to new §4.4."
56,RID,1532,1556,25,2,ARCHITECTURE_CONTRACT,yes,no,REWRITE_CANONICALLY,ARCHITECTURE_NEW.md §4 — Persistent Storage Foundations,MIGRATED_PASS2,Preserve normative semantics; reorganize into the canonical subsystem chapter. RID structure and physical-tuple-version semantics migrated to new §4.5.
57,Index-to-Heap Addressing,1557,1622,66,2,ARCHITECTURE_CONTRACT,yes,no,REWRITE_CANONICALLY,ARCHITECTURE_NEW.md §4 — Persistent Storage Foundations,MIGRATED_CROSS_SUBSYSTEM_PASS2,"Preserve normative semantics; reorganize into the canonical subsystem chapter. Index->RID addressing, UPDATE/index-scan consequences, vacuum cleanup, and HOT deferral migrated to new §4.6; later index/MVCC chapters will reference/refine without duplicating the identity contract."
58,File Kinds,1623,1660,38,2,ARCHITECTURE_CONTRACT,yes,no,REWRITE_CANONICALLY,ARCHITECTURE_NEW.md §4 — Persistent Storage Foundations,MIGRATED_PASS2,"Preserve normative semantics; reorganize into the canonical subsystem chapter. Exact uint16 little-endian FileKind codes, code-0 invalid rule, WAL separation, page-0 superblock reservation, and page-1 data start migrated to new §4.7."
59,File Superblock,1661,1779,119,2,ARCHITECTURE_CONTRACT,yes,no,REWRITE_CANONICALLY,ARCHITECTURE_NEW.md §4 — Persistent Storage Foundations,MIGRATED_PASS2,"Preserve normative semantics; reorganize into the canonical subsystem chapter. Complete 8192-byte v1 superblock layout, constants, object_id/creation_epoch semantics, exact checksum algorithm, validation, flags/reserved compatibility rules, and oversized-input codec rule migrated to new §4.10."
60,Page Allocation Policy,1780,1833,54,2,ARCHITECTURE_CONTRACT + RATIONALE,yes,yes,REWRITE_CANONICALLY,ARCHITECTURE_NEW.md §4 — Persistent Storage Foundations,MIGRATED_PASS2,"Preserve normative semantics; reorganize into the canonical subsystem chapter. Zero-page raw-file start, explicit superblock creation, append-first allocation, no implicit/sparse write allocation, serialized concurrent append, later object-specific reuse, and extent/shrink scope migrated to new §4.11 and Appendix C."
61,Common Page Header,1834,1877,44,2,ARCHITECTURE_CONTRACT + RATIONALE,yes,yes,REWRITE_CANONICALLY,ARCHITECTURE_NEW.md §4 — Persistent Storage Foundations,MIGRATED_PASS2,"Preserve normative semantics; reorganize into the canonical subsystem chapter. Exact 32-byte common header, little-endian fields, embedded page-number rationale, and page_lsn semantics migrated to new §4.8."
62,Page Types,1878,1905,28,2,ARCHITECTURE_CONTRACT,yes,no,REWRITE_CANONICALLY,ARCHITECTURE_NEW.md §4 — Persistent Storage Foundations,MIGRATED_PASS2,Preserve normative semantics; reorganize into the canonical subsystem chapter. Exact uint16 little-endian PageType codes and required expected-type validation migrated to new §4.9.
63,Page Checksums,1906,1935,30,2,ARCHITECTURE_CONTRACT,yes,no,REWRITE_CANONICALLY,ARCHITECTURE_NEW.md §4 — Persistent Storage Foundations,MIGRATED_WITH_ISSUE_PASS2,"Preserve normative semantics; reorganize into the canonical subsystem chapter. CRC32C algorithm, checksum-field-zero rule, staged enablement, purpose, and torn-page limitation migrated to new §4.12. Legacy source does not specify one exact checksum byte range for every non-superblock page; tracked as R-010 rather than guessed."
64,Heap File Structure,1936,1961,26,3,ARCHITECTURE_CONTRACT + RATIONALE,yes,yes,REWRITE_CANONICALLY,ARCHITECTURE_NEW.md §5 — Heap Storage and Tuple Format,MIGRATED_PASS3,Preserve normative semantics; reorganize into the canonical subsystem chapter. Heap/FSM relation file structure and heap-page numbering/sequential-scan locality migrated to new §5.1; FSM format remains Pass 4.
65,Heap Scan Order,1962,1977,16,3,ARCHITECTURE_CONTRACT,yes,no,REWRITE_CANONICALLY,ARCHITECTURE_NEW.md §5 — Heap Storage and Tuple Format,MIGRATED_PASS3,"Preserve normative semantics; reorganize into the canonical subsystem chapter. Ascending page/slot physical scan order, later MVCC filtering, and non-SQL-ordering rule migrated to new §5.2."
66,Heap Data Page Header,1978,2079,102,3,ARCHITECTURE_CONTRACT,yes,no,REWRITE_CANONICALLY,ARCHITECTURE_NEW.md §5 — Heap Storage and Tuple Format,MIGRATED_PASS3,"Preserve normative semantics; reorganize into the canonical subsystem chapter. HEAP_DATA v1 common-header requirements, exact 16-byte heap-specific header, lower/upper equations, free-slot sentinel, reserved-zero rules, and prune_hint staging migrated to new §5.3."
67,Slot Directory,2080,2182,103,3,ARCHITECTURE_CONTRACT,yes,no,REWRITE_CANONICALLY,ARCHITECTURE_NEW.md §5 — Heap Storage and Tuple Format,MIGRATED_PASS3,"Preserve normative semantics; reorganize into the canonical subsystem chapter. Exact 8-byte slot format, persisted state codes, unknown-state rejection, NORMAL aux=0, DEAD pre/post-compaction rules, deferred reuse, and stable SlotId semantics migrated to new §5.4."
68,Heap Page Free-Space Geometry,2183,2221,39,3,ARCHITECTURE_CONTRACT,yes,no,REWRITE_CANONICALLY,ARCHITECTURE_NEW.md §5 — Heap Storage and Tuple Format,MIGRATED_PASS3,"Preserve normative semantics; reorganize into the canonical subsystem chapter. Heap free-space geometry, slot-growth cost, and compaction-purpose rule migrated to new §5.5."
69,Maximum Inline Tuple Size,2222,2274,53,3,ARCHITECTURE_CONTRACT,yes,no,REWRITE_CANONICALLY,ARCHITECTURE_NEW.md §5 — Heap Storage and Tuple Format,MIGRATED_PASS3,"Preserve normative semantics; reorganize into the canonical subsystem chapter. Strict 8135-byte raw tuple maximum and 8136 rejection, inline-only v1 scope, explicit oversized-row error, and overflow deferral migrated to new §5.6."
70,Tuple Header,2275,2390,116,3,ARCHITECTURE_CONTRACT,yes,no,REWRITE_CANONICALLY,ARCHITECTURE_NEW.md §5 — Heap Storage and Tuple Format,MIGRATED_PASS3,"Preserve normative semantics; reorganize into the canonical subsystem chapter. Exact 48-byte tuple-header layout, little-endian encoding, header_bytes/reserved requirements, xmin/xmax/cmin/cmax semantics, CommandId zero validity, and same-file previous-version sentinel rules migrated to new §5.7."
71,Tuple Flags,2391,2449,59,3,ARCHITECTURE_CONTRACT,yes,no,REWRITE_CANONICALLY,ARCHITECTURE_NEW.md §5 — Heap Storage and Tuple Format,MIGRATED_PASS3,"Preserve normative semantics; reorganize into the canonical subsystem chapter. HAS_NULLS/HAS_VARLEN masks, known mask 0x0003, unknown-bit rejection, canonical HAS_VARLEN rule, deferred flag candidates, and transaction-status boundary migrated to new §5.8."
72,Tuple Data Layout,2450,2491,42,3,ARCHITECTURE_CONTRACT,yes,no,REWRITE_CANONICALLY,ARCHITECTURE_NEW.md §5 — Heap Storage and Tuple Format,MIGRATED_PASS3,"Preserve normative semantics; reorganize into the canonical subsystem chapter. Canonical tuple body layout, exact length formula, no trailing bytes, and precomputed physical-layout ownership migrated to new §5.9."
73,Null Bitmap,2492,2632,141,3,ARCHITECTURE_CONTRACT,yes,no,REWRITE_CANONICALLY,ARCHITECTURE_NEW.md §5 — Heap Storage and Tuple Format,MIGRATED_PASS3,"Preserve normative semantics; reorganize into the canonical subsystem chapter. One-bit-per-column null bitmap, exact sizing, LSB ordering, NOT NULL validation boundary, unused-bit zero rule, canonical HAS_NULLS, and NULL fixed-byte writer/reader asymmetry migrated to new §5.10."
74,Fixed-Width Values,2633,2698,66,3,ARCHITECTURE_CONTRACT,yes,no,REWRITE_CANONICALLY,ARCHITECTURE_NEW.md §5 — Heap Storage and Tuple Format,MIGRATED_PASS3,"Preserve normative semantics; reorganize into the canonical subsystem chapter. Exact scalar widths, BOOLEAN bytes, two's-complement integer/date/timestamp representation, deferred SQL temporal semantics, and exact IEEE-754 FLOAT64 payload preservation migrated to new §5.11."
75,VARCHAR Representation,2699,2787,89,3,ARCHITECTURE_CONTRACT,yes,no,REWRITE_CANONICALLY,ARCHITECTURE_NEW.md §5 — Heap Storage and Tuple Format,MIGRATED_PASS3,"Preserve normative semantics; reorganize into the canonical subsystem chapter. Exact 8-byte VARCHAR descriptor, tuple-relative offsets, NULL descriptor, canonical schema-order packing, empty-vs-NULL semantics, opaque payload bytes, and bounds requirements migrated to new §5.12."
76,Tuple Alignment,2788,2820,33,3,ARCHITECTURE_CONTRACT,yes,no,REWRITE_CANONICALLY,ARCHITECTURE_NEW.md §5 — Heap Storage and Tuple Format,MIGRATED_PASS3,Preserve normative semantics; reorganize into the canonical subsystem chapter. Compact potentially-unaligned persisted representation and aligned execution-representation separation migrated to new §5.9.
77,Schema Versioning,2821,2838,18,3,ARCHITECTURE_CONTRACT,yes,no,REWRITE_CANONICALLY,ARCHITECTURE_NEW.md §5 — Heap Storage and Tuple Format,MIGRATED_PASS3,"Preserve normative semantics; reorganize into the canonical subsystem chapter. Per-tuple schema_version field, initial version-1-only allowance, and schema-changing DDL deferral migrated to new §5.13."
78,INSERT Path,2839,2869,31,3,ARCHITECTURE_CONTRACT,yes,no,REWRITE_CANONICALLY,ARCHITECTURE_NEW.md §5 — Heap Storage and Tuple Format,MIGRATED_WITH_BOUNDARY_PASS3,"Preserve normative semantics; reorganize into the canonical subsystem chapter. Full conceptual INSERT sequence, advisory FSM recheck, and WAL-ordering deferral migrated to new §5.14. 'Allocate/reuse slot' is expressed without granting immediate DEAD-slot reuse because §§66–67 explicitly defer free-list/reuse semantics."
79,UPDATE Path,2870,2899,30,3,ARCHITECTURE_CONTRACT,yes,no,REWRITE_CANONICALLY,ARCHITECTURE_NEW.md §15 — Transactional Write Protocols,MIGRATED_PASS3,"Preserve normative semantics; reorganize into the canonical subsystem chapter. Append-new-version UPDATE model, xmin/prev/xmax chain, new RID/index entries, old-version retention, no user-byte in-place update, and optional same-page locality migrated to new §5.15."
80,DELETE Path,2900,2915,16,3,ARCHITECTURE_CONTRACT,yes,no,REWRITE_CANONICALLY,ARCHITECTURE_NEW.md §15 — Transactional Write Protocols,MIGRATED_PASS3,Preserve normative semantics; reorganize into the canonical subsystem chapter. Logical DELETE by setting xmax and vacuum-delayed physical tuple/index reclamation migrated to new §5.16.
81,MVCC Visibility Boundary,2916,2944,29,3,ARCHITECTURE_CONTRACT + RATIONALE,yes,yes,REWRITE_CANONICALLY,ARCHITECTURE_NEW.md §10 — MVCC Visibility and Tuple-Version Semantics,MIGRATED_PASS3,Preserve normative semantics; reorganize into the canonical subsystem chapter. HeapPage physical-only responsibility and global transaction/snapshot visibility boundary migrated to new §5.17.
82,Free-Space Map,2945,3300,356,4,ARCHITECTURE_CONTRACT,yes,no,REWRITE_CANONICALLY,ARCHITECTURE_NEW.md §6 — Free-Space Management and Physical Reclamation,MIGRATED_PASS4,"Preserve normative semantics; reorganize into the canonical subsystem chapter. Separate FSM file, exact v1 category math/inverse, representative boundaries, FSM_DATA 8192-byte layout, deterministic page/entry mapping, entry_count prefix, blank initialization, runtime-accelerator boundary, and advisory recheck/repair semantics migrated to new §§6.1–6.10."
83,FSM Persistence Semantics,3301,3337,37,4,ARCHITECTURE_CONTRACT,yes,no,REWRITE_CANONICALLY,ARCHITECTURE_NEW.md §6 — Free-Space Management and Physical Reclamation,MIGRATED_PASS4,"Preserve normative semantics; reorganize into the canonical subsystem chapter. FSM persistence/staleness semantics, rebuild-from-heap requirement, tolerated stale hints, and exact scope of persisted FSM authority migrated to new §6.10."
84,Heap Page Compaction,3338,3375,38,4,ARCHITECTURE_CONTRACT,yes,no,REWRITE_CANONICALLY,ARCHITECTURE_NEW.md §6 — Free-Space Management and Physical Reclamation,MIGRATED_PASS4,"Preserve normative semantics; reorganize into the canonical subsystem chapter. Latch-protected compaction, stable RID/SlotId, already-DEAD-only payload discard, canonical DEAD coordinates, NORMAL non-overlap precondition, and vacuum/global-visibility boundary migrated to new §6.11."
85,Vacuum Physical Reclamation,3376,3396,21,4,ARCHITECTURE_CONTRACT,yes,no,REWRITE_CANONICALLY,ARCHITECTURE_NEW.md §14 — Vacuum and Storage Reclamation,MIGRATED_PASS4,"Preserve normative semantics; reorganize into the canonical subsystem chapter. Vacuum physical-reclamation responsibility sequence, deferred crash-safe ordering, reusable-empty-page semantics, and no file-shrink requirement migrated to new §6.12."
86,DiskManager Responsibilities,3397,3458,62,5,ARCHITECTURE_CONTRACT,yes,no,REWRITE_CANONICALLY,ARCHITECTURE_NEW.md §7 — I/O and Buffer Management,MIGRATED_WITH_REFINEMENT_PASS5,Preserve normative semantics; reorganize into the canonical subsystem chapter. DiskManager raw-I/O/file-lifecycle responsibility boundary migrated to §§7.3–7.3.1. Conceptual SyncWal ownership is qualified by later locked WAL-writer ownership and recorded as R-012.
87,File I/O Semantics,3459,3520,62,5,ARCHITECTURE_CONTRACT,yes,no,REWRITE_CANONICALLY,ARCHITECTURE_NEW.md §7 — I/O and Buffer Management,MIGRATED_PASS5,"Preserve normative semantics; reorganize into the canonical subsystem chapter. Positional pread/pwrite, exact page transfers, short/EOF semantics, destination safety, EINTR handling, no blind close retry, no implicit allocation, size alignment, checked offsets, contextual errors, fdatasync v1, and shared-offset independence migrated to §7.4."
88,BufferPool Responsibilities,3521,3546,26,5,ARCHITECTURE_CONTRACT,yes,no,REWRITE_CANONICALLY,ARCHITECTURE_NEW.md §7 — I/O and Buffer Management,MIGRATED_PASS5,Preserve normative semantics; reorganize into the canonical subsystem chapter. BufferPool resident mapping and caching/pin/dirty/latch/replacement/eviction/flush/WAL-order responsibilities plus format-agnostic boundary migrated to §7.5.
89,Buffer Frame,3547,3570,24,5,ARCHITECTURE_CONTRACT,yes,no,REWRITE_CANONICALLY,ARCHITECTURE_NEW.md §7 — I/O and Buffer Management,MIGRATED_BASELINE_PASS5,"Preserve normative semantics; reorganize into the canonical subsystem chapter. Baseline frame bytes/PageId/pin/dirty/replacement/latch/I/O state, process-local metadata rule, alignment, and false-sharing rationale migrated to §7.6. Later recovery metadata remains owned by later passes."
90,Page Guards,3571,3603,33,5,ARCHITECTURE_CONTRACT,yes,no,REWRITE_CANONICALLY,ARCHITECTURE_NEW.md §7 — I/O and Buffer Management,MIGRATED_PASS5,"Preserve normative semantics; reorganize into the canonical subsystem chapter. RAII read/write guard semantics, owned pin/latch, release-on-destruction, and dirty-mutation participation migrated to §7.7."
91,Buffer-Pool Page Table,3604,3625,22,5,ARCHITECTURE_CONTRACT,yes,no,REWRITE_CANONICALLY,ARCHITECTURE_NEW.md §7 — I/O and Buffer Management,MIGRATED_PASS5,"Preserve normative semantics; reorganize into the canonical subsystem chapter. Hash-based PageId->FrameId page table, simple mutex implementation allowance, future sharding/concurrent mapping, and no premature lock-free requirement migrated to §7.8."
92,Pinning Semantics,3626,3645,20,5,ARCHITECTURE_CONTRACT,yes,no,REWRITE_CANONICALLY,ARCHITECTURE_NEW.md §7 — I/O and Buffer Management,MIGRATED_PASS5,"Preserve normative semantics; reorganize into the canonical subsystem chapter. pin_count>0 non-evictability, one-pin-per-guard, pinned-page flush/reuse distinction, and pin-leak observability migrated to §7.9 and §41.1."
93,Dirty-Page Semantics,3646,3661,16,5,ARCHITECTURE_CONTRACT,yes,no,REWRITE_CANONICALLY,ARCHITECTURE_NEW.md §7 — I/O and Buffer Management,MIGRATED_WITH_LATER_REFINEMENT_PASS5,"Preserve normative semantics; reorganize into the canonical subsystem chapter. Dirty-on-mutation, eviction/explicit/background writeback, and NO-FORCE commit behavior migrated to §7.10. Exact dirty-clear/recLSN race rules remain for later recovery pass."
94,WAL-before-Data Enforcement Point,3662,3697,36,5,ARCHITECTURE_CONTRACT,yes,no,REWRITE_CANONICALLY,ARCHITECTURE_NEW.md §7 — I/O and Buffer Management,MIGRATED_PASS5,Preserve normative semantics; reorganize into the canonical subsystem chapter. Central BufferPool WAL-before-data check durable_lsn>=page_lsn for explicit flush/eviction/background writeback migrated to §7.11.
95,CLOCK Replacement Contract,3698,3723,26,5,ARCHITECTURE_CONTRACT,yes,no,REWRITE_CANONICALLY,ARCHITECTURE_NEW.md §7 — I/O and Buffer Management,MIGRATED_PASS5,"Preserve normative semantics; reorganize into the canonical subsystem chapter. CLOCK eligibility, use-bit setting, hand algorithm, dirty victim flush, and metadata-only policy migrated to §7.12."
96,Storage Object Boundaries,3724,3763,40,5,ARCHITECTURE_CONTRACT,yes,no,REWRITE_CANONICALLY,ARCHITECTURE_NEW.md §2 — System Architecture and Dependency Model,MIGRATED_CROSS_CHAPTER_PASS5,"Preserve normative semantics; reorganize into the canonical subsystem chapter. Storage object responsibilities and no HeapPage->DiskManager bypass migrated to §2.5, with BufferPool as normal resident-page boundary."
97,HeapPage API Shape,3764,3797,34,5,ARCHITECTURE_CONTRACT,yes,no,REWRITE_CANONICALLY,ARCHITECTURE_NEW.md §5 — Heap Storage and Tuple Format,MIGRATED_CROSS_CHAPTER_PASS5,Preserve normative semantics; reorganize into the canonical subsystem chapter. HeapPage lightweight caller-owned page-buffer model and conceptual operation responsibilities migrated to §5.18; exact API signatures intentionally remain implementation-specific.
98,TupleCodec Boundary,3798,3829,32,5,ARCHITECTURE_CONTRACT,yes,no,REWRITE_CANONICALLY,ARCHITECTURE_NEW.md §5 — Heap Storage and Tuple Format,MIGRATED_CROSS_CHAPTER_PASS5,Preserve normative semantics; reorganize into the canonical subsystem chapter. TupleCodec/page-management separation and encode/decode direction migrated to §5.19 and storage dependency rules in §2.5.
99,Zero-Copy vs Decode Policy,3830,3851,22,5,ARCHITECTURE_CONTRACT,yes,no,REWRITE_CANONICALLY,ARCHITECTURE_NEW.md §5 — Heap Storage and Tuple Format,MIGRATED_CROSS_CHAPTER_PASS5,"Preserve normative semantics; reorganize into the canonical subsystem chapter. Zero-copy immutable storage views, guard lifetime restriction, and decode/copy into execution vectors migrated to §5.20."
100,Lifetime Safety Rule,3852,3872,21,5,ARCHITECTURE_CONTRACT,yes,no,REWRITE_CANONICALLY,ARCHITECTURE_NEW.md §7 — I/O and Buffer Management,MIGRATED_PASS5,Preserve normative semantics; reorganize into the canonical subsystem chapter. No long-lived pointer/span after page-guard release and API-enforced lifetime safety migrated to §§7.7.1 and 5.20.
101,Initial Module Layout,3873,3947,75,5,IMPLEMENTATION_GUIDANCE / SOURCE_LAYOUT,yes,no,MOVE_OUT_OR_SPLIT,DEVELOPMENT.md (proposed); subsystem-boundary constraints stay in architecture,MOVED_OUT_SPLIT_PASS5,Exact filenames/source trees are implementation guidance; preserve only architectural boundaries in the contract. Concrete source tree/filenames are excluded from the technical architecture and remain preserved in the legacy source pending DEVELOPMENT.md. Unique subsystem-boundary content is represented in §2.5.
102,Storage-Layer Dependency Direction,3948,3971,24,5,ARCHITECTURE_CONTRACT,yes,no,REWRITE_CANONICALLY,ARCHITECTURE_NEW.md §2 — System Architecture and Dependency Model,MIGRATED_CROSS_CHAPTER_PASS5,"Preserve normative semantics; reorganize into the canonical subsystem chapter. common->disk->buffer->physical pages->table/index dependency direction, TupleCodec parser independence, and visibility/page-parser separation migrated to §2.5."
103,Storage Milestone 1,3972,4013,42,5,PROJECT_ROADMAP / MILESTONE,yes,no,MOVE_OUT_OF_ARCHITECTURE,DEVELOPMENT.md (proposed),MOVED_OUT_PASS5,"Implementation sequence and milestone targets are project planning rather than system architecture. Storage Milestone 1 end-to-end implementation sequence is project roadmap/history, not architecture; preserved in legacy source pending DEVELOPMENT.md."
104,Storage Milestone 1 Required Tests,4014,4076,63,5,VERIFICATION_REQUIREMENT,yes,no,SPLIT_AND_MERGE,ARCHITECTURE_NEW.md §41 — Verification Requirements + VERIFICATION.md (proposed),SPLIT_VERIFICATION_PASS5,Keep architecture-level verification obligations; move detailed test recipes/checklists to verification documentation. Architecture-level storage verification properties migrated to §41.1; detailed milestone checklist remains outside architecture pending VERIFICATION.md. Stale reusable-slot item recorded as R-013.
105,Storage Milestone 1 Benchmarks,4077,4108,32,5,PERFORMANCE_VERIFICATION,yes,no,SPLIT_AND_MERGE,ARCHITECTURE_NEW.md §42 — Performance Requirements + VERIFICATION.md (proposed),SPLIT_PERFORMANCE_PASS5,Keep required performance properties/metrics; move benchmark procedures/checklists to verification documentation. Storage benchmark workload families and meaningful cache/BufferPool-condition distinctions migrated to §42; detailed milestone benchmark procedure remains pending VERIFICATION.md.
106,Deliberately Deferred Storage Features,4109,4134,26,5,DEFERRED_SCOPE,yes,no,CONSOLIDATE,ARCHITECTURE_NEW.md §C — Deferred Features and Future Experiments,CONSOLIDATED_DEFERRED_PASS5,Preserve explicitly deferred functionality as a scope boundary and consolidate it by subsystem. Deferred storage features consolidated into Appendix C without milestone sequencing; previously migrated duplicates remain canonical only once.
107,Storage Decisions Record,4135,4165,31,5,ARCHITECTURE_DECISION_SUMMARY,yes,no,MERGE_AND_DEDUPLICATE,ARCHITECTURE_NEW.md §4 — Persistent Storage Foundations,MERGED_DEDUP_PASS5,Decision summaries duplicate detailed contracts; preserve unique rationale and ensure each decision has one canonical definition. Storage decision summary was checked against canonical Chapters 4–7/§5.2/§5.9 and adds no second normative definition. Historical 'no unresolved choice' status sentence not retained.
108,Next Architecture Topic,4166,4201,36,5,PROJECT_ROADMAP / HISTORICAL_DESIGN_SEQUENCE,no,no,MOVE_OUT_OF_ARCHITECTURE,DEVELOPMENT.md (proposed) / archived legacy contract,MOVED_OUT_PASS5,"Describes what design work should happen next, not the resulting architecture. Next-architecture-topic sequencing is project roadmap/history and is excluded from the technical contract; B+ tree content remains pending Pass 6."
109,B+ Tree Architecture Contract,4202,4227,26,6,SUBSYSTEM_CONTRACT_INTRODUCTION,yes,no,MERGE_INTO_PART_INTRODUCTION,ARCHITECTURE_NEW.md §8 — B+ Tree Indexing,MIGRATED_PASS6,Use as subsystem framing; do not retain a second independent contract layer. Subsystem scope and page-backed/BufferPool production-tree requirement migrated to §8.1.
110,B+ Tree File and Superblock,4228,4273,46,6,ARCHITECTURE_CONTRACT,yes,no,REWRITE_CANONICALLY,ARCHITECTURE_NEW.md §8 — B+ Tree Indexing,MIGRATED_WITH_FORMAT_GAP_PASS6,Preserve normative semantics; reorganize into the canonical subsystem chapter. Index file/page-0 superblock metadata and valid empty-tree representation migrated to §8.2; incomplete byte-level B+ superblock contract recorded as R-014.
111,Index Key Schema,4274,4293,20,6,ARCHITECTURE_CONTRACT,yes,no,REWRITE_CANONICALLY,ARCHITECTURE_NEW.md §8 — B+ Tree Indexing,MIGRATED_PASS6,"Preserve normative semantics; reorganize into the canonical subsystem chapter. Fixed key schema, ASC/NULLS FIRST/binary VARCHAR v1 semantics and descending/collation deferrals migrated to §8.3."
112,User Key vs Physical Key,4294,4331,38,6,ARCHITECTURE_CONTRACT,yes,no,REWRITE_CANONICALLY,ARCHITECTURE_NEW.md §8 — B+ Tree Indexing,MIGRATED_PASS6,"Preserve normative semantics; reorganize into the canonical subsystem chapter. User-key vs physical `(user_key,RID)` distinction and deterministic RID tie-break rationale migrated to §8.4."
113,Persistent RID Encoding in Indexes,4332,4366,35,6,ARCHITECTURE_CONTRACT,yes,no,REWRITE_CANONICALLY,ARCHITECTURE_NEW.md §8 — B+ Tree Indexing,MIGRATED_STRICT_PASS6,Preserve normative semantics; reorganize into the canonical subsystem chapter. Exact 16-byte persisted RID layout/order and strict reserved-zero write/decode rule migrated to §8.4.1; R-001 implementation mismatch retained.
114,Order-Preserving Index Key Encoding,4367,4393,27,6,ARCHITECTURE_CONTRACT,yes,no,REWRITE_CANONICALLY,ARCHITECTURE_NEW.md §8 — B+ Tree Indexing,MIGRATED_PASS6,Preserve normative semantics; reorganize into the canonical subsystem chapter. Memcomparable IndexKeyCodec ordering contract and index-vs-tuple encoding separation migrated to §8.5.
115,Index Field Encoding,4394,4476,83,6,ARCHITECTURE_CONTRACT,yes,no,REWRITE_CANONICALLY,ARCHITECTURE_NEW.md §8 — B+ Tree Indexing,MIGRATED_WITH_FORMAT_GAP_PASS6,Preserve normative semantics; reorganize into the canonical subsystem chapter. Field markers and BOOLEAN/INT/DATE/TIMESTAMP/FLOAT64/VARCHAR ordering encodings migrated to §8.5; exact FLOAT64 transform/canonical NaN bits recorded as R-015.
116,Composite Keys,4477,4492,16,6,ARCHITECTURE_CONTRACT,yes,no,REWRITE_CANONICALLY,ARCHITECTURE_NEW.md §8 — B+ Tree Indexing,MIGRATED_PASS6,Preserve normative semantics; reorganize into the canonical subsystem chapter. Composite concatenation/order preservation migrated to §8.5.7.
117,Maximum Encoded User Key,4493,4521,29,6,ARCHITECTURE_CONTRACT + RATIONALE,yes,yes,REWRITE_CANONICALLY,ARCHITECTURE_NEW.md §8 — B+ Tree Indexing,MIGRATED_PASS6,"Preserve normative semantics; reorganize into the canonical subsystem chapter. 1024-byte encoded user-key maximum, explicit rejection/no truncation and rationale migrated to §8.6."
118,Physical-Key Comparison and Search Sentinels,4522,4551,30,6,ARCHITECTURE_CONTRACT,yes,no,REWRITE_CANONICALLY,ARCHITECTURE_NEW.md §8 — B+ Tree Indexing,MIGRATED_PASS6,Preserve normative semantics; reorganize into the canonical subsystem chapter. Physical compare rule and conceptual MIN_RID/MAX_RID duplicate-range sentinels migrated to §8.6.
119,Node Page Organization,4552,4594,43,6,ARCHITECTURE_CONTRACT,yes,no,REWRITE_CANONICALLY,ARCHITECTURE_NEW.md §8 — B+ Tree Indexing,MIGRATED_WITH_FORMAT_GAP_PASS6,Preserve normative semantics; reorganize into the canonical subsystem chapter. 8192-byte node/32-byte common/64-byte total header/slotted variable-entry organization migrated to §8.7; missing B+ common version/header exact rules included in R-014.
120,B+ Tree Slot Entry,4595,4615,21,6,ARCHITECTURE_CONTRACT,yes,no,REWRITE_CANONICALLY,ARCHITECTURE_NEW.md §8 — B+ Tree Indexing,MIGRATED_WITH_FORMAT_GAP_PASS6,Preserve normative semantics; reorganize into the canonical subsystem chapter. Exact 8-byte B+ slot descriptor migrated to §8.8; slot flags remain unspecified and tracked by R-014.
121,Leaf Header,4616,4639,24,6,ARCHITECTURE_CONTRACT,yes,no,REWRITE_CANONICALLY,ARCHITECTURE_NEW.md §8 — B+ Tree Indexing,MIGRATED_WITH_FORMAT_GAP_PASS6,Preserve normative semantics; reorganize into the canonical subsystem chapter. Exact 64-byte leaf header offsets and level=0 migrated to §8.9; leaf flags/reserved semantics remain R-014.
122,Leaf Entry,4640,4660,21,6,ARCHITECTURE_CONTRACT,yes,no,REWRITE_CANONICALLY,ARCHITECTURE_NEW.md §8 — B+ Tree Indexing,MIGRATED_PASS6,"Preserve normative semantics; reorganize into the canonical subsystem chapter. Leaf user-key+16-byte RID payload, entry-length formula, and no MVCC metadata migrated to §8.9."
123,Internal Header,4661,4687,27,6,ARCHITECTURE_CONTRACT,yes,no,REWRITE_CANONICALLY,ARCHITECTURE_NEW.md §8 — B+ Tree Indexing,MIGRATED_WITH_FORMAT_GAP_PASS6,Preserve normative semantics; reorganize into the canonical subsystem chapter. Exact 64-byte internal header offsets and N+1 children migrated to §8.10; internal flags/reserved semantics remain R-014.
124,Internal Entry,4688,4709,22,6,ARCHITECTURE_CONTRACT,yes,no,REWRITE_CANONICALLY,ARCHITECTURE_NEW.md §8 — B+ Tree Indexing,MIGRATED_PASS6,Preserve normative semantics; reorganize into the canonical subsystem chapter. Full physical-key separator plus right-child internal entry and equal-key routing rationale migrated to §8.10.
125,Internal Representation and Separator Semantics,4710,4754,45,6,ARCHITECTURE_CONTRACT,yes,no,REWRITE_CANONICALLY,ARCHITECTURE_NEW.md §8 — B+ Tree Indexing,MIGRATED_PASS6,Preserve normative semantics; reorganize into the canonical subsystem chapter. Routing-lower-bound representation and stale-low delete semantics migrated to §8.10.1.
126,When a Separator Must Change,4755,4777,23,6,ARCHITECTURE_CONTRACT,yes,no,REWRITE_CANONICALLY,ARCHITECTURE_NEW.md §8 — B+ Tree Indexing,MIGRATED_PASS6,Preserve normative semantics; reorganize into the canonical subsystem chapter. Separator update boundary for redistribution/replacement/split migrated to §8.10.1.
127,Internal Search,4778,4801,24,6,ARCHITECTURE_CONTRACT,yes,no,REWRITE_CANONICALLY,ARCHITECTURE_NEW.md §8 — B+ Tree Indexing,MIGRATED_PASS6,Preserve normative semantics; reorganize into the canonical subsystem chapter. Internal upper_bound routing and no-linear-scan production rule migrated to §8.11.1.
128,Leaf Search,4802,4827,26,6,ARCHITECTURE_CONTRACT,yes,no,REWRITE_CANONICALLY,ARCHITECTURE_NEW.md §8 — B+ Tree Indexing,MIGRATED_PASS6,Preserve normative semantics; reorganize into the canonical subsystem chapter. Leaf lower_bound exact/equality search semantics migrated to §8.11.2.
129,Split Trigger and Compaction,4828,4845,18,6,ARCHITECTURE_CONTRACT,yes,no,REWRITE_CANONICALLY,ARCHITECTURE_NEW.md §8 — B+ Tree Indexing,MIGRATED_PASS6,Preserve normative semantics; reorganize into the canonical subsystem chapter. Compact-before-split and byte-capacity rule migrated to §8.12.
130,Leaf Split,4846,4864,19,6,ARCHITECTURE_CONTRACT,yes,no,REWRITE_CANONICALLY,ARCHITECTURE_NEW.md §8 — B+ Tree Indexing,MIGRATED_PASS6,"Preserve normative semantics; reorganize into the canonical subsystem chapter. Byte-balanced leaf split including pending entry, one-entry minimum and right-minimum separator migrated to §8.13."
131,Leaf Sibling Links on Split,4865,4897,33,6,ARCHITECTURE_CONTRACT,yes,no,REWRITE_CANONICALLY,ARCHITECTURE_NEW.md §8 — B+ Tree Indexing,MIGRATED_PASS6,Preserve normative semantics; reorganize into the canonical subsystem chapter. Persistent bidirectional leaf-link split update and last_leaf handling migrated to §8.13.1.
132,Internal Split,4898,4937,40,6,ARCHITECTURE_CONTRACT,yes,no,REWRITE_CANONICALLY,ARCHITECTURE_NEW.md §8 — B+ Tree Indexing,MIGRATED_PASS6,Preserve normative semantics; reorganize into the canonical subsystem chapter. Byte-balanced internal promotion/removal semantics migrated to §8.14.
133,Root Split and Contraction,4938,4969,32,6,ARCHITECTURE_CONTRACT,yes,no,REWRITE_CANONICALLY,ARCHITECTURE_NEW.md §8 — B+ Tree Indexing,MIGRATED_PASS6,"Preserve normative semantics; reorganize into the canonical subsystem chapter. Root split, internal-root contraction, and persistent empty leaf-root behavior migrated to §8.15."
134,Occupancy and Underflow,4970,5006,37,6,ARCHITECTURE_CONTRACT + RATIONALE,yes,yes,REWRITE_CANONICALLY,ARCHITECTURE_NEW.md §8 — B+ Tree Indexing,MIGRATED_PASS6,"Preserve normative semantics; reorganize into the canonical subsystem chapter. Byte occupancy formula, ~25% soft underflow threshold and rationale migrated to §8.16."
135,Redistribution and Merge Policy,5007,5023,17,6,ARCHITECTURE_CONTRACT,yes,no,REWRITE_CANONICALLY,ARCHITECTURE_NEW.md §8 — B+ Tree Indexing,MIGRATED_PASS6,"Preserve normative semantics; reorganize into the canonical subsystem chapter. Redistribution-before-merge policy, parent propagation and separator update rules migrated to §8.17."
136,Leaf Merge,5024,5052,29,6,ARCHITECTURE_CONTRACT,yes,no,REWRITE_CANONICALLY,ARCHITECTURE_NEW.md §8 — B+ Tree Indexing,MIGRATED_PASS6,"Preserve normative semantics; reorganize into the canonical subsystem chapter. Deterministic right-into-left leaf merge, sibling/superblock update, parent removal and retirement migrated to §8.17.1."
137,Internal Rebalancing,5053,5070,18,6,ARCHITECTURE_CONTRACT,yes,no,REWRITE_CANONICALLY,ARCHITECTURE_NEW.md §8 — B+ Tree Indexing,MIGRATED_PASS6,Preserve normative semantics; reorganize into the canonical subsystem chapter. Internal rebalance conceptual child+separator semantics migrated to §8.17.2.
138,Tree-Local Free Page List,5071,5105,35,6,ARCHITECTURE_CONTRACT,yes,no,REWRITE_CANONICALLY,ARCHITECTURE_NEW.md §8 — B+ Tree Indexing,MIGRATED_WITH_FORMAT_GAP_PASS6,Preserve normative semantics; reorganize into the canonical subsystem chapter. Tree-local free-page list/allocation and BTREE_FREE next pointer migrated to §8.18; exact free-page payload layout remains R-014.
139,Safe Page Reuse,5106,5121,16,6,ARCHITECTURE_CONTRACT,yes,no,REWRITE_CANONICALLY,ARCHITECTURE_NEW.md §8 — B+ Tree Indexing,MIGRATED_PASS6,Preserve normative semantics; reorganize into the canonical subsystem chapter. Safe page-reuse detachment/latch/no-stale-reference conditions migrated to §8.18.1.
140,Point Lookup Concurrency,5122,5143,22,6,ARCHITECTURE_CONTRACT,yes,no,REWRITE_CANONICALLY,ARCHITECTURE_NEW.md §8 — B+ Tree Indexing,MIGRATED_PASS6,Preserve normative semantics; reorganize into the canonical subsystem chapter. Read latch coupling migrated to §8.19.1.
141,Write Concurrency,5144,5176,33,6,ARCHITECTURE_CONTRACT,yes,no,REWRITE_CANONICALLY,ARCHITECTURE_NEW.md §8 — B+ Tree Indexing,MIGRATED_PASS6,Preserve normative semantics; reorganize into the canonical subsystem chapter. Top-down write crabbing and insert/delete safety definitions migrated to §8.19.2.
142,Root Metadata Synchronization,5177,5193,17,6,ARCHITECTURE_CONTRACT,yes,no,REWRITE_CANONICALLY,ARCHITECTURE_NEW.md §8 — B+ Tree Indexing,MIGRATED_PASS6,Preserve normative semantics; reorganize into the canonical subsystem chapter. Small root metadata latch and short normal-traversal hold time migrated to §8.19.3.
143,Latch Ordering,5194,5225,32,6,ARCHITECTURE_CONTRACT,yes,no,REWRITE_CANONICALLY,ARCHITECTURE_NEW.md §8 — B+ Tree Indexing,MIGRATED_PASS6,Preserve normative semantics; reorganize into the canonical subsystem chapter. Parent-before-child vertical and left-to-right leaf horizontal latch order/restart rule migrated to §8.19.4.
144,Forward Range Scan,5226,5244,19,6,ARCHITECTURE_CONTRACT,yes,no,REWRITE_CANONICALLY,ARCHITECTURE_NEW.md §8 — B+ Tree Indexing,MIGRATED_PASS6,Preserve normative semantics; reorganize into the canonical subsystem chapter. Forward cursor guard/slot/bound state and view lifetime migrated to §8.20.
145,Leaf Handoff During Range Scan,5245,5261,17,6,ARCHITECTURE_CONTRACT,yes,no,REWRITE_CANONICALLY,ARCHITECTURE_NEW.md §8 — B+ Tree Indexing,MIGRATED_PASS6,Preserve normative semantics; reorganize into the canonical subsystem chapter. Latch-coupled leaf handoff and next-page validation/reuse safety migrated to §8.20.
146,Reverse Scans,5262,5281,20,6,ARCHITECTURE_CONTRACT,no,no,REWRITE_CANONICALLY,ARCHITECTURE_NEW.md §8 — B+ Tree Indexing,CONSOLIDATED_DEFERRED_PASS6,Preserve normative semantics; reorganize into the canonical subsystem chapter. Persistent prev links retained; native reverse scans deferred in §8.20.1 and Appendix C.
147,B+ Tree API Boundary,5282,5313,32,6,ARCHITECTURE_CONTRACT,yes,no,REWRITE_CANONICALLY,ARCHITECTURE_NEW.md §8 — B+ Tree Indexing,MIGRATED_PASS6,Preserve normative semantics; reorganize into the canonical subsystem chapter. Physical B+ operation boundary and non-ownership of SQL/MVCC/unique policy migrated to §8.21.
148,IndexKeyCodec Boundary,5314,5338,25,6,ARCHITECTURE_CONTRACT,yes,no,REWRITE_CANONICALLY,ARCHITECTURE_NEW.md §8 — B+ Tree Indexing,MIGRATED_PASS6,Preserve normative semantics; reorganize into the canonical subsystem chapter. IndexKeyCodec responsibility boundary migrated to §8.21.
149,Duplicate SQL Keys,5339,5356,18,6,ARCHITECTURE_CONTRACT,yes,no,REWRITE_CANONICALLY,ARCHITECTURE_NEW.md §8 — B+ Tree Indexing,MIGRATED_PASS6,Preserve normative semantics; reorganize into the canonical subsystem chapter. Physical duplicate-user-key legality and RID ordering even for UNIQUE indexes migrated to §8.22.
150,Unique Index Enforcement,5357,5394,38,6,ARCHITECTURE_CONTRACT,yes,no,REWRITE_CANONICALLY,ARCHITECTURE_NEW.md §8 — B+ Tree Indexing,MIGRATED_BOUNDARY_PASS6,Preserve normative semantics; reorganize into the canonical subsystem chapter. Transactional uniqueness shape migrated to §8.22.1 without importing later LockManager details.
151,UNIQUE and NULL,5395,5411,17,6,ARCHITECTURE_CONTRACT,yes,no,REWRITE_CANONICALLY,ARCHITECTURE_NEW.md §8 — B+ Tree Indexing,MIGRATED_PASS6,Preserve normative semantics; reorganize into the canonical subsystem chapter. Any-NULL-component UNIQUE duplicate allowance and normal physical storage migrated to §8.22.1.
152,MVCC Interaction,5412,5449,38,6,ARCHITECTURE_CONTRACT,yes,no,REWRITE_CANONICALLY,ARCHITECTURE_NEW.md §8 — B+ Tree Indexing,MIGRATED_PASS6,Preserve normative semantics; reorganize into the canonical subsystem chapter. Heap-owned MVCC visibility after B+ candidate/RID fetch migrated to §8.22.2.
153,Index-Only Scans,5450,5464,15,6,ARCHITECTURE_CONTRACT,no,no,REWRITE_CANONICALLY,ARCHITECTURE_NEW.md §8 — B+ Tree Indexing,CONSOLIDATED_DEFERRED_PASS6,Preserve normative semantics; reorganize into the canonical subsystem chapter. Index-only scans remain deferred in §8.22.2 and Appendix C.
154,UPDATE and DELETE Interaction,5465,5494,30,6,ARCHITECTURE_CONTRACT,yes,no,REWRITE_CANONICALLY,ARCHITECTURE_NEW.md §8 — B+ Tree Indexing,MIGRATED_PASS6,Preserve normative semantics; reorganize into the canonical subsystem chapter. UPDATE new-RID/new-entry and DELETE deferred physical cleanup migrated to §8.23.
155,Vacuum Index Cleanup,5495,5508,14,6,ARCHITECTURE_CONTRACT,yes,no,REWRITE_CANONICALLY,ARCHITECTURE_NEW.md §8 — B+ Tree Indexing,MIGRATED_PASS6,"Preserve normative semantics; reorganize into the canonical subsystem chapter. Vacuum exact Erase(key,RID) cleanup migrated to §8.23."
156,HOT-Like Optimization,5509,5520,12,6,ARCHITECTURE_CONTRACT,no,no,REWRITE_CANONICALLY,ARCHITECTURE_NEW.md §8 — B+ Tree Indexing,CONSOLIDATED_DEFERRED_PASS6,Preserve normative semantics; reorganize into the canonical subsystem chapter. HOT-like optimization remains deferred in §8.23/Appendix C.
157,Index Scan Cost Awareness,5521,5543,23,6,ARCHITECTURE_CONTRACT,yes,no,REWRITE_CANONICALLY,ARCHITECTURE_NEW.md §8 — B+ Tree Indexing,MIGRATED_CROSS_CHAPTER_PASS6,Preserve normative semantics; reorganize into the canonical subsystem chapter. Secondary-index random heap-I/O cost awareness and later improvement directions migrated to §8.24.
158,Prefix Compression,5544,5575,32,6,ARCHITECTURE_CONTRACT,no,no,REWRITE_CANONICALLY,ARCHITECTURE_NEW.md §8 — B+ Tree Indexing,CONSOLIDATED_DEFERRED_PASS6,Preserve normative semantics; reorganize into the canonical subsystem chapter. Separator/leaf compression techniques consolidated in Appendix C and §8.6.
159,Internal and Leaf Search Performance,5576,5602,27,6,ARCHITECTURE_CONTRACT,yes,no,REWRITE_CANONICALLY,ARCHITECTURE_NEW.md §8 — B+ Tree Indexing,MIGRATED_PASS6,Preserve normative semantics; reorganize into the canonical subsystem chapter. Binary search hot path and sequential post-start range iteration migrated to §8.11.
160,Root/Internal Page Caching,5603,5616,14,6,ARCHITECTURE_CONTRACT,yes,no,REWRITE_CANONICALLY,ARCHITECTURE_NEW.md §8 — B+ Tree Indexing,MIGRATED_PASS6,Preserve normative semantics; reorganize into the canonical subsystem chapter. Root/internal pages stay ordinary BufferPool pages; no second cache migrated to §8.24.
161,Structural Modification vs User Transaction,5617,5661,45,6,ARCHITECTURE_CONTRACT,yes,no,REWRITE_CANONICALLY,ARCHITECTURE_NEW.md §8 — B+ Tree Indexing,MIGRATED_WITH_LATER_REFINEMENT_PASS6,Preserve normative semantics; reorganize into the canonical subsystem chapter. Logical-vs-structural distinction migrated to §8.25; older suggestion that a logical index insert may be undone is superseded by later no-physical-user-DML-undo architecture and recorded as R-016.
162,WAL Direction for Structural Operations,5662,5689,28,6,ARCHITECTURE_CONTRACT,yes,no,REWRITE_CANONICALLY,ARCHITECTURE_NEW.md §8 — B+ Tree Indexing,MIGRATED_WITH_LATER_REFINEMENT_PASS6,Preserve normative semantics; reorganize into the canonical subsystem chapter. Structural changes as recovery-safe system actions migrated to §8.25; exact B+ MTR/WAL protocol remains owned by later durability pass.
163,Page LSN and WAL Ordering,5690,5717,28,6,ARCHITECTURE_CONTRACT,yes,no,REWRITE_CANONICALLY,ARCHITECTURE_NEW.md §8 — B+ Tree Indexing,MIGRATED_PASS6,Preserve normative semantics; reorganize into the canonical subsystem chapter. All listed B+ mutations participate in page-LSN/WAL-before-data rules via BufferPool in §8.25.1.
164,Structural Publication Invariant,5718,5736,19,6,ARCHITECTURE_CONTRACT,yes,no,REWRITE_CANONICALLY,ARCHITECTURE_NEW.md §8 — B+ Tree Indexing,MIGRATED_PASS6,Preserve normative semantics; reorganize into the canonical subsystem chapter. Initialize-before-publish and runtime latch/publication invariant migrated to §8.26.
165,Page Validation,5737,5761,25,6,ARCHITECTURE_CONTRACT,yes,no,REWRITE_CANONICALLY,ARCHITECTURE_NEW.md §8 — B+ Tree Indexing,MIGRATED_WITH_FORMAT_GAP_PASS6,Preserve normative semantics; reorganize into the canonical subsystem chapter. Minimum page validation and controlled-corruption rule migrated to §8.27; missing exact B+ version/header/flags/reserved rules remain R-014.
166,Full Tree Verifier,5762,5786,25,6,ARCHITECTURE_CONTRACT,yes,no,REWRITE_CANONICALLY,ARCHITECTURE_NEW.md §8 — B+ Tree Indexing,MIGRATED_PASS6,Preserve normative semantics; reorganize into the canonical subsystem chapter. Complete 12-item tree verifier contract migrated to §8.28.
167,B+ Tree Milestone 1,5787,5811,25,6,PROJECT_ROADMAP / MILESTONE,yes,no,MOVE_OUT_OF_ARCHITECTURE,DEVELOPMENT.md (proposed),MOVED_OUT_PASS6,Implementation sequence and milestone targets are project planning rather than system architecture. B+ Milestone 1 implementation sequencing removed from architecture and preserved in legacy source pending DEVELOPMENT.md.
168,B+ Tree Milestone 2,5812,5831,20,6,PROJECT_ROADMAP / MILESTONE,yes,no,MOVE_OUT_OF_ARCHITECTURE,DEVELOPMENT.md (proposed),MOVED_OUT_PASS6,Implementation sequence and milestone targets are project planning rather than system architecture. B+ Milestone 2 implementation sequencing removed from architecture and preserved in legacy source pending DEVELOPMENT.md.
169,B+ Tree Milestone 3,5832,5849,18,6,PROJECT_ROADMAP / MILESTONE,yes,no,MOVE_OUT_OF_ARCHITECTURE,DEVELOPMENT.md (proposed),MOVED_OUT_PASS6,Implementation sequence and milestone targets are project planning rather than system architecture. B+ Milestone 3 implementation sequencing removed from architecture and preserved in legacy source pending DEVELOPMENT.md.
170,Required Deterministic Tests,5850,5885,36,6,VERIFICATION_REQUIREMENT,yes,no,SPLIT_AND_MERGE,ARCHITECTURE_NEW.md §41 — Verification Requirements + VERIFICATION.md (proposed),SPLIT_VERIFICATION_PASS6,Keep architecture-level verification obligations; move detailed test recipes/checklists to verification documentation. Architectural deterministic structural/key-format verification obligations migrated to §41.2; milestone test recipe remains outside contract.
171,Duplicate Stress Test,5886,5905,20,6,VERIFICATION_REQUIREMENT,yes,no,SPLIT_AND_MERGE,ARCHITECTURE_NEW.md §41 — Verification Requirements + VERIFICATION.md (proposed),SPLIT_VERIFICATION_PASS6,Keep architecture-level verification obligations; move detailed test recipes/checklists to verification documentation. Duplicate-spanning-leaves physical-order verification migrated to §41.2.
172,Randomized Tests,5906,5934,29,6,VERIFICATION_REQUIREMENT,yes,no,SPLIT_AND_MERGE,ARCHITECTURE_NEW.md §41 — Verification Requirements + VERIFICATION.md (proposed),SPLIT_VERIFICATION_PASS6,Keep architecture-level verification obligations; move detailed test recipes/checklists to verification documentation. Randomized sorted-oracle/reopen/reproducible-seed requirements migrated to §41.2.
173,Concurrent Tests,5935,5954,20,6,VERIFICATION_REQUIREMENT,yes,no,SPLIT_AND_MERGE,ARCHITECTURE_NEW.md §41 — Verification Requirements + VERIFICATION.md (proposed),SPLIT_VERIFICATION_PASS6,Keep architecture-level verification obligations; move detailed test recipes/checklists to verification documentation. Concurrent stress/deadlock/tiny-buffer obligations migrated to §41.2.
174,B+ Tree Benchmarks,5955,6011,57,6,PERFORMANCE_VERIFICATION,yes,no,SPLIT_AND_MERGE,ARCHITECTURE_NEW.md §42 — Performance Requirements + VERIFICATION.md (proposed),SPLIT_PERFORMANCE_PASS6,Keep required performance properties/metrics; move benchmark procedures/checklists to verification documentation. B+ benchmark metrics/key-shapes/hot-vs-larger-than-buffer dimensions migrated to §42.1; procedural benchmark plan remains outside architecture.
175,Deliberately Deferred B+ Tree Features,6012,6039,28,6,DEFERRED_SCOPE,yes,no,CONSOLIDATE,ARCHITECTURE_NEW.md §C — Deferred Features and Future Experiments,CONSOLIDATED_DEFERRED_PASS6,Preserve explicitly deferred functionality as a scope boundary and consolidate it by subsystem. Deferred B+ feature set consolidated into Appendix C.
176,First Post-Correctness Optimization Candidates,6040,6058,19,6,FUTURE_EXPERIMENTS / RATIONALE,yes,no,CONSOLIDATE,ARCHITECTURE_NEW.md §C — Deferred Features and Future Experiments,CONSOLIDATED_FUTURE_PASS6,Preserve future experiment ideas without presenting them as current v1 requirements. Future post-correctness B+ experiments consolidated into Appendix C without implementation-order/tuning instructions.
177,B+ Tree Invariants,6059,6087,29,6,ARCHITECTURAL_INVARIANTS,yes,no,MERGE_AND_DEDUPLICATE,ARCHITECTURE_NEW.md §B — Global Invariants,MIGRATED_INVARIANTS_PASS6,Preserve every invariant; colocate subsystem-specific invariants with their owning chapters where useful. All 20 legacy B+ invariants preserved/expanded in §8.29 with AI-specific wording removed.
178,Decisions Added by the B+ Tree Architecture,6088,6126,39,6,ARCHITECTURE_DECISION_SUMMARY,yes,no,MERGE_AND_DEDUPLICATE,ARCHITECTURE_NEW.md §8 — B+ Tree Indexing,MERGED_DEDUP_PASS6,Decision summaries duplicate detailed contracts; preserve unique rationale and ensure each decision has one canonical definition. B+ decision-summary items verified against canonical §8 and deduplicated; historical 'no choice requires input' status not retained.
179,Next Architecture Stage,6127,6167,41,6,PROJECT_ROADMAP / HISTORICAL_DESIGN_SEQUENCE,no,no,MOVE_OUT_OF_ARCHITECTURE,DEVELOPMENT.md (proposed) / archived legacy contract,MOVED_OUT_PASS6,"Describes what design work should happen next, not the resulting architecture. Next transaction/durability design-stage roadmap removed from technical architecture; transaction §180+ remains pending Pass 7/8."
180,"Transaction, MVCC, Locking, WAL, Recovery, and Vacuum Contract",6168,6207,40,7,SUBSYSTEM_CONTRACT_INTRODUCTION,yes,no,MERGE_INTO_PART_INTRODUCTION,ARCHITECTURE_NEW.md §9 — Transaction Lifecycle and Snapshots,MIGRATED_PASS7,Use as subsystem framing; do not retain a second independent contract layer. Transaction subsystem coordination framing migrated to §9.1 while WAL/recovery/vacuum implementation details remain with their later owner chapters.
181,Architecture Refinement: No Physical User-Transaction Undo,6208,6287,80,7,ARCHITECTURE_CONTRACT + RATIONALE,yes,yes,REWRITE_CANONICALLY,ARCHITECTURE_NEW.md §12 — Write-Ahead Logging and Commit Durability,MIGRATED_REFINEMENT_PASS7,Preserve normative semantics; reorganize into the canonical subsystem chapter. No-physical-user-DML-undo refinement and aborted INSERT/DELETE/UPDATE logical effects migrated to §10.1; later recovery mechanism remains outside Pass 7.
182,Reserved Transaction IDs,6288,6315,28,7,ARCHITECTURE_CONTRACT,yes,no,REWRITE_CANONICALLY,ARCHITECTURE_NEW.md §9 — Transaction Lifecycle and Snapshots,MIGRATED_PASS7,"Preserve normative semantics; reorganize into the canonical subsystem chapter. INVALID/FROZEN/FIRST_NORMAL TxnId values, monotonic non-reuse, and freezing rationale migrated to §9.2."
183,Durable Transaction-ID Reservation,6316,6349,34,7,ARCHITECTURE_CONTRACT,yes,no,REWRITE_CANONICALLY,ARCHITECTURE_NEW.md §9 — Transaction Lifecycle and Snapshots,MIGRATED_WITH_GAP_PASS7,"Preserve normative semantics; reorganize into the canonical subsystem chapter. 1,048,576-ID durable reservation-block rule and crash-gap/non-reuse semantics migrated to §9.3. Exact reserved_txn_id_end inclusivity remains R-023; control-file physical format remains Pass 8."
184,Transaction Object,6350,6382,33,7,ARCHITECTURE_CONTRACT,yes,no,REWRITE_CANONICALLY,ARCHITECTURE_NEW.md §9 — Transaction Lifecycle and Snapshots,MIGRATED_PASS7,"Preserve normative semantics; reorganize into the canonical subsystem chapter. Transaction conceptual fields, state set, monotonic/terminal lifecycle semantics migrated to §9.4."
185,Isolation Levels,6383,6413,31,7,ARCHITECTURE_CONTRACT,yes,no,REWRITE_CANONICALLY,ARCHITECTURE_NEW.md §9 — Transaction Lifecycle and Snapshots,MIGRATED_PASS7,"Preserve normative semantics; reorganize into the canonical subsystem chapter. READ COMMITTED default, REPEATABLE READ=snapshot isolation, non-serializable wording, and deferred SSI/predicate mechanisms migrated to §9.5/Appendix C."
186,Command IDs,6414,6445,32,7,ARCHITECTURE_CONTRACT,yes,no,REWRITE_CANONICALLY,ARCHITECTURE_NEW.md §9 — Transaction Lifecycle and Snapshots,MIGRATED_PASS7,"Preserve normative semantics; reorganize into the canonical subsystem chapter. CommandId zero validity, one increment per completed statement, and cmin/cmax statement-order purpose migrated to §9.6."
187,Snapshot Representation,6446,6507,62,7,ARCHITECTURE_CONTRACT,yes,no,REWRITE_CANONICALLY,ARCHITECTURE_NEW.md §9 — Transaction Lifecycle and Snapshots,MIGRATED_WITH_GAP_PASS7,Preserve normative semantics; reorganize into the canonical subsystem chapter. Snapshot xmin/xmax/active/owner/command representation and visibility meanings migrated to §9.7. Exact owner-in-active/xmin derivation remains R-024.
188,Snapshot Capture Synchronization,6508,6540,33,7,ARCHITECTURE_CONTRACT,yes,no,REWRITE_CANONICALLY,ARCHITECTURE_NEW.md §9 — Transaction Lifecycle and Snapshots,MIGRATED_PASS7,Preserve normative semantics; reorganize into the canonical subsystem chapter. Atomic snapshot high-water-mark + active-registry capture and short synchronization lifetime migrated to §9.8.
189,READ COMMITTED Snapshots,6541,6564,24,7,ARCHITECTURE_CONTRACT,yes,no,REWRITE_CANONICALLY,ARCHITECTURE_NEW.md §9 — Transaction Lifecycle and Snapshots,MIGRATED_PASS7,Preserve normative semantics; reorganize into the canonical subsystem chapter. Per-statement stable READ COMMITTED snapshot registration/completion semantics migrated to §9.9.
190,REPEATABLE READ Snapshots,6565,6590,26,7,ARCHITECTURE_CONTRACT,yes,no,REWRITE_CANONICALLY,ARCHITECTURE_NEW.md §9 — Transaction Lifecycle and Snapshots,MIGRATED_PASS7,"Preserve normative semantics; reorganize into the canonical subsystem chapter. First-statement transaction snapshot, later command-id updates, transaction-lifetime registration/vacuum pinning migrated to §9.10."
191,Transaction Status Store,6591,6622,32,7,ARCHITECTURE_CONTRACT,yes,no,REWRITE_CANONICALLY,ARCHITECTURE_NEW.md §9 — Transaction Lifecycle and Snapshots,MIGRATED_WITH_FORMAT_GAP_PASS7,"Preserve normative semantics; reorganize into the canonical subsystem chapter. txn_status.dat, page organization, four persistent status names, runtime IN_PROGRESS model, and 2-bit capacity migrated to §9.11; missing persistent codes/RESERVED semantics recorded as R-022."
192,Transaction Status Page Mapping,6623,6650,28,7,ARCHITECTURE_CONTRACT,yes,no,REWRITE_CANONICALLY,ARCHITECTURE_NEW.md §9 — Transaction Lifecycle and Snapshots,MIGRATED_WITH_FORMAT_GAP_PASS7,"Preserve normative semantics; reorganize into the canonical subsystem chapter. 32-byte header, 8160-byte payload, 32,640 statuses/page and pure mapping requirement migrated to §9.12; exact mapping arithmetic remains R-022."
193,Transaction Status Lookup,6651,6684,34,7,ARCHITECTURE_CONTRACT,yes,no,REWRITE_CANONICALLY,ARCHITECTURE_NEW.md §9 — Transaction Lifecycle and Snapshots,MIGRATED_PASS7,Preserve normative semantics; reorganize into the canonical subsystem chapter. FROZEN/SELF/IN_PROGRESS/terminal lookup order and unknown-referenced-TxnId invariant migrated to §9.13.
194,Commit Status Publication,6685,6714,30,7,ARCHITECTURE_CONTRACT,yes,no,REWRITE_CANONICALLY,ARCHITECTURE_NEW.md §9 — Transaction Lifecycle and Snapshots,MIGRATED_BOUNDARY_PASS7,"Preserve normative semantics; reorganize into the canonical subsystem chapter. Commit visibility/publication ordering, status-page non-force rule and page-LSN relationship migrated to §9.14.1 without importing WAL layout/group-commit mechanics."
195,Abort Status Publication,6715,6744,30,7,ARCHITECTURE_CONTRACT + RATIONALE,yes,yes,REWRITE_CANONICALLY,ARCHITECTURE_NEW.md §9 — Transaction Lifecycle and Snapshots,MIGRATED_BOUNDARY_PASS7,"Preserve normative semantics; reorganize into the canonical subsystem chapter. Abort publication ordering, conditional abort WAL presence, no immediate fsync requirement, and loser fallback migrated to §9.14.2 without importing recovery implementation."
196,Read-Only Transactions,6745,6765,21,7,ARCHITECTURE_CONTRACT,yes,no,REWRITE_CANONICALLY,ARCHITECTURE_NEW.md §9 — Transaction Lifecycle and Snapshots,MIGRATED_PASS7,Preserve normative semantics; reorganize into the canonical subsystem chapter. Read-only transaction TxnId/snapshot participation with no commit-WAL/status requirement migrated to §9.15.
197,Tuple Visibility: Creator Rule,6766,6810,45,7,ARCHITECTURE_CONTRACT,yes,no,REWRITE_CANONICALLY,ARCHITECTURE_NEW.md §10 — MVCC Visibility and Tuple-Version Semantics,MIGRATED_PASS7,Preserve normative semantics; reorganize into the canonical subsystem chapter. Exact creator visibility algorithm including FROZEN/self cmin/committed/xmax/active rules migrated to §10.2.
198,Tuple Visibility: Deleter Rule,6811,6883,73,7,ARCHITECTURE_CONTRACT,yes,no,REWRITE_CANONICALLY,ARCHITECTURE_NEW.md §10 — MVCC Visibility and Tuple-Version Semantics,MIGRATED_PASS7,"Preserve normative semantics; reorganize into the canonical subsystem chapter. Exact deleter visibility algorithm including self cmax, aborted/in-progress/committed-other rules migrated to §10.3."
199,Visibility Algorithm Summary,6884,6903,20,7,ARCHITECTURE_CONTRACT,yes,no,REWRITE_CANONICALLY,ARCHITECTURE_NEW.md §10 — MVCC Visibility and Tuple-Version Semantics,MIGRATED_PASS7,Preserve normative semantics; reorganize into the canonical subsystem chapter. Visibility evaluation order and no-read-lock rule migrated to §10.4.
200,Hint Cleanup,6904,6943,40,7,ARCHITECTURE_CONTRACT,yes,no,REWRITE_CANONICALLY,ARCHITECTURE_NEW.md §10 — MVCC Visibility and Tuple-Version Semantics,MIGRATED_BOUNDARY_PASS7,Preserve normative semantics; reorganize into the canonical subsystem chapter. Aborted-xmax cleanup and ancient-creator FROZEN cleanup migrated to §10.5; exact freeze horizon remains for Pass 9.
201,Logical Lock Types,6944,6969,26,7,ARCHITECTURE_CONTRACT,yes,no,REWRITE_CANONICALLY,ARCHITECTURE_NEW.md §11 — Logical Locking and Write Conflicts,MIGRATED_PASS7,Preserve normative semantics; reorganize into the canonical subsystem chapter. Exclusive-only TUPLE_WRITE/UNIQUE_KEY v1 LockManager scope and future lock families migrated to §11.1/Appendix C.
202,Tuple Write Lock Key,6970,6987,18,7,ARCHITECTURE_CONTRACT,yes,no,REWRITE_CANONICALLY,ARCHITECTURE_NEW.md §11 — Logical Locking and Write Conflicts,MIGRATED_PASS7,"Preserve normative semantics; reorganize into the canonical subsystem chapter. Tuple-write key `(TableId, physical RID)` and mandatory post-wait refetch/revalidation migrated to §11.2."
203,Critical Lock/Latch Rule,6988,7018,31,7,ARCHITECTURE_CONTRACT,yes,no,REWRITE_CANONICALLY,ARCHITECTURE_NEW.md §11 — Logical Locking and Write Conflicts,MIGRATED_PASS7,Preserve normative semantics; reorganize into the canonical subsystem chapter. Never wait on logical locks while holding heap/B+/buffer/structural latches; release-lock-refetch pattern migrated to §11.3.
204,UPDATE / DELETE Write Conflict Protocol,7019,7058,40,7,ARCHITECTURE_CONTRACT,yes,no,REWRITE_CANONICALLY,ARCHITECTURE_NEW.md §11 — Logical Locking and Write Conflicts,MIGRATED_PASS7,Preserve normative semantics; reorganize into the canonical subsystem chapter. Complete UPDATE/DELETE tuple-write conflict cases and aborted/in-progress handling migrated to §11.4.
205,READ COMMITTED Write Conflict Behavior,7059,7087,29,7,ARCHITECTURE_CONTRACT,yes,no,REWRITE_CANONICALLY,ARCHITECTURE_NEW.md §11 — Logical Locking and Write Conflicts,MIGRATED_BOUNDARY_PASS7,Preserve normative semantics; reorganize into the canonical subsystem chapter. READ COMMITTED committed-writer response as fresh-snapshot statement retry/re-evaluation migrated to §11.5; external retry-safe output boundary remains Pass 9.
206,REPEATABLE READ Write Conflict Behavior,7088,7103,16,7,ARCHITECTURE_CONTRACT,yes,no,REWRITE_CANONICALLY,ARCHITECTURE_NEW.md §11 — Logical Locking and Write Conflicts,MIGRATED_PASS7,Preserve normative semantics; reorganize into the canonical subsystem chapter. REPEATABLE READ/snapshot-isolation post-snapshot write conflict abort / first-updater-wins rule migrated to §11.6.
207,Lost-Update Prevention,7104,7125,22,7,ARCHITECTURE_CONTRACT + RATIONALE,yes,yes,REWRITE_CANONICALLY,ARCHITECTURE_NEW.md §11 — Logical Locking and Write Conflicts,MIGRATED_PASS7,Preserve normative semantics; reorganize into the canonical subsystem chapter. Lost-update prevention combination and write-skew limitation migrated to §11.7.
208,Unique-Key Lock Key,7126,7142,17,7,ARCHITECTURE_CONTRACT,yes,no,REWRITE_CANONICALLY,ARCHITECTURE_NEW.md §11 — Logical Locking and Write Conflicts,MIGRATED_PASS7,"Preserve normative semantics; reorganize into the canonical subsystem chapter. UniqueLockKey `(IndexId, full encoded user-key bytes)` and full-key collision resolution migrated to §11.8."
209,Unique-Key Lock Protocol,7143,7166,24,7,ARCHITECTURE_CONTRACT,yes,no,REWRITE_CANONICALLY,ARCHITECTURE_NEW.md §11 — Logical Locking and Write Conflicts,MIGRATED_PASS7,"Preserve normative semantics; reorganize into the canonical subsystem chapter. Unique-key lock acquisition for INSERT/UPDATE/DELETE, transaction duration, deterministic key order, NULL-key rule migrated to §11.9."
210,Unique Check Semantics,7167,7184,18,7,ARCHITECTURE_CONTRACT,yes,no,REWRITE_CANONICALLY,ARCHITECTURE_NEW.md §11 — Logical Locking and Write Conflicts,MIGRATED_PASS7,Preserve normative semantics; reorganize into the canonical subsystem chapter. Current-state uniqueness scan across all physical B+ matches and heap/status evaluation migrated to §11.10.
211,Lock Duration,7185,7202,18,7,ARCHITECTURE_CONTRACT,yes,no,REWRITE_CANONICALLY,ARCHITECTURE_NEW.md §11 — Logical Locking and Write Conflicts,MIGRATED_PASS7,Preserve normative semantics; reorganize into the canonical subsystem chapter. Strict transaction-duration tuple/unique lock lifetime migrated to §11.11.
212,Lock Table,7203,7233,31,7,ARCHITECTURE_CONTRACT,yes,no,REWRITE_CANONICALLY,ARCHITECTURE_NEW.md §11 — Logical Locking and Write Conflicts,MIGRATED_PASS7,"Preserve normative semantics; reorganize into the canonical subsystem chapter. Initial mutex/hash-map LockQueue, current owner/FIFO waiters, exclusive compatibility and future extensibility migrated to §11.12."
213,Deadlock Detection,7234,7262,29,7,ARCHITECTURE_CONTRACT,yes,no,REWRITE_CANONICALLY,ARCHITECTURE_NEW.md §11 — Logical Locking and Write Conflicts,MIGRATED_PASS7,"Preserve normative semantics; reorganize into the canonical subsystem chapter. Wait-for graph, cycle detection options, highest-TxnId victim, cancellation/wakeup and timeout fallback migrated to §11.13."
214,B+ Tree Latches Are Not LockManager Locks,7263,7282,20,7,ARCHITECTURE_CONTRACT,yes,no,REWRITE_CANONICALLY,ARCHITECTURE_NEW.md §11 — Logical Locking and Write Conflicts,MIGRATED_PASS7,Preserve normative semantics; reorganize into the canonical subsystem chapter. Hard separation between B+/heap/buffer latches and LockManager logical locks migrated to §11.14.
215,WAL Physical Organization,7283,7318,36,8,ARCHITECTURE_CONTRACT,yes,no,REWRITE_CANONICALLY,ARCHITECTURE_NEW.md §12 — Write-Ahead Logging and Commit Durability,MIGRATED_PASS8,"Preserve normative semantics; reorganize into the canonical subsystem chapter. One logical WAL stream, 64 MiB segments, LSN byte-position semantics and rationale migrated to §12.2."
216,WAL Record Alignment,7319,7341,23,8,ARCHITECTURE_CONTRACT,yes,no,REWRITE_CANONICALLY,ARCHITECTURE_NEW.md §12 — Write-Ahead Logging and Commit Durability,MIGRATED_WITH_FORMAT_GAP_PASS8,"Preserve normative semantics; reorganize into the canonical subsystem chapter. 8-byte alignment, no record crossing a segment, and padding behavior migrated to §12.3; exact padding/length grammar remains R-025."
217,WAL Record Header,7342,7376,35,8,ARCHITECTURE_CONTRACT,yes,no,REWRITE_CANONICALLY,ARCHITECTURE_NEW.md §12 — Write-Ahead Logging and Commit Durability,MIGRATED_WITH_FORMAT_GAP_PASS8,Preserve normative semantics; reorganize into the canonical subsystem chapter. Exact 48-byte WAL header and CRC semantic coverage migrated to §12.4; codes/flags/reserved/length convention remain R-025.
218,Per-Transaction WAL Chain,7377,7411,35,8,ARCHITECTURE_CONTRACT,yes,no,REWRITE_CANONICALLY,ARCHITECTURE_NEW.md §12 — Write-Ahead Logging and Commit Durability,MIGRATED_PASS8,Preserve normative semantics; reorganize into the canonical subsystem chapter. Per-transaction WAL chain and system-record zero identity migrated to §12.5.
219,WAL Record Types,7412,7440,29,8,ARCHITECTURE_CONTRACT,yes,no,REWRITE_CANONICALLY,ARCHITECTURE_NEW.md §12 — Write-Ahead Logging and Commit Durability,MIGRATED_WITH_FORMAT_GAP_PASS8,Preserve normative semantics; reorganize into the canonical subsystem chapter. Initial WAL record families migrated to §12.6; numeric record_type codes remain R-025.
220,PAGE_DELTA Record,7441,7481,41,8,ARCHITECTURE_CONTRACT,yes,no,REWRITE_CANONICALLY,ARCHITECTURE_NEW.md §12 — Write-Ahead Logging and Commit Durability,MIGRATED_WITH_FORMAT_GAP_PASS8,"Preserve normative semantics; reorganize into the canonical subsystem chapter. PAGE_DELTA physiological redo, complete patches and page_lsn rule migrated to §12.7; payload byte grammar remains R-025."
221,PAGE_INIT Record,7482,7504,23,8,ARCHITECTURE_CONTRACT,yes,no,REWRITE_CANONICALLY,ARCHITECTURE_NEW.md §12 — Write-Ahead Logging and Commit Durability,MIGRATED_WITH_FORMAT_GAP_PASS8,Preserve normative semantics; reorganize into the canonical subsystem chapter. PAGE_INIT full page after-image/use cases migrated to §12.8; payload metadata bytes remain R-025.
222,Torn-Page Protection,7505,7528,24,8,ARCHITECTURE_CONTRACT,yes,no,REWRITE_CANONICALLY,ARCHITECTURE_NEW.md §12 — Write-Ahead Logging and Commit Durability,MIGRATED_PASS8,Preserve normative semantics; reorganize into the canonical subsystem chapter. First post-checkpoint modification full-page-image rule migrated to §12.9.
223,Full-Page Image Semantics,7529,7557,29,8,ARCHITECTURE_CONTRACT,yes,no,REWRITE_CANONICALLY,ARCHITECTURE_NEW.md §12 — Write-Ahead Logging and Commit Durability,MIGRATED_PASS8,Preserve normative semantics; reorganize into the canonical subsystem chapter. PAGE_IMAGE complete after-image/torn-page redo/FPI epoch semantics migrated to §12.9.1.
224,Why Full-Page Images Are Checkpoint-Epoch Based,7558,7583,26,8,ARCHITECTURE_CONTRACT + RATIONALE,yes,yes,REWRITE_CANONICALLY,ARCHITECTURE_NEW.md §12 — Write-Ahead Logging and Commit Durability,MIGRATED_RATIONALE_PASS8,Preserve normative semantics; reorganize into the canonical subsystem chapter. Checkpoint-epoch full-page-image rationale migrated to §12.9.2.
225,B+ Tree Mini-Transactions,7584,7611,28,8,ARCHITECTURE_CONTRACT,yes,no,REWRITE_CANONICALLY,ARCHITECTURE_NEW.md §12 — Write-Ahead Logging and Commit Durability,MIGRATED_PASS8,Preserve normative semantics; reorganize into the canonical subsystem chapter. All B+ mutations as redoable non-user-rollback MTR actions migrated to §12.10.
226,Atomic BTREE_MTR WAL Record,7612,7642,31,8,ARCHITECTURE_CONTRACT,yes,no,REWRITE_CANONICALLY,ARCHITECTURE_NEW.md §12 — Write-Ahead Logging and Commit Durability,MIGRATED_WITH_FORMAT_GAP_PASS8,Preserve normative semantics; reorganize into the canonical subsystem chapter. Atomic one-record BTREE_MTR and common MTR page_lsn semantics migrated to §12.10.1; payload grammar remains R-025.
227,B+ Mini-Transaction No-Flush Barrier,7643,7682,40,8,ARCHITECTURE_CONTRACT,yes,no,REWRITE_CANONICALLY,ARCHITECTURE_NEW.md §12 — Write-Ahead Logging and Commit Durability,MIGRATED_PASS8,Preserve normative semantics; reorganize into the canonical subsystem chapter. MTR no-flush barrier and seven-step protocol migrated to §12.10.2 and synchronized with Chapters 7–8.
228,B+ Tree Changes Survive User Abort,7683,7709,27,8,ARCHITECTURE_CONTRACT,yes,no,REWRITE_CANONICALLY,ARCHITECTURE_NEW.md §12 — Write-Ahead Logging and Commit Durability,MIGRATED_PASS8,Preserve normative semantics; reorganize into the canonical subsystem chapter. B+ physical entry/tree-shape survival across user abort migrated to §12.10.3.
229,Heap WAL Ordering Relative to Index WAL,7710,7728,19,8,ARCHITECTURE_CONTRACT,yes,no,REWRITE_CANONICALLY,ARCHITECTURE_NEW.md §12 — Write-Ahead Logging and Commit Durability,MIGRATED_PASS8,Preserve normative semantics; reorganize into the canonical subsystem chapter. Heap redo before index MTR dependency migrated to §12.11.
230,WAL Buffer,7729,7763,35,8,ARCHITECTURE_CONTRACT,yes,no,REWRITE_CANONICALLY,ARCHITECTURE_NEW.md §12 — Write-Ahead Logging and Commit Durability,MIGRATED_PASS8,"Preserve normative semantics; reorganize into the canonical subsystem chapter. 8 MiB WAL append buffer, initial mutex and future implementation freedom migrated to §12.12."
231,WAL Writer / Flusher,7764,7786,23,8,ARCHITECTURE_CONTRACT,yes,no,REWRITE_CANONICALLY,ARCHITECTURE_NEW.md §12 — Write-Ahead Logging and Commit Durability,MIGRATED_PASS8,"Preserve normative semantics; reorganize into the canonical subsystem chapter. Dedicated WAL writer/flusher, fdatasync, durable_lsn, wakeup and ~10ms background default migrated to §12.13."
232,Group Commit,7787,7815,29,8,ARCHITECTURE_CONTRACT,yes,no,REWRITE_CANONICALLY,ARCHITECTURE_NEW.md §12 — Write-Ahead Logging and Commit Durability,MIGRATED_PASS8,Preserve normative semantics; reorganize into the canonical subsystem chapter. Mandatory group commit migrated to §12.14.
233,Commit Coordinator,7816,7838,23,8,ARCHITECTURE_CONTRACT,yes,no,REWRITE_CANONICALLY,ARCHITECTURE_NEW.md §12 — Write-Ahead Logging and Commit Durability,MIGRATED_PASS8,Preserve normative semantics; reorganize into the canonical subsystem chapter. CommitCoordinator monotonic durable_lsn wait and instrumentation migrated to §12.14.
234,Synchronous Commit,7839,7860,22,8,ARCHITECTURE_CONTRACT,yes,no,REWRITE_CANONICALLY,ARCHITECTURE_NEW.md §12 — Write-Ahead Logging and Commit Durability,MIGRATED_PASS8,Preserve normative semantics; reorganize into the canonical subsystem chapter. Synchronous commit and async deferral migrated to §12.15/Appendix C.
235,Dirty Page recLSN,7861,7897,37,8,ARCHITECTURE_CONTRACT,yes,no,REWRITE_CANONICALLY,ARCHITECTURE_NEW.md §12 — Write-Ahead Logging and Commit Durability,MIGRATED_CROSS_CHAPTER_PASS8,Preserve normative semantics; reorganize into the canonical subsystem chapter. Exact rec_lsn dirty-interval semantics migrated to §12.16 and synchronized into Chapter 7.
236,WAL-Before-Data Restatement,7898,7926,29,8,ARCHITECTURE_CONTRACT,yes,no,REWRITE_CANONICALLY,ARCHITECTURE_NEW.md §12 — Write-Ahead Logging and Commit Durability,MIGRATED_PASS8,Preserve normative semantics; reorganize into the canonical subsystem chapter. WAL-before-data across page classes plus MTR no-flush barrier migrated to §12.17.
237,Database Control File,7927,7970,44,8,ARCHITECTURE_CONTRACT,yes,no,REWRITE_CANONICALLY,ARCHITECTURE_NEW.md §13 — Checkpointing and Crash Recovery,MIGRATED_WITH_FORMAT_GAP_PASS8,"Preserve normative semantics; reorganize into the canonical subsystem chapter. 8192-byte database.control, 2x4096 slots, semantic fields/highest-generation selection migrated to §13.2; byte codec remains R-026."
238,Control File Update Frequency,7971,7984,14,8,ARCHITECTURE_CONTRACT,yes,no,REWRITE_CANONICALLY,ARCHITECTURE_NEW.md §13 — Checkpointing and Crash Recovery,MIGRATED_PASS8,Preserve normative semantics; reorganize into the canonical subsystem chapter. Control file durable update frequency migrated to §13.3.
239,Fuzzy Checkpoint Goal,7985,7996,12,8,ARCHITECTURE_CONTRACT,yes,no,REWRITE_CANONICALLY,ARCHITECTURE_NEW.md §13 — Checkpointing and Crash Recovery,MIGRATED_PASS8,Preserve normative semantics; reorganize into the canonical subsystem chapter. Fuzzy checkpoint goal migrated to §13.4.
240,Checkpoint Protocol,7997,8018,22,8,ARCHITECTURE_CONTRACT,yes,no,REWRITE_CANONICALLY,ARCHITECTURE_NEW.md §13 — Checkpointing and Crash Recovery,MIGRATED_WITH_FORMAT_GAP_PASS8,Preserve normative semantics; reorganize into the canonical subsystem chapter. Checkpoint capture/install/FPI-epoch protocol migrated to §13.5; exact checkpoint identity remains R-027.
241,Dirty-Page Table Checkpoint Entry,8019,8037,19,8,ARCHITECTURE_CONTRACT,yes,no,REWRITE_CANONICALLY,ARCHITECTURE_NEW.md §13 — Checkpointing and Crash Recovery,MIGRATED_PASS8,"Preserve normative semantics; reorganize into the canonical subsystem chapter. DPT `(PageId,rec_lsn)` capture and synchronization rule migrated to §13.6."
242,Active Writer Transaction Checkpoint Entry,8038,8056,19,8,ARCHITECTURE_CONTRACT,yes,no,REWRITE_CANONICALLY,ARCHITECTURE_NEW.md §13 — Checkpointing and Crash Recovery,MIGRATED_PASS8,"Preserve normative semantics; reorganize into the canonical subsystem chapter. Active writer checkpoint entry `(TxnId,last_wal_lsn)` migrated to §13.7."
243,Checkpoint Data Chunking,8057,8079,23,8,ARCHITECTURE_CONTRACT,yes,no,REWRITE_CANONICALLY,ARCHITECTURE_NEW.md §13 — Checkpointing and Crash Recovery,MIGRATED_WITH_FORMAT_GAP_PASS8,Preserve normative semantics; reorganize into the canonical subsystem chapter. Checkpoint chunking/completeness/control update ordering migrated to §13.8; exact framing remains R-025/R-027.
244,Checkpoint Redo Start,8080,8102,23,8,ARCHITECTURE_CONTRACT,yes,no,REWRITE_CANONICALLY,ARCHITECTURE_NEW.md §13 — Checkpointing and Crash Recovery,MIGRATED_PASS8,Preserve normative semantics; reorganize into the canonical subsystem chapter. Redo start=min DPT rec_lsn with checkpoint fallback migrated to §13.9.
245,WAL Recycling,8103,8125,23,8,ARCHITECTURE_CONTRACT,yes,no,REWRITE_CANONICALLY,ARCHITECTURE_NEW.md §13 — Checkpointing and Crash Recovery,MIGRATED_PASS8,Preserve normative semantics; reorganize into the canonical subsystem chapter. Conservative WAL recycling/retention migrated to §13.10.
246,Recovery Startup: WAL Tail Validation,8126,8142,17,8,ARCHITECTURE_CONTRACT,yes,no,REWRITE_CANONICALLY,ARCHITECTURE_NEW.md §13 — Checkpointing and Crash Recovery,MIGRATED_PASS8,Preserve normative semantics; reorganize into the canonical subsystem chapter. Startup WAL tail validation/truncation semantics migrated to §13.11.
247,Recovery Phase 1: Analysis,8143,8185,43,8,ARCHITECTURE_CONTRACT,yes,no,REWRITE_CANONICALLY,ARCHITECTURE_NEW.md §13 — Checkpointing and Crash Recovery,MIGRATED_PASS8,Preserve normative semantics; reorganize into the canonical subsystem chapter. Analysis reconstruction/DPT/MTR/terminal handling/loser classification migrated to §13.12.
248,Recovery Phase 2: Redo,8186,8219,34,8,ARCHITECTURE_CONTRACT,yes,no,REWRITE_CANONICALLY,ARCHITECTURE_NEW.md §13 — Checkpointing and Crash Recovery,MIGRATED_PASS8,Preserve normative semantics; reorganize into the canonical subsystem chapter. Redo page-record/MTR logic and torn-MTR rejection migrated to §13.13.
249,Redo and Corrupt/Torn Data Pages,8220,8243,24,8,ARCHITECTURE_CONTRACT,yes,no,REWRITE_CANONICALLY,ARCHITECTURE_NEW.md §13 — Checkpointing and Crash Recovery,MIGRATED_PASS8,Preserve normative semantics; reorganize into the canonical subsystem chapter. Torn/corrupt page reconstruction/full-image/unrecoverable rule migrated to §13.14.
250,Recovery Phase 3: Loser Resolution,8244,8266,23,8,ARCHITECTURE_CONTRACT,yes,no,REWRITE_CANONICALLY,ARCHITECTURE_NEW.md §13 — Checkpointing and Crash Recovery,MIGRATED_PASS8,Preserve normative semantics; reorganize into the canonical subsystem chapter. Loser ABORTED publication/recovery abort records/status/WAL/checkpoint and no physical undo migrated to §13.15.
251,No CLRs in v1 User-DML Recovery,8267,8282,16,8,ARCHITECTURE_CONTRACT,yes,no,REWRITE_CANONICALLY,ARCHITECTURE_NEW.md §13 — Checkpointing and Crash Recovery,MIGRATED_REFINEMENT_PASS8,Preserve normative semantics; reorganize into the canonical subsystem chapter. No ordinary user-DML CLR rule migrated to §13.16; concrete recovery resolves R-002.
252,Recovery of Transaction Status Pages,8283,8302,20,8,ARCHITECTURE_CONTRACT,yes,no,REWRITE_CANONICALLY,ARCHITECTURE_NEW.md §13 — Checkpointing and Crash Recovery,MIGRATED_PASS8,Preserve normative semantics; reorganize into the canonical subsystem chapter. Terminal WAL authority for stale txn-status pages migrated to §13.17.
253,Recovery of Approximate Metadata,8303,8324,22,8,ARCHITECTURE_CONTRACT,yes,no,REWRITE_CANONICALLY,ARCHITECTURE_NEW.md §13 — Checkpointing and Crash Recovery,MIGRATED_PASS8,Preserve normative semantics; reorganize into the canonical subsystem chapter. Approximate metadata stale/rebuildable recovery behavior migrated to §13.18.
254,Recovery Completion,8325,8348,24,8,ARCHITECTURE_CONTRACT,yes,no,REWRITE_CANONICALLY,ARCHITECTURE_NEW.md §13 — Checkpointing and Crash Recovery,MIGRATED_PASS8,Preserve normative semantics; reorganize into the canonical subsystem chapter. Recovery completion gate before ONLINE migrated to §13.19.
255,Crash-Recovery Correctness Principle,8349,8382,34,8,ARCHITECTURE_CONTRACT,yes,no,REWRITE_CANONICALLY,ARCHITECTURE_NEW.md §13 — Checkpointing and Crash Recovery,MIGRATED_PASS8,Preserve normative semantics; reorganize into the canonical subsystem chapter. Crash-recovery correctness principle migrated to §13.20.
256,Vacuum Global Visibility Horizon,8383,8406,24,9,ARCHITECTURE_CONTRACT,yes,no,REWRITE_CANONICALLY,ARCHITECTURE_NEW.md §14 — Vacuum and Storage Reclamation,MIGRATED_PASS9,Preserve normative semantics; reorganize into the canonical subsystem chapter. Registered-snapshot global xmin horizon and no-snapshot next_txn_id fallback migrated to §14.2.
257,Why Active Transactions Alone Are Not the Vacuum Horizon,8407,8432,26,9,ARCHITECTURE_CONTRACT + RATIONALE,yes,yes,REWRITE_CANONICALLY,ARCHITECTURE_NEW.md §14 — Vacuum and Storage Reclamation,MIGRATED_RATIONALE_PASS9,"Preserve normative semantics; reorganize into the canonical subsystem chapter. Active snapshots, not transaction existence, as authoritative vacuum horizon migrated to §14.2."
258,Tuple Version Garbage Eligibility,8433,8464,32,9,ARCHITECTURE_CONTRACT,yes,no,REWRITE_CANONICALLY,ARCHITECTURE_NEW.md §14 — Vacuum and Storage Reclamation,MIGRATED_PASS9,Preserve normative semantics; reorganize into the canonical subsystem chapter. Aborted-creator and globally-dead committed-version garbage eligibility migrated to §14.3.
259,Vacuum Treatment of In-Progress Metadata,8465,8481,17,9,ARCHITECTURE_CONTRACT,yes,no,REWRITE_CANONICALLY,ARCHITECTURE_NEW.md §14 — Vacuum and Storage Reclamation,MIGRATED_PASS9,Preserve normative semantics; reorganize into the canonical subsystem chapter. IN_PROGRESS skip/retry and no waiting under physical latches migrated to §14.4.
260,Two-Phase Physical RID Reclamation,8482,8519,38,9,ARCHITECTURE_CONTRACT,yes,no,REWRITE_CANONICALLY,ARCHITECTURE_NEW.md §14 — Vacuum and Storage Reclamation,MIGRATED_PASS9,Preserve normative semantics; reorganize into the canonical subsystem chapter. NORMAL -> DEAD -> grace -> UNUSED two-phase physical RID reclamation migrated to §14.5.
261,Read Epoch Manager,8520,8552,33,9,ARCHITECTURE_CONTRACT,yes,no,REWRITE_CANONICALLY,ARCHITECTURE_NEW.md §14 — Vacuum and Storage Reclamation,MIGRATED_WITH_GAP_PASS9,Preserve normative semantics; reorganize into the canonical subsystem chapter. ReadEpochManager purpose/registration/retirement semantics migrated to §14.6; exact epoch arithmetic remains R-028.
262,Why Snapshot Visibility Alone Is Not Enough for RID Reuse,8553,8574,22,9,ARCHITECTURE_CONTRACT + RATIONALE,yes,yes,REWRITE_CANONICALLY,ARCHITECTURE_NEW.md §14 — Vacuum and Storage Reclamation,MIGRATED_RATIONALE_PASS9,Preserve normative semantics; reorganize into the canonical subsystem chapter. Why MVCC alone cannot protect physical RID identity migrated to §14.7.
263,DEAD Slot Persistence Across Crash,8575,8591,17,9,ARCHITECTURE_CONTRACT,yes,no,REWRITE_CANONICALLY,ARCHITECTURE_NEW.md §14 — Vacuum and Storage Reclamation,MIGRATED_PASS9,Preserve normative semantics; reorganize into the canonical subsystem chapter. Persistent DEAD crash outcomes and process-local epoch reset across recovery migrated to §14.8.
264,Vacuum Index-Cleanup Protocol,8592,8619,28,9,ARCHITECTURE_CONTRACT,yes,no,REWRITE_CANONICALLY,ARCHITECTURE_NEW.md §14 — Vacuum and Storage Reclamation,MIGRATED_PASS9,Preserve normative semantics; reorganize into the canonical subsystem chapter. Exact index-cleanup-before-DEAD/revalidation/retirement protocol migrated to §14.9.
265,Vacuum Version-Chain Splicing,8620,8650,31,9,ARCHITECTURE_CONTRACT,yes,no,REWRITE_CANONICALLY,ARCHITECTURE_NEW.md §14 — Vacuum and Storage Reclamation,MIGRATED_PASS9,Preserve normative semantics; reorganize into the canonical subsystem chapter. Version-chain successor splicing before physical reuse migrated to §14.10.
266,Vacuum and Concurrent Updates,8651,8677,27,9,ARCHITECTURE_CONTRACT,yes,no,REWRITE_CANONICALLY,ARCHITECTURE_NEW.md §14 — Vacuum and Storage Reclamation,MIGRATED_PASS9,Preserve normative semantics; reorganize into the canonical subsystem chapter. Vacuum candidate revalidation and no heap-latch-across-B+ rule migrated to §14.11.
267,DEAD to UNUSED Transition,8678,8697,20,9,ARCHITECTURE_CONTRACT,yes,no,REWRITE_CANONICALLY,ARCHITECTURE_NEW.md §14 — Vacuum and Storage Reclamation,MIGRATED_WITH_GAP_PASS9,Preserve normative semantics; reorganize into the canonical subsystem chapter. Grace-gated DEAD -> UNUSED/WAL/FSM transition migrated to §14.12; exact grace arithmetic remains R-028.
268,Vacuum Handling of Aborted `xmax`,8698,8720,23,9,ARCHITECTURE_CONTRACT,yes,no,REWRITE_CANONICALLY,ARCHITECTURE_NEW.md §14 — Vacuum and Storage Reclamation,MIGRATED_PASS9,Preserve normative semantics; reorganize into the canonical subsystem chapter. Aborted xmax normalization migrated to §14.13.1.
269,Freezing Ancient Live Tuples,8721,8745,25,9,ARCHITECTURE_CONTRACT,yes,no,REWRITE_CANONICALLY,ARCHITECTURE_NEW.md §14 — Vacuum and Storage Reclamation,MIGRATED_PASS9,Preserve normative semantics; reorganize into the canonical subsystem chapter. Ancient committed creator freezing to FROZEN_TXN_ID migrated to §14.13.2.
270,Transaction Status Truncation,8746,8771,26,9,ARCHITECTURE_CONTRACT,yes,no,REWRITE_CANONICALLY,ARCHITECTURE_NEW.md §14 — Vacuum and Storage Reclamation,MIGRATED_WITH_COHERENCE_GAP_PASS9,"Preserve normative semantics; reorganize into the canonical subsystem chapter. Status-page retirement eligibility migrated to §14.14; physical prefix reclamation conflicts with current absolute mapping unless another mechanism is defined, R-029."
271,Vacuum and B+ Tree Garbage,8772,8796,25,9,ARCHITECTURE_CONTRACT,yes,no,REWRITE_CANONICALLY,ARCHITECTURE_NEW.md §14 — Vacuum and Storage Reclamation,MIGRATED_PASS9,Preserve normative semantics; reorganize into the canonical subsystem chapter. Exact B+ garbage cleanup and structural MTR side effects migrated to §14.15.
272,Vacuum and FSM,8797,8812,16,9,ARCHITECTURE_CONTRACT,yes,no,REWRITE_CANONICALLY,ARCHITECTURE_NEW.md §14 — Vacuum and Storage Reclamation,MIGRATED_PASS9,Preserve normative semantics; reorganize into the canonical subsystem chapter. Post-reclamation FSM update/advisory batching migrated to §14.16.
273,Vacuum and Statistics,8813,8833,21,9,ARCHITECTURE_CONTRACT,yes,no,REWRITE_CANONICALLY,ARCHITECTURE_NEW.md §14 — Vacuum and Storage Reclamation,MIGRATED_PASS9,Preserve normative semantics; reorganize into the canonical subsystem chapter. Vacuum maintenance counters and ANALYZE separation migrated to §14.16.
274,Manual Vacuum First,8834,8856,23,9,ARCHITECTURE_CONTRACT,yes,no,REWRITE_CANONICALLY,ARCHITECTURE_NEW.md §14 — Vacuum and Storage Reclamation,MIGRATED_WITH_CLASSIFICATION_PASS9,Preserve normative semantics; reorganize into the canonical subsystem chapter. Explicit/manual vacuum capability retained in §14.17; implementation-order wording removed and background scheduler remains deferred.
275,Transaction + Index + Heap INSERT Protocol,8857,8888,32,9,ARCHITECTURE_CONTRACT,yes,no,REWRITE_CANONICALLY,ARCHITECTURE_NEW.md §15 — Transactional Write Protocols,MIGRATED_PASS9,Preserve normative semantics; reorganize into the canonical subsystem chapter. End-to-end INSERT ordering migrated to §15.2.
276,Transaction + Index + Heap UPDATE Protocol,8889,8927,39,9,ARCHITECTURE_CONTRACT,yes,no,REWRITE_CANONICALLY,ARCHITECTURE_NEW.md §15 — Transactional Write Protocols,MIGRATED_PASS9,Preserve normative semantics; reorganize into the canonical subsystem chapter. End-to-end UPDATE ordering migrated to §15.3.
277,Transaction + Heap DELETE Protocol,8928,8955,28,9,ARCHITECTURE_CONTRACT,yes,no,REWRITE_CANONICALLY,ARCHITECTURE_NEW.md §15 — Transactional Write Protocols,MIGRATED_PASS9,Preserve normative semantics; reorganize into the canonical subsystem chapter. End-to-end DELETE ordering migrated to §15.4.
278,Transaction COMMIT Protocol,8956,8981,26,9,ARCHITECTURE_CONTRACT,yes,no,REWRITE_CANONICALLY,ARCHITECTURE_NEW.md §15 — Transactional Write Protocols,MIGRATED_INTEGRATION_PASS9,Preserve normative semantics; reorganize into the canonical subsystem chapter. Detailed persistent-write COMMIT sequence integrated in §15.5.
279,Transaction ABORT Protocol,8982,9004,23,9,ARCHITECTURE_CONTRACT,yes,no,REWRITE_CANONICALLY,ARCHITECTURE_NEW.md §15 — Transactional Write Protocols,MIGRATED_INTEGRATION_PASS9,Preserve normative semantics; reorganize into the canonical subsystem chapter. Detailed ABORT/no-physical-undo sequence integrated in §15.6.
280,Statement Retry Boundary,9005,9021,17,9,ARCHITECTURE_CONTRACT,yes,no,REWRITE_CANONICALLY,ARCHITECTURE_NEW.md §15 — Transactional Write Protocols,MIGRATED_PASS9,Preserve normative semantics; reorganize into the canonical subsystem chapter. READ COMMITTED retry-safe external-output boundary migrated to §15.7.
281,Error Categories,9022,9044,23,9,ARCHITECTURE_CONTRACT,yes,no,REWRITE_CANONICALLY,ARCHITECTURE_NEW.md §39 — Error and Corruption Model,MIGRATED_CROSSCUTTING_PASS9,Preserve normative semantics; reorganize into the canonical subsystem chapter. Transaction/durability error categories migrated to §39.1.
282,Transaction Observability,9045,9094,50,9,ARCHITECTURE_CONTRACT,yes,no,REWRITE_CANONICALLY,ARCHITECTURE_NEW.md §40 — Observability and EXPLAIN,MIGRATED_CROSSCUTTING_PASS9,Preserve normative semantics; reorganize into the canonical subsystem chapter. Transaction/WAL/recovery/vacuum observability migrated to §40.3.
283,Transaction Debug Introspection,9095,9118,24,9,ARCHITECTURE_CONTRACT,yes,no,REWRITE_CANONICALLY,ARCHITECTURE_NEW.md §40 — Observability and EXPLAIN,MIGRATED_CROSSCUTTING_PASS9,Preserve normative semantics; reorganize into the canonical subsystem chapter. Internal transaction/recovery debug introspection migrated to §40.4.
284,Crash Injection Framework,9119,9143,25,9,VERIFICATION_REQUIREMENT,yes,no,SPLIT_AND_MERGE,ARCHITECTURE_NEW.md §41 — Verification Requirements + VERIFICATION.md (proposed),MIGRATED_VERIFICATION_PASS9,Keep architecture-level verification obligations; move detailed test recipes/checklists to verification documentation. Crash/fault-injection obligations migrated to §41.3.
285,Recovery Property Tests,9144,9162,19,9,VERIFICATION_REQUIREMENT,yes,no,SPLIT_AND_MERGE,ARCHITECTURE_NEW.md §41 — Verification Requirements + VERIFICATION.md (proposed),MIGRATED_VERIFICATION_PASS9,Keep architecture-level verification obligations; move detailed test recipes/checklists to verification documentation. Recovery property/model-check obligation migrated to §41.3.
286,MVCC Visibility Tests,9163,9186,24,9,VERIFICATION_REQUIREMENT,yes,no,SPLIT_AND_MERGE,ARCHITECTURE_NEW.md §41 — Verification Requirements + VERIFICATION.md (proposed),MIGRATED_VERIFICATION_PASS9,Keep architecture-level verification obligations; move detailed test recipes/checklists to verification documentation. MVCC visibility test dimensions migrated to §41.3.
287,Isolation Tests,9187,9205,19,9,VERIFICATION_REQUIREMENT,yes,no,SPLIT_AND_MERGE,ARCHITECTURE_NEW.md §41 — Verification Requirements + VERIFICATION.md (proposed),MIGRATED_VERIFICATION_PASS9,Keep architecture-level verification obligations; move detailed test recipes/checklists to verification documentation. Isolation verification obligations migrated to §41.3.
288,Locking Tests,9206,9228,23,9,VERIFICATION_REQUIREMENT,yes,no,SPLIT_AND_MERGE,ARCHITECTURE_NEW.md §41 — Verification Requirements + VERIFICATION.md (proposed),MIGRATED_VERIFICATION_PASS9,Keep architecture-level verification obligations; move detailed test recipes/checklists to verification documentation. Logical-lock/deadlock verification obligations migrated to §41.3.
289,Group Commit Benchmarks,9229,9257,29,9,PERFORMANCE_VERIFICATION,yes,no,SPLIT_AND_MERGE,ARCHITECTURE_NEW.md §42 — Performance Requirements + VERIFICATION.md (proposed),MIGRATED_PERFORMANCE_PASS9,Keep required performance properties/metrics; move benchmark procedures/checklists to verification documentation. Group-commit measurement matrix/metrics migrated to §42.2.
290,Checkpoint/Recovery Benchmarks,9258,9282,25,9,PERFORMANCE_VERIFICATION,yes,no,SPLIT_AND_MERGE,ARCHITECTURE_NEW.md §42 — Performance Requirements + VERIFICATION.md (proposed),MIGRATED_PERFORMANCE_PASS9,Keep required performance properties/metrics; move benchmark procedures/checklists to verification documentation. Checkpoint/recovery measurement dimensions migrated to §42.2.
291,Vacuum Benchmarks,9283,9309,27,9,PERFORMANCE_VERIFICATION,yes,no,SPLIT_AND_MERGE,ARCHITECTURE_NEW.md §42 — Performance Requirements + VERIFICATION.md (proposed),MIGRATED_PERFORMANCE_PASS9,Keep required performance properties/metrics; move benchmark procedures/checklists to verification documentation. Vacuum measurement dimensions/workloads migrated to §42.2.
292,Deliberately Deferred Transaction Features,9310,9339,30,9,DEFERRED_SCOPE,yes,no,CONSOLIDATE,ARCHITECTURE_NEW.md §C — Deferred Features and Future Experiments,MIGRATED_DEFERRED_PASS9,Preserve explicitly deferred functionality as a scope boundary and consolidate it by subsystem. Deferred transaction features consolidated into Appendix C.
293,High-Reward Future Transaction Experiments,9340,9364,25,9,FUTURE_EXPERIMENTS / RATIONALE,yes,no,CONSOLIDATE,ARCHITECTURE_NEW.md §C — Deferred Features and Future Experiments,MIGRATED_DEFERRED_PASS9,Preserve future experiment ideas without presenting them as current v1 requirements. Future transaction experiments consolidated into Appendix C/performance-driven future scope.
294,Transaction/Durability Invariants,9365,9405,41,9,ARCHITECTURAL_INVARIANTS,yes,no,MERGE_AND_DEDUPLICATE,ARCHITECTURE_NEW.md §B — Global Invariants,RECONCILED_PASS9,Preserve every invariant; colocate subsystem-specific invariants with their owning chapters where useful. 32 transaction/durability invariants reconciled against owning Chapters 8–15/41; new owners referenced from Appendix B.
295,Modules Added by This Architecture,9406,9458,53,9,IMPLEMENTATION_GUIDANCE / SOURCE_LAYOUT,yes,no,MOVE_OUT_OR_SPLIT,DEVELOPMENT.md (proposed); subsystem-boundary constraints stay in architecture,CLASSIFIED_PASS9,Exact filenames/source trees are implementation guidance; preserve only architectural boundaries in the contract. Concrete source/module tree excluded per R-006; responsibility-boundary rule retained in §15.1.
296,Implementation Order for the Transaction/Durability Core,9459,9539,81,9,PROJECT_ROADMAP / MILESTONE,yes,no,MOVE_OUT_OF_ARCHITECTURE,DEVELOPMENT.md (proposed),CLASSIFIED_PASS9,Implementation sequence and milestone targets are project planning rather than system architecture. Implementation order excluded per R-003; dependency/correctness obligations live in owning chapters.
297,Transaction/Durability Milestone 1,9540,9561,22,9,PROJECT_ROADMAP / MILESTONE,yes,no,MOVE_OUT_OF_ARCHITECTURE,DEVELOPMENT.md (proposed),CLASSIFIED_PASS9,Implementation sequence and milestone targets are project planning rather than system architecture. Milestone target excluded as project/verification planning; unique correctness obligations preserved.
298,Transaction/Durability Milestone 2,9562,9580,19,9,PROJECT_ROADMAP / MILESTONE,yes,no,MOVE_OUT_OF_ARCHITECTURE,DEVELOPMENT.md (proposed),CLASSIFIED_PASS9,Implementation sequence and milestone targets are project planning rather than system architecture. Milestone target excluded as project/verification planning; B+ durability/unique/group-commit obligations preserved.
299,Transaction/Durability Milestone 3,9581,9600,20,9,PROJECT_ROADMAP / MILESTONE,yes,no,MOVE_OUT_OF_ARCHITECTURE,DEVELOPMENT.md (proposed),CLASSIFIED_PASS9,Implementation sequence and milestone targets are project planning rather than system architecture. Milestone target excluded as project/verification planning; checkpoint/vacuum/reclamation obligations preserved.
300,Architecture Status After This Section,9601,9653,53,9,PROJECT_STATE + ARCHITECTURE_SUMMARY,yes,no,SPLIT_AND_MOVE,PROJECT_STATE.md + ARCHITECTURE_NEW.md §2 — System Architecture and Dependency Model where a unique end-to-end architecture summary remains useful,MIGRATED_WITH_CLASSIFICATION_PASS9,Remove historical progress/status language; retain only unique architectural summaries/diagrams. Historical status snapshot excluded; lasting upper-layer/transactional-storage boundary migrated to §15.8.
301,"Catalog, SQL Front End, Binder, Expression, and Logical Plan Contract",9654,9695,42,10,SUBSYSTEM_CONTRACT_INTRODUCTION,yes,no,MERGE_INTO_PART_INTRODUCTION,ARCHITECTURE_NEW.md §16 — Catalog and Schema Metadata,MIGRATED_PASS10,Use as subsystem framing; do not retain a second independent contract layer. Upper semantic-layer framing/dependency boundaries migrated across Chapters 16–19; logical-plan body remains Pass 11.
302,Upper-Layer Dependency Direction,9696,9737,42,10,ARCHITECTURE_CONTRACT,yes,no,REWRITE_CANONICALLY,ARCHITECTURE_NEW.md §16 — Catalog and Schema Metadata,MIGRATED_PASS10,Preserve normative semantics; reorganize into the canonical subsystem chapter. Upper-layer dependency direction and prohibited physical-storage leakage migrated to §§16.1/18.1/19.1.
303,Catalog Philosophy,9738,9774,37,10,ARCHITECTURE_CONTRACT,yes,no,REWRITE_CANONICALLY,ARCHITECTURE_NEW.md §16 — Catalog and Schema Metadata,MIGRATED_PASS10,Preserve normative semantics; reorganize into the canonical subsystem chapter. Catalog authoritative semantic role and ownership exclusions migrated to §16.1.
304,Database Namespace Model,9775,9803,29,10,ARCHITECTURE_CONTRACT + RATIONALE,yes,yes,REWRITE_CANONICALLY,ARCHITECTURE_NEW.md §16 — Catalog and Schema Metadata,MIGRATED_PASS10,Preserve normative semantics; reorganize into the canonical subsystem chapter. Single v1 namespace `main` and deferred multi-namespace support migrated to §16.2/Appendix C.
305,Catalog Object Identifiers,9804,9824,21,10,ARCHITECTURE_CONTRACT,yes,no,REWRITE_CANONICALLY,ARCHITECTURE_NEW.md §16 — Catalog and Schema Metadata,MIGRATED_PASS10,Preserve normative semantics; reorganize into the canonical subsystem chapter. Stable TableId/ColumnId/IndexId/TypeId widths and post-bind ID usage migrated to §16.3; allocation remains R-037/Pass 11.
306,Catalog System Tables,9825,9920,96,10,ARCHITECTURE_CONTRACT,yes,no,REWRITE_CANONICALLY,ARCHITECTURE_NEW.md §16 — Catalog and Schema Metadata,MIGRATED_PASS10,Preserve normative semantics; reorganize into the canonical subsystem chapter. System-table semantic field sets migrated to §16.5; exact physical row layouts remain intentionally evolvable.
307,Catalog Bootstrap,9921,9945,25,10,ARCHITECTURE_CONTRACT,yes,no,REWRITE_CANONICALLY,ARCHITECTURE_NEW.md §16 — Catalog and Schema Metadata,MIGRATED_WITH_GAP_PASS10,Preserve normative semantics; reorganize into the canonical subsystem chapter. Minimal self-hosting bootstrap rule migrated to §16.9; byte-exact bootstrap/CATALOG_DATA representation remains R-036.
308,Catalog Cache,9946,9965,20,10,ARCHITECTURE_CONTRACT,yes,no,REWRITE_CANONICALLY,ARCHITECTURE_NEW.md §16 — Catalog and Schema Metadata,MIGRATED_PASS10,Preserve normative semantics; reorganize into the canonical subsystem chapter. Immutable catalog cache and invalidation/replace semantics migrated to §16.10.
309,Catalog Descriptor Lifetime,9966,9986,21,10,ARCHITECTURE_CONTRACT,yes,no,REWRITE_CANONICALLY,ARCHITECTURE_NEW.md §16 — Catalog and Schema Metadata,MIGRATED_PASS10,Preserve normative semantics; reorganize into the canonical subsystem chapter. Descriptor lifetime/stable immutable ownership guarantee migrated to §16.10.
310,Schema Versioning,9987,10010,24,10,ARCHITECTURE_CONTRACT,yes,no,REWRITE_CANONICALLY,ARCHITECTURE_NEW.md §16 — Catalog and Schema Metadata,MIGRATED_INTEGRATION_PASS10,Preserve normative semantics; reorganize into the canonical subsystem chapter. Monotonic committed schema versions and historical interpretation migrated to §§16.7/5.13 and integrated with vacuum.
311,Column Identity vs Position,10011,10043,33,10,ARCHITECTURE_CONTRACT,yes,no,REWRITE_CANONICALLY,ARCHITECTURE_NEW.md §16 — Catalog and Schema Metadata,MIGRATED_PASS10,Preserve normative semantics; reorganize into the canonical subsystem chapter. ColumnId versus physical/logical position distinction migrated to §16.8.
312,SQL Type System,10044,10072,29,10,ARCHITECTURE_CONTRACT,yes,no,REWRITE_CANONICALLY,ARCHITECTURE_NEW.md §17 — SQL Type and Value System,MIGRATED_PASS10,Preserve normative semantics; reorganize into the canonical subsystem chapter. Initial SQL scalar kinds plus binder-only UNKNOWN migrated to §§17.2–17.3.
313,LogicalType Representation,10073,10104,32,10,ARCHITECTURE_CONTRACT,yes,no,REWRITE_CANONICALLY,ARCHITECTURE_NEW.md §17 — SQL Type and Value System,MIGRATED_PASS10,Preserve normative semantics; reorganize into the canonical subsystem chapter. Compact value-like LogicalType representation migrated to §17.2.
314,NULL Is Not an Ordinary Runtime Type,10105,10131,27,10,ARCHITECTURE_CONTRACT,yes,no,REWRITE_CANONICALLY,ARCHITECTURE_NEW.md §17 — SQL Type and Value System,MIGRATED_PASS10,Preserve normative semantics; reorganize into the canonical subsystem chapter. NULL as value-state and contextual UNKNOWN-null coercion migrated to §17.3.
315,Type Promotion,10132,10158,27,10,ARCHITECTURE_CONTRACT,yes,no,REWRITE_CANONICALLY,ARCHITECTURE_NEW.md §17 — SQL Type and Value System,MIGRATED_PASS10,Preserve normative semantics; reorganize into the canonical subsystem chapter. INT32->INT64->FLOAT64 promotion/no implicit narrowing migrated to §17.5.
316,String Coercion Policy,10159,10178,20,10,ARCHITECTURE_CONTRACT,yes,no,REWRITE_CANONICALLY,ARCHITECTURE_NEW.md §17 — SQL Type and Value System,MIGRATED_PASS10,Preserve normative semantics; reorganize into the canonical subsystem chapter. No arbitrary hidden string coercion migrated to §17.6.
317,Boolean Context,10179,10194,16,10,ARCHITECTURE_CONTRACT,yes,no,REWRITE_CANONICALLY,ARCHITECTURE_NEW.md §17 — SQL Type and Value System,MIGRATED_PASS10,Preserve normative semantics; reorganize into the canonical subsystem chapter. BOOLEAN-only predicate contexts/no C truthiness migrated to §17.7.
318,SQL Three-Valued Logic,10195,10224,30,10,ARCHITECTURE_CONTRACT,yes,no,REWRITE_CANONICALLY,ARCHITECTURE_NEW.md §17 — SQL Type and Value System,MIGRATED_PASS10,Preserve normative semantics; reorganize into the canonical subsystem chapter. SQL three-valued Boolean truth semantics migrated to §17.7.
319,Comparison and NULL,10225,10266,42,10,ARCHITECTURE_CONTRACT,yes,no,REWRITE_CANONICALLY,ARCHITECTURE_NEW.md §17 — SQL Type and Value System,MIGRATED_PASS10,Preserve normative semantics; reorganize into the canonical subsystem chapter. NULL comparison and IS NULL/IS NOT NULL semantics migrated to §17.8.
320,Initial Cast Model,10267,10298,32,10,ARCHITECTURE_CONTRACT,yes,no,REWRITE_CANONICALLY,ARCHITECTURE_NEW.md §17 — SQL Type and Value System,MIGRATED_PASS10,Preserve normative semantics; reorganize into the canonical subsystem chapter. Explicit CAST plus safe implicit/explicit cast policy migrated to §17.9.
321,Type Resolution API,10299,10325,27,10,ARCHITECTURE_CONTRACT,yes,no,REWRITE_CANONICALLY,ARCHITECTURE_NEW.md §17 — SQL Type and Value System,MIGRATED_PASS10,Preserve normative semantics; reorganize into the canonical subsystem chapter. Central TypeResolver ownership migrated to §17.10.
322,SQL Value Representation,10326,10354,29,10,ARCHITECTURE_CONTRACT,yes,no,REWRITE_CANONICALLY,ARCHITECTURE_NEW.md §17 — SQL Type and Value System,MIGRATED_PASS10,Preserve normative semantics; reorganize into the canonical subsystem chapter. Generic non-hot Value representation and vectorized-hot-path exclusion migrated to §17.11.
323,Lexer,10355,10373,19,10,ARCHITECTURE_CONTRACT,yes,no,REWRITE_CANONICALLY,"ARCHITECTURE_NEW.md §18 — Lexer, Parser, and AST",MIGRATED_PASS10,Preserve normative semantics; reorganize into the canonical subsystem chapter. Handwritten lexer/token payload/source-position contract migrated to §§18.1–18.2.
324,Lexer Token Classes,10374,10400,27,10,ARCHITECTURE_CONTRACT,yes,no,REWRITE_CANONICALLY,"ARCHITECTURE_NEW.md §18 — Lexer, Parser, and AST",MIGRATED_PASS10,Preserve normative semantics; reorganize into the canonical subsystem chapter. Initial token classes and case-insensitive keywords migrated to §18.3.
325,Identifier Case Rules,10401,10438,38,10,ARCHITECTURE_CONTRACT,yes,no,REWRITE_CANONICALLY,"ARCHITECTURE_NEW.md §18 — Lexer, Parser, and AST",MIGRATED_PASS10,Preserve normative semantics; reorganize into the canonical subsystem chapter. Unquoted lowercase normalization / quoted spelling preservation migrated to §18.4.
326,SQL String Literals,10439,10460,22,10,ARCHITECTURE_CONTRACT,yes,no,REWRITE_CANONICALLY,"ARCHITECTURE_NEW.md §18 — Lexer, Parser, and AST",MIGRATED_PASS10,Preserve normative semantics; reorganize into the canonical subsystem chapter. Single-quoted string and doubled-quote escaping migrated to §18.5.
327,Numeric Literal Lexing,10461,10486,26,10,ARCHITECTURE_CONTRACT,yes,no,REWRITE_CANONICALLY,"ARCHITECTURE_NEW.md §18 — Lexer, Parser, and AST",MIGRATED_PASS10,Preserve normative semantics; reorganize into the canonical subsystem chapter. Integer/float/exponent lexing and parser-level unary minus migrated to §18.6.
328,Comments,10487,10508,22,10,ARCHITECTURE_CONTRACT,yes,no,REWRITE_CANONICALLY,"ARCHITECTURE_NEW.md §18 — Lexer, Parser, and AST",MIGRATED_PASS10,"Preserve normative semantics; reorganize into the canonical subsystem chapter. Line/block comments, nested-comment deferral, unterminated-error rule migrated to §18.7/Appendix C."
329,Source Locations,10509,10527,19,10,ARCHITECTURE_CONTRACT,yes,no,REWRITE_CANONICALLY,"ARCHITECTURE_NEW.md §18 — Lexer, Parser, and AST",MIGRATED_PASS10,Preserve normative semantics; reorganize into the canonical subsystem chapter. AST source byte spans and semantic diagnostic preservation migrated to §18.8.
330,Parser Architecture,10528,10559,32,10,ARCHITECTURE_CONTRACT,yes,no,REWRITE_CANONICALLY,"ARCHITECTURE_NEW.md §18 — Lexer, Parser, and AST",MIGRATED_PASS10,Preserve normative semantics; reorganize into the canonical subsystem chapter. Recursive-descent statements plus Pratt expression parser migrated to §18.9.
331,Initial SQL Statement Set,10560,10593,34,10,ARCHITECTURE_CONTRACT,yes,no,REWRITE_CANONICALLY,"ARCHITECTURE_NEW.md §18 — Lexer, Parser, and AST",MIGRATED_PASS10,Preserve normative semantics; reorganize into the canonical subsystem chapter. Initial SQL statement surface and ALTER TABLE deferral migrated to §18.10/Appendix C.
332,Initial SELECT Grammar Surface,10594,10633,40,10,ARCHITECTURE_CONTRACT,yes,no,REWRITE_CANONICALLY,"ARCHITECTURE_NEW.md §18 — Lexer, Parser, and AST",MIGRATED_PASS10,Preserve normative semantics; reorganize into the canonical subsystem chapter. Initial SELECT/FROM/join grammar and explicit deferred syntax migrated to §18.11.
333,Subqueries,10634,10654,21,10,ARCHITECTURE_CONTRACT,yes,no,REWRITE_CANONICALLY,"ARCHITECTURE_NEW.md §18 — Lexer, Parser, and AST",MIGRATED_PASS10,Preserve normative semantics; reorganize into the canonical subsystem chapter. Initial uncorrelated subquery forms and future-correlation-compatible structure migrated to §§18.12/19.18.
334,AST Philosophy,10655,10686,32,10,ARCHITECTURE_CONTRACT,yes,no,REWRITE_CANONICALLY,"ARCHITECTURE_NEW.md §18 — Lexer, Parser, and AST",MIGRATED_PASS10,Preserve normative semantics; reorganize into the canonical subsystem chapter. Syntax-only AST/name ownership migrated to §18.13.
335,AST Ownership,10687,10703,17,10,ARCHITECTURE_CONTRACT,yes,no,REWRITE_CANONICALLY,"ARCHITECTURE_NEW.md §18 — Lexer, Parser, and AST",MIGRATED_PASS10,Preserve normative semantics; reorganize into the canonical subsystem chapter. Per-statement/query-batch arena AST lifetime migrated to §18.14.
336,Expression Precedence,10704,10732,29,10,ARCHITECTURE_CONTRACT,yes,no,REWRITE_CANONICALLY,"ARCHITECTURE_NEW.md §18 — Lexer, Parser, and AST",MIGRATED_PASS10,"Preserve normative semantics; reorganize into the canonical subsystem chapter. Expression precedence, parentheses, associativity clarification, and comparison-chain rejection migrated to §18.15."
337,Binder Responsibilities,10733,10768,36,10,ARCHITECTURE_CONTRACT,yes,no,REWRITE_CANONICALLY,ARCHITECTURE_NEW.md §19 — Binding and Expression Semantics,MIGRATED_PASS10,Preserve normative semantics; reorganize into the canonical subsystem chapter. Binder responsibility/non-responsibility boundary migrated to §19.1.
338,Binding Context / Scope,10769,10809,41,10,ARCHITECTURE_CONTRACT,yes,no,REWRITE_CANONICALLY,ARCHITECTURE_NEW.md §19 — Binding and Expression Semantics,MIGRATED_PASS10,Preserve normative semantics; reorganize into the canonical subsystem chapter. Nested binding scopes and BindingId distinct from TableId migrated to §19.2.
339,Bound Column Reference,10810,10834,25,10,ARCHITECTURE_CONTRACT,yes,no,REWRITE_CANONICALLY,ARCHITECTURE_NEW.md §19 — Binding and Expression Semantics,MIGRATED_PASS10,Preserve normative semantics; reorganize into the canonical subsystem chapter. BoundColumnRef stable IDs/type/nullability/span migrated to §19.3.
340,Unqualified Column Resolution,10835,10860,26,10,ARCHITECTURE_CONTRACT,yes,no,REWRITE_CANONICALLY,ARCHITECTURE_NEW.md §19 — Binding and Expression Semantics,MIGRATED_PASS10,Preserve normative semantics; reorganize into the canonical subsystem chapter. Unqualified 0/1/many match resolution migrated to §19.4.1.
341,Qualified Column Resolution,10861,10881,21,10,ARCHITECTURE_CONTRACT,yes,no,REWRITE_CANONICALLY,ARCHITECTURE_NEW.md §19 — Binding and Expression Semantics,MIGRATED_PASS10,Preserve normative semantics; reorganize into the canonical subsystem chapter. Qualified relation/column resolution and distinct errors migrated to §19.4.2.
342,SELECT * Expansion,10882,10907,26,10,ARCHITECTURE_CONTRACT,yes,no,REWRITE_CANONICALLY,ARCHITECTURE_NEW.md §19 — Binding and Expression Semantics,MIGRATED_PASS10,Preserve normative semantics; reorganize into the canonical subsystem chapter. SELECT * and relation-star expansion at binding migrated to §19.5.
343,Output Names,10908,10930,23,10,ARCHITECTURE_CONTRACT,yes,no,REWRITE_CANONICALLY,ARCHITECTURE_NEW.md §19 — Binding and Expression Semantics,MIGRATED_PASS10,Preserve normative semantics; reorganize into the canonical subsystem chapter. Output display-name/type/nullability rules migrated to §19.5.
344,Expression IR,10931,10965,35,10,ARCHITECTURE_CONTRACT,yes,no,REWRITE_CANONICALLY,ARCHITECTURE_NEW.md §19 — Binding and Expression Semantics,MIGRATED_PASS10,Preserve normative semantics; reorganize into the canonical subsystem chapter. Typed bound-expression kinds/return type/nullability contract migrated to §19.6.
345,Expression Immutability,10966,10984,19,10,ARCHITECTURE_CONTRACT,yes,no,REWRITE_CANONICALLY,ARCHITECTURE_NEW.md §19 — Binding and Expression Semantics,MIGRATED_PASS10,Preserve normative semantics; reorganize into the canonical subsystem chapter. Bound-expression immutability migrated to §19.7.
346,Expression Ownership,10985,10996,12,10,ARCHITECTURE_CONTRACT,yes,no,REWRITE_CANONICALLY,ARCHITECTURE_NEW.md §19 — Binding and Expression Semantics,MIGRATED_PASS10,Preserve normative semantics; reorganize into the canonical subsystem chapter. Arena/shared immutable expression ownership migrated to §19.7.
347,Operator Registry,10997,11019,23,10,ARCHITECTURE_CONTRACT,yes,no,REWRITE_CANONICALLY,ARCHITECTURE_NEW.md §19 — Binding and Expression Semantics,MIGRATED_PASS10,Preserve normative semantics; reorganize into the canonical subsystem chapter. Central operator registry and binder-inserted casts migrated to §19.8.
348,Function Registry,11020,11045,26,10,ARCHITECTURE_CONTRACT,yes,no,REWRITE_CANONICALLY,ARCHITECTURE_NEW.md §19 — Binding and Expression Semantics,MIGRATED_PASS10,Preserve normative semantics; reorganize into the canonical subsystem chapter. Function descriptor/registry metadata migrated to §19.9.
349,Function Volatility,11046,11071,26,10,ARCHITECTURE_CONTRACT,yes,no,REWRITE_CANONICALLY,ARCHITECTURE_NEW.md §19 — Binding and Expression Semantics,MIGRATED_PASS10,Preserve normative semantics; reorganize into the canonical subsystem chapter. IMMUTABLE/STABLE/VOLATILE classification and safe folding boundary migrated to §19.9.
350,Aggregate Expressions,11072,11101,30,10,ARCHITECTURE_CONTRACT,yes,no,REWRITE_CANONICALLY,ARCHITECTURE_NEW.md §19 — Binding and Expression Semantics,MIGRATED_PASS10,Preserve normative semantics; reorganize into the canonical subsystem chapter. Initial aggregate set/distinct semantic aggregate nodes/placement validation migrated to §19.10.
351,Aggregate Query Semantics,11102,11127,26,10,ARCHITECTURE_CONTRACT,yes,no,REWRITE_CANONICALLY,ARCHITECTURE_NEW.md §19 — Binding and Expression Semantics,MIGRATED_PASS10,Preserve normative semantics; reorganize into the canonical subsystem chapter. Aggregate-query detection and strict grouping legality migrated to §19.11.
352,HAVING,11128,11155,28,10,ARCHITECTURE_CONTRACT,yes,no,REWRITE_CANONICALLY,ARCHITECTURE_NEW.md §19 — Binding and Expression Semantics,MIGRATED_PASS10,Preserve normative semantics; reorganize into the canonical subsystem chapter. HAVING semantic position/allowed derivation/no v1 SELECT-alias visibility migrated to §19.12.
353,ORDER BY Resolution,11156,11186,31,10,ARCHITECTURE_CONTRACT,yes,no,REWRITE_CANONICALLY,ARCHITECTURE_NEW.md §19 — Binding and Expression Semantics,MIGRATED_PASS10,Preserve normative semantics; reorganize into the canonical subsystem chapter. ORDER BY expression/alias/1-based ordinal resolution priority migrated to §19.13.
354,LIMIT / OFFSET,11187,11211,25,10,ARCHITECTURE_CONTRACT,yes,no,REWRITE_CANONICALLY,ARCHITECTURE_NEW.md §19 — Binding and Expression Semantics,MIGRATED_PASS10,Preserve normative semantics; reorganize into the canonical subsystem chapter. Nonnegative integral execution-start-constant LIMIT/OFFSET semantics migrated to §19.14; detailed logical node remains Pass 11.
355,DISTINCT,11212,11229,18,10,ARCHITECTURE_CONTRACT + RATIONALE,yes,yes,REWRITE_CANONICALLY,ARCHITECTURE_NEW.md §19 — Binding and Expression Semantics,MIGRATED_PASS10,Preserve normative semantics; reorganize into the canonical subsystem chapter. DISTINCT as explicit logical duplicate-elimination requirement migrated to §19.15; node contract remains Pass 11.
356,CASE,11230,11253,24,10,ARCHITECTURE_CONTRACT,yes,no,REWRITE_CANONICALLY,ARCHITECTURE_NEW.md §19 — Binding and Expression Semantics,MIGRATED_PASS10,Preserve normative semantics; reorganize into the canonical subsystem chapter. Searched CASE/common result type/missing ELSE NULL migrated to §19.16.
357,IN List,11254,11279,26,10,ARCHITECTURE_CONTRACT,yes,no,REWRITE_CANONICALLY,ARCHITECTURE_NEW.md §19 — Binding and Expression Semantics,MIGRATED_PASS10,Preserve normative semantics; reorganize into the canonical subsystem chapter. IN-list dedicated node and NULL-preserving semantics migrated to §19.17.
358,Parameters,11280,11298,19,10,ARCHITECTURE_CONTRACT,no,no,REWRITE_CANONICALLY,ARCHITECTURE_NEW.md §19 — Binding and Expression Semantics,MIGRATED_DEFERRED_PASS10,Preserve normative semantics; reorganize into the canonical subsystem chapter. Prepared parameters remain deferred while UNKNOWN/contextual inference compatibility is preserved in §19.19/Appendix C.
359,Logical Plan Node Contract,11299,11326,28,11,ARCHITECTURE_CONTRACT,yes,no,REWRITE_CANONICALLY,"ARCHITECTURE_NEW.md §20 — Logical Plans, Properties, and Rewrites",MIGRATED_PASS11,Preserve normative semantics; reorganize into the canonical subsystem chapter. Immutable logical-node contract/output schema/properties/debug representation migrated to §20.1.
360,Logical Plan Slot Identity,11327,11356,30,11,ARCHITECTURE_CONTRACT,yes,no,REWRITE_CANONICALLY,"ARCHITECTURE_NEW.md §20 — Logical Plans, Properties, and Rewrites",MIGRATED_PASS11,Preserve normative semantics; reorganize into the canonical subsystem chapter. Legacy logical SlotId canonicalized as query-local LogicalSlotId distinct from heap SlotId/ColumnId/BindingId in §20.2.
361,Initial Logical Operators,11357,11386,30,11,ARCHITECTURE_CONTRACT,yes,no,REWRITE_CANONICALLY,"ARCHITECTURE_NEW.md §20 — Logical Plans, Properties, and Rewrites",MIGRATED_PASS11,Preserve normative semantics; reorganize into the canonical subsystem chapter. Initial logical operator family migrated to §20.3.
362,LogicalGet,11387,11422,36,11,ARCHITECTURE_CONTRACT,yes,no,REWRITE_CANONICALLY,"ARCHITECTURE_NEW.md §20 — Logical Plans, Properties, and Rewrites",MIGRATED_PASS11,Preserve normative semantics; reorganize into the canonical subsystem chapter. LogicalGet semantic table access/no physical access-path commitment migrated to §20.4.
363,LogicalValues,11423,11450,28,11,ARCHITECTURE_CONTRACT,yes,no,REWRITE_CANONICALLY,"ARCHITECTURE_NEW.md §20 — Logical Plans, Properties, and Rewrites",MIGRATED_PASS11,Preserve normative semantics; reorganize into the canonical subsystem chapter. LogicalValues typed literal relation and SELECT-without-FROM use migrated to §§20.5/20.15.
364,LogicalFilter,11451,11474,24,11,ARCHITECTURE_CONTRACT,yes,no,REWRITE_CANONICALLY,"ARCHITECTURE_NEW.md §20 — Logical Plans, Properties, and Rewrites",MIGRATED_PASS11,Preserve normative semantics; reorganize into the canonical subsystem chapter. LogicalFilter BOOLEAN child-schema-preserving semantics migrated to §20.6.
365,LogicalProject,11475,11497,23,11,ARCHITECTURE_CONTRACT,yes,no,REWRITE_CANONICALLY,"ARCHITECTURE_NEW.md §20 — Logical Plans, Properties, and Rewrites",MIGRATED_PASS11,Preserve normative semantics; reorganize into the canonical subsystem chapter. LogicalProject output-expression/slot semantics migrated to §20.7.
366,LogicalJoin,11498,11532,35,11,ARCHITECTURE_CONTRACT,yes,no,REWRITE_CANONICALLY,"ARCHITECTURE_NEW.md §20 — Logical Plans, Properties, and Rewrites",MIGRATED_PASS11,Preserve normative semantics; reorganize into the canonical subsystem chapter. LogicalJoin INNER/LEFT/CROSS semantic contract migrated to §20.8.
367,Join Predicate Decomposition,11533,11559,27,11,ARCHITECTURE_CONTRACT,yes,no,REWRITE_CANONICALLY,"ARCHITECTURE_NEW.md §20 — Logical Plans, Properties, and Rewrites",MIGRATED_PASS11,Preserve normative semantics; reorganize into the canonical subsystem chapter. Join predicate decomposition metadata and semantic preservation migrated to §20.8.4.
368,Outer Join Semantics,11560,11585,26,11,ARCHITECTURE_CONTRACT,yes,no,REWRITE_CANONICALLY,"ARCHITECTURE_NEW.md §20 — Logical Plans, Properties, and Rewrites",MIGRATED_PASS11,Preserve normative semantics; reorganize into the canonical subsystem chapter. LEFT JOIN right-side null-extension metadata migrated to §20.8.3.
369,LogicalAggregate,11586,11608,23,11,ARCHITECTURE_CONTRACT,yes,no,REWRITE_CANONICALLY,"ARCHITECTURE_NEW.md §20 — Logical Plans, Properties, and Rewrites",MIGRATED_WITH_COMPLETION_PASS11,Preserve normative semantics; reorganize into the canonical subsystem chapter. LogicalAggregate migrated to §20.9 with explicit SQL grouping/DISTINCT equivalence.
370,LogicalSort,11609,11633,25,11,ARCHITECTURE_CONTRACT,yes,no,REWRITE_CANONICALLY,"ARCHITECTURE_NEW.md §20 — Logical Plans, Properties, and Rewrites",MIGRATED_WITH_COMPLETION_PASS11,Preserve normative semantics; reorganize into the canonical subsystem chapter. LogicalSort migrated to §20.11; v1 default locked as ASC NULLS FIRST / DESC NULLS LAST.
371,LogicalLimit,11634,11650,17,11,ARCHITECTURE_CONTRACT,yes,no,REWRITE_CANONICALLY,"ARCHITECTURE_NEW.md §20 — Logical Plans, Properties, and Rewrites",MIGRATED_PASS11,Preserve normative semantics; reorganize into the canonical subsystem chapter. LogicalLimit explicit limit/offset semantics migrated to §20.12.
372,LogicalInsert,11651,11675,25,11,ARCHITECTURE_CONTRACT,yes,no,REWRITE_CANONICALLY,"ARCHITECTURE_NEW.md §20 — Logical Plans, Properties, and Rewrites",MIGRATED_PASS11,Preserve normative semantics; reorganize into the canonical subsystem chapter. LogicalInsert target/input/coercion/RETURNING semantics migrated to §20.13.2.
373,LogicalUpdate,11676,11701,26,11,ARCHITECTURE_CONTRACT,yes,no,REWRITE_CANONICALLY,"ARCHITECTURE_NEW.md §20 — Logical Plans, Properties, and Rewrites",MIGRATED_PASS11,Preserve normative semantics; reorganize into the canonical subsystem chapter. LogicalUpdate target RID/old-value/assignment/RETURNING semantics migrated to §20.13.3.
374,LogicalDelete,11702,11719,18,11,ARCHITECTURE_CONTRACT,yes,no,REWRITE_CANONICALLY,"ARCHITECTURE_NEW.md §20 — Logical Plans, Properties, and Rewrites",MIGRATED_PASS11,Preserve normative semantics; reorganize into the canonical subsystem chapter. LogicalDelete target-RID/RETURNING/one-base-target semantics migrated to §20.13.4.
375,Hidden System Slots,11720,11741,22,11,ARCHITECTURE_CONTRACT,yes,no,REWRITE_CANONICALLY,"ARCHITECTURE_NEW.md §20 — Logical Plans, Properties, and Rewrites",MIGRATED_PASS11,Preserve normative semantics; reorganize into the canonical subsystem chapter. Hidden system/RID slot semantics and pruning preservation migrated to §20.13.1.
376,CREATE TABLE Binding,11742,11769,28,11,ARCHITECTURE_CONTRACT,yes,no,REWRITE_CANONICALLY,ARCHITECTURE_NEW.md §21 — DDL/DML Semantic Planning and SQL v1 Scope,MIGRATED_PASS11,Preserve normative semantics; reorganize into the canonical subsystem chapter. CREATE TABLE binding validation/constraints and side-effect-free bound spec migrated to §21.6.
377,PRIMARY KEY Semantics,11770,11789,20,11,ARCHITECTURE_CONTRACT,yes,no,REWRITE_CANONICALLY,ARCHITECTURE_NEW.md §21 — DDL/DML Semantic Planning and SQL v1 Scope,MIGRATED_PASS11,Preserve normative semantics; reorganize into the canonical subsystem chapter. PRIMARY KEY=UNIQUE+NOT NULL plus separate semantic constraint/physical index migrated to §21.7.
378,CREATE INDEX Binding,11790,11812,23,11,ARCHITECTURE_CONTRACT,yes,no,REWRITE_CANONICALLY,ARCHITECTURE_NEW.md §21 — DDL/DML Semantic Planning and SQL v1 Scope,MIGRATED_PASS11,Preserve normative semantics; reorganize into the canonical subsystem chapter. CREATE INDEX binding/base-column keys/unique lower-layer rule migrated to §21.8.1.
379,CREATE INDEX Execution Semantics,11813,11837,25,11,ARCHITECTURE_CONTRACT,yes,no,REWRITE_CANONICALLY,ARCHITECTURE_NEW.md §21 — DDL/DML Semantic Planning and SQL v1 Scope,MIGRATED_WITH_COMPLETION_PASS11,Preserve normative semantics; reorganize into the canonical subsystem chapter. Offline CREATE INDEX migrated to §21.8.2 with target-writer exclusion/current-state build so concurrent writes cannot be missed.
380,DROP Semantics,11838,11851,14,11,ARCHITECTURE_CONTRACT,yes,no,REWRITE_CANONICALLY,ARCHITECTURE_NEW.md §21 — DDL/DML Semantic Planning and SQL v1 Scope,MIGRATED_WITH_COMPLETION_PASS11,Preserve normative semantics; reorganize into the canonical subsystem chapter. Transactional DROP and delayed physical object retirement migrated to §21.9.
381,DDL Concurrency,11852,11873,22,11,ARCHITECTURE_CONTRACT + RATIONALE,yes,yes,REWRITE_CANONICALLY,ARCHITECTURE_NEW.md §21 — DDL/DML Semantic Planning and SQL v1 Scope,MIGRATED_WITH_COMPLETION_PASS11,Preserve normative semantics; reorganize into the canonical subsystem chapter. Coarse SchemaLock plus target-table writer gate/lock ordering migrated to §21.2 and synchronized with §15.1.1.
382,Catalog Transaction Visibility,11874,11890,17,11,ARCHITECTURE_CONTRACT,yes,no,REWRITE_CANONICALLY,ARCHITECTURE_NEW.md §21 — DDL/DML Semantic Planning and SQL v1 Scope,MIGRATED_WITH_COMPLETION_PASS11,Preserve normative semantics; reorganize into the canonical subsystem chapter. Catalog MVCC/cache publication semantics migrated to §§21.3/21.10 and synchronized with §16.10.
383,Statement Binding Snapshot,11891,11910,20,11,ARCHITECTURE_CONTRACT,yes,no,REWRITE_CANONICALLY,ARCHITECTURE_NEW.md §21 — DDL/DML Semantic Planning and SQL v1 Scope,MIGRATED_PASS11,Preserve normative semantics; reorganize into the canonical subsystem chapter. READ COMMITTED statement vs REPEATABLE READ transaction catalog binding snapshot migrated to §21.3.
384,INSERT Binding,11911,11935,25,11,ARCHITECTURE_CONTRACT,yes,no,REWRITE_CANONICALLY,ARCHITECTURE_NEW.md §21 — DDL/DML Semantic Planning and SQL v1 Scope,MIGRATED_PASS11,Preserve normative semantics; reorganize into the canonical subsystem chapter. INSERT target/default/cast/canonical-column binding migrated to §21.11.
385,Default Expressions,11936,11956,21,11,ARCHITECTURE_CONTRACT,yes,no,REWRITE_CANONICALLY,ARCHITECTURE_NEW.md §21 — DDL/DML Semantic Planning and SQL v1 Scope,MIGRATED_WITH_GAP_PASS11,Preserve normative semantics; reorganize into the canonical subsystem chapter. Default-expression semantic scope migrated to §21.12; exact persistent expression encoding remains R-040.
386,UPDATE Binding,11957,11982,26,11,ARCHITECTURE_CONTRACT,yes,no,REWRITE_CANONICALLY,ARCHITECTURE_NEW.md §21 — DDL/DML Semantic Planning and SQL v1 Scope,MIGRATED_PASS11,Preserve normative semantics; reorganize into the canonical subsystem chapter. UPDATE assignment binding/old-value requirements migrated to §21.13.
387,DELETE Binding,11983,12004,22,11,ARCHITECTURE_CONTRACT,yes,no,REWRITE_CANONICALLY,ARCHITECTURE_NEW.md §21 — DDL/DML Semantic Planning and SQL v1 Scope,MIGRATED_PASS11,Preserve normative semantics; reorganize into the canonical subsystem chapter. DELETE target/RID/value requirements and vacuum index-cleanup boundary migrated to §21.14.
388,RETURNING,12005,12029,25,11,ARCHITECTURE_CONTRACT,yes,no,REWRITE_CANONICALLY,ARCHITECTURE_NEW.md §21 — DDL/DML Semantic Planning and SQL v1 Scope,MIGRATED_PASS11,Preserve normative semantics; reorganize into the canonical subsystem chapter. RETURNING logical support/retry-safe external output boundary migrated to §21.15.
389,Constant Folding,12030,12055,26,11,ARCHITECTURE_CONTRACT,yes,no,REWRITE_CANONICALLY,"ARCHITECTURE_NEW.md §20 — Logical Plans, Properties, and Rewrites",MIGRATED_PASS11,Preserve normative semantics; reorganize into the canonical subsystem chapter. IMMUTABLE constant folding/NULL/volatility safety migrated to §20.17.1.
390,Boolean Simplification,12056,12075,20,11,ARCHITECTURE_CONTRACT,yes,no,REWRITE_CANONICALLY,"ARCHITECTURE_NEW.md §20 — Logical Plans, Properties, and Rewrites",MIGRATED_PASS11,Preserve normative semantics; reorganize into the canonical subsystem chapter. 3VL-safe conservative Boolean simplification migrated to §20.17.2.
391,Predicate Pushdown,12076,12097,22,11,ARCHITECTURE_CONTRACT,yes,no,REWRITE_CANONICALLY,"ARCHITECTURE_NEW.md §20 — Logical Plans, Properties, and Rewrites",MIGRATED_PASS11,Preserve normative semantics; reorganize into the canonical subsystem chapter. Predicate pushdown and LEFT JOIN safety boundary migrated to §20.17.3.
392,Projection Pruning,12098,12120,23,11,ARCHITECTURE_CONTRACT,yes,no,REWRITE_CANONICALLY,"ARCHITECTURE_NEW.md §20 — Logical Plans, Properties, and Rewrites",MIGRATED_PASS11,Preserve normative semantics; reorganize into the canonical subsystem chapter. Projection pruning and required hidden/key/filter/sort/group values migrated to §20.17.4.
393,Expression Canonicalization,12121,12140,20,11,ARCHITECTURE_CONTRACT,yes,no,REWRITE_CANONICALLY,"ARCHITECTURE_NEW.md §20 — Logical Plans, Properties, and Rewrites",MIGRATED_PASS11,Preserve normative semantics; reorganize into the canonical subsystem chapter. Expression canonicalization with FLOAT/NULL/volatility safeguards migrated to §20.17.5.
394,Logical Join Graph,12141,12158,18,11,ARCHITECTURE_CONTRACT,yes,no,REWRITE_CANONICALLY,"ARCHITECTURE_NEW.md §20 — Logical Plans, Properties, and Rewrites",MIGRATED_PASS11,Preserve normative semantics; reorganize into the canonical subsystem chapter. Inner/cross join graph and outer-join constraints migrated to §20.17.6.
395,Logical Plan Construction for SELECT,12159,12190,32,11,ARCHITECTURE_CONTRACT + RATIONALE,yes,yes,REWRITE_CANONICALLY,"ARCHITECTURE_NEW.md §20 — Logical Plans, Properties, and Rewrites",MIGRATED_PASS11,Preserve normative semantics; reorganize into the canonical subsystem chapter. Canonical SELECT logical construction order migrated to §20.15.
396,SELECT Without FROM,12191,12212,22,11,ARCHITECTURE_CONTRACT,yes,no,REWRITE_CANONICALLY,"ARCHITECTURE_NEW.md §20 — Logical Plans, Properties, and Rewrites",MIGRATED_PASS11,Preserve normative semantics; reorganize into the canonical subsystem chapter. SELECT without FROM via single-empty-row Values + Project migrated to §§20.5/20.15.
397,INNER JOIN Binding,12213,12234,22,11,ARCHITECTURE_CONTRACT,yes,no,REWRITE_CANONICALLY,"ARCHITECTURE_NEW.md §20 — Logical Plans, Properties, and Rewrites",MIGRATED_PASS11,Preserve normative semantics; reorganize into the canonical subsystem chapter. INNER JOIN binding combined ON scope/BOOLEAN semantics migrated to §20.8.2.
398,LEFT JOIN Binding,12235,12260,26,11,ARCHITECTURE_CONTRACT,yes,no,REWRITE_CANONICALLY,"ARCHITECTURE_NEW.md §20 — Logical Plans, Properties, and Rewrites",MIGRATED_PASS11,Preserve normative semantics; reorganize into the canonical subsystem chapter. LEFT JOIN binding/nullability/ON-vs-WHERE semantics migrated to §§20.8.2–20.8.3.
399,CROSS JOIN,12261,12276,16,11,ARCHITECTURE_CONTRACT,yes,no,REWRITE_CANONICALLY,"ARCHITECTURE_NEW.md §20 — Logical Plans, Properties, and Rewrites",MIGRATED_PASS11,Preserve normative semantics; reorganize into the canonical subsystem chapter. CROSS JOIN no-condition semantics migrated to §20.8.
400,NATURAL / USING JOIN,12277,12293,17,11,ARCHITECTURE_CONTRACT,no,no,REWRITE_CANONICALLY,"ARCHITECTURE_NEW.md §20 — Logical Plans, Properties, and Rewrites",MIGRATED_DEFERRED_PASS11,Preserve normative semantics; reorganize into the canonical subsystem chapter. NATURAL/USING JOIN remains explicitly deferred in §21.19/Appendix C.
401,Subquery Binding,12294,12323,30,11,ARCHITECTURE_CONTRACT,yes,no,REWRITE_CANONICALLY,"ARCHITECTURE_NEW.md §20 — Logical Plans, Properties, and Rewrites",MIGRATED_PASS11,Preserve normative semantics; reorganize into the canonical subsystem chapter. Subquery scopes and distinct future BoundCorrelatedColumnRef representation migrated to §20.14.
402,Scalar Subquery Semantics,12324,12345,22,11,ARCHITECTURE_CONTRACT,yes,no,REWRITE_CANONICALLY,"ARCHITECTURE_NEW.md §20 — Logical Plans, Properties, and Rewrites",MIGRATED_PASS11,Preserve normative semantics; reorganize into the canonical subsystem chapter. Scalar-subquery one-column/0-1-many cardinality semantics migrated to §20.14.1.
403,EXISTS,12346,12362,17,11,ARCHITECTURE_CONTRACT,yes,no,REWRITE_CANONICALLY,"ARCHITECTURE_NEW.md §20 — Logical Plans, Properties, and Rewrites",MIGRATED_PASS11,Preserve normative semantics; reorganize into the canonical subsystem chapter. EXISTS non-null BOOLEAN semantics migrated to §20.14.2.
404,IN Subquery,12363,12388,26,11,ARCHITECTURE_CONTRACT,yes,no,REWRITE_CANONICALLY,"ARCHITECTURE_NEW.md §20 — Logical Plans, Properties, and Rewrites",MIGRATED_PASS11,Preserve normative semantics; reorganize into the canonical subsystem chapter. IN-subquery one-compatible-column/NULL-preserving semantics and future transformations migrated to §20.14.3.
405,Common Table Expressions,12389,12400,12,11,ARCHITECTURE_CONTRACT,no,no,REWRITE_CANONICALLY,"ARCHITECTURE_NEW.md §20 — Logical Plans, Properties, and Rewrites",MIGRATED_DEFERRED_PASS11,Preserve normative semantics; reorganize into the canonical subsystem chapter. Nonrecursive/recursive CTE deferral and named-subplan future shape migrated to §20.14.4/Appendix C.
406,Expression Evaluation Contract,12401,12419,19,11,ARCHITECTURE_CONTRACT,yes,no,REWRITE_CANONICALLY,"ARCHITECTURE_NEW.md §20 — Logical Plans, Properties, and Rewrites",MIGRATED_BOUNDARY_PASS11,Preserve normative semantics; reorganize into the canonical subsystem chapter. Expression vectorizability remains a semantic boundary; concrete DataChunk/Vector execution remains Pass 12.
407,Expression Nullability Metadata,12420,12443,24,11,ARCHITECTURE_CONTRACT,yes,no,REWRITE_CANONICALLY,"ARCHITECTURE_NEW.md §20 — Logical Plans, Properties, and Rewrites",MIGRATED_PASS11,Preserve normative semantics; reorganize into the canonical subsystem chapter. Expression conservative nullability reconciled with logical-slot schema/property contracts in §§20.2/20.16.
408,Expression Lineage,12444,12465,22,11,ARCHITECTURE_CONTRACT,yes,no,REWRITE_CANONICALLY,"ARCHITECTURE_NEW.md §20 — Logical Plans, Properties, and Rewrites",MIGRATED_PASS11,Preserve normative semantics; reorganize into the canonical subsystem chapter. Lightweight TableId/ColumnId lineage migrated to §§20.2/20.16.
409,Logical Properties,12466,12486,21,11,ARCHITECTURE_CONTRACT,yes,no,REWRITE_CANONICALLY,"ARCHITECTURE_NEW.md §20 — Logical Plans, Properties, and Rewrites",MIGRATED_PASS11,Preserve normative semantics; reorganize into the canonical subsystem chapter. Logical properties placeholder/output slots/keys/nullability/constants/order/cardinality migrated to §20.16.
410,Constraint-Derived Logical Properties,12487,12511,25,11,ARCHITECTURE_CONTRACT,yes,no,REWRITE_CANONICALLY,"ARCHITECTURE_NEW.md §20 — Logical Plans, Properties, and Rewrites",MIGRATED_PASS11,Preserve normative semantics; reorganize into the canonical subsystem chapter. Constraint-derived candidate-key/nullability properties migrated to §20.16.
411,Logical Plan Validation,12512,12532,21,11,ARCHITECTURE_CONTRACT,yes,no,REWRITE_CANONICALLY,"ARCHITECTURE_NEW.md §20 — Logical Plans, Properties, and Rewrites",MIGRATED_PASS11,Preserve normative semantics; reorganize into the canonical subsystem chapter. Logical-plan validator obligations migrated to §20.18.
412,EXPLAIN Logical Output,12533,12563,31,11,ARCHITECTURE_CONTRACT,yes,no,REWRITE_CANONICALLY,ARCHITECTURE_NEW.md §40 — Observability and EXPLAIN,MIGRATED_CROSSCUTTING_PASS11,Preserve normative semantics; reorganize into the canonical subsystem chapter. Logical EXPLAIN tree/debug IDs/types/nullability migrated to §20.19 and §40.5.
413,Error Model,12564,12590,27,11,ARCHITECTURE_CONTRACT,yes,no,REWRITE_CANONICALLY,ARCHITECTURE_NEW.md §39 — Error and Corruption Model,MIGRATED_CROSSCUTTING_PASS11,Preserve normative semantics; reorganize into the canonical subsystem chapter. Front-end error categories/source-span contract migrated to §21.16/§39.2.
414,Parser Error Recovery,12591,12609,19,11,ARCHITECTURE_CONTRACT,yes,no,REWRITE_CANONICALLY,"ARCHITECTURE_NEW.md §18 — Lexer, Parser, and AST",MIGRATED_PASS11,Preserve normative semantics; reorganize into the canonical subsystem chapter. Single-statement stop and multi-statement semicolon/EOI parser recovery migrated to §21.17.
415,SQL Grammar Testing,12610,12643,34,11,VERIFICATION_REQUIREMENT,yes,no,SPLIT_AND_MERGE,ARCHITECTURE_NEW.md §41 — Verification Requirements + VERIFICATION.md (proposed),MIGRATED_VERIFICATION_PASS11,Keep architecture-level verification obligations; move detailed test recipes/checklists to verification documentation. Parser positive/negative/precedence/diagnostic obligations consolidated into §41.4.
416,Binder Tests,12644,12677,34,11,VERIFICATION_REQUIREMENT,yes,no,SPLIT_AND_MERGE,ARCHITECTURE_NEW.md §41 — Verification Requirements + VERIFICATION.md (proposed),MIGRATED_VERIFICATION_PASS11,Keep architecture-level verification obligations; move detailed test recipes/checklists to verification documentation. Binder semantic test dimensions consolidated into §41.4.
417,Type-System Property Tests,12678,12702,25,11,VERIFICATION_REQUIREMENT,yes,no,SPLIT_AND_MERGE,ARCHITECTURE_NEW.md §41 — Verification Requirements + VERIFICATION.md (proposed),MIGRATED_VERIFICATION_PASS11,Keep architecture-level verification obligations; move detailed test recipes/checklists to verification documentation. Type-system cross-layer semantic property tests consolidated into §41.4.
418,Catalog Tests,12703,12724,22,11,VERIFICATION_REQUIREMENT,yes,no,SPLIT_AND_MERGE,ARCHITECTURE_NEW.md §41 — Verification Requirements + VERIFICATION.md (proposed),MIGRATED_VERIFICATION_PASS11,Keep architecture-level verification obligations; move detailed test recipes/checklists to verification documentation. Catalog persistence/ID/version/cache/visibility/retirement verification consolidated into §41.4.
419,Logical Planner Tests,12725,12766,42,11,VERIFICATION_REQUIREMENT,yes,no,SPLIT_AND_MERGE,ARCHITECTURE_NEW.md §41 — Verification Requirements + VERIFICATION.md (proposed),MIGRATED_VERIFICATION_PASS11,Keep architecture-level verification obligations; move detailed test recipes/checklists to verification documentation. Canonical logical-plan shape verification consolidated into §41.4.
420,Logical Rewrite Tests,12767,12796,30,11,VERIFICATION_REQUIREMENT,yes,no,SPLIT_AND_MERGE,ARCHITECTURE_NEW.md §41 — Verification Requirements + VERIFICATION.md (proposed),MIGRATED_VERIFICATION_PASS11,Keep architecture-level verification obligations; move detailed test recipes/checklists to verification documentation. Rewrite shape+differential NULL-rich semantic verification consolidated into §41.4.
421,Catalog / Front-End Benchmarks,12797,12818,22,11,PERFORMANCE_VERIFICATION,yes,no,SPLIT_AND_MERGE,ARCHITECTURE_NEW.md §42 — Performance Requirements + VERIFICATION.md (proposed),MIGRATED_PERFORMANCE_PASS11,Keep required performance properties/metrics; move benchmark procedures/checklists to verification documentation. Catalog/front-end benchmark dimensions consolidated into §42.3.
422,Parser/AST Memory Benchmark,12819,12837,19,11,PERFORMANCE_VERIFICATION,yes,no,SPLIT_AND_MERGE,ARCHITECTURE_NEW.md §42 — Performance Requirements + VERIFICATION.md (proposed),MIGRATED_PERFORMANCE_PASS11,Keep required performance properties/metrics; move benchmark procedures/checklists to verification documentation. Parser/AST allocation/memory benchmark dimensions consolidated into §42.3.
423,Front-End Fuzzing,12838,12861,24,11,VERIFICATION_REQUIREMENT,yes,no,SPLIT_AND_MERGE,ARCHITECTURE_NEW.md §41 — Verification Requirements + VERIFICATION.md (proposed),MIGRATED_VERIFICATION_PASS11,Keep architecture-level verification obligations; move detailed test recipes/checklists to verification documentation. Lexer/parser/literal/constant-evaluator fuzz obligations consolidated into §41.4.
424,Supported SQL v1 Target,12862,12913,52,11,ARCHITECTURE_CONTRACT,yes,no,REWRITE_CANONICALLY,ARCHITECTURE_NEW.md §21 — DDL/DML Semantic Planning and SQL v1 Scope,MIGRATED_SCOPE_PASS11,Preserve normative semantics; reorganize into the canonical subsystem chapter. Representative SQL-v1 milestone examples consolidated semantically into §21.18.
425,Deliberately Deferred SQL Features,12914,12954,41,11,DEFERRED_SCOPE,yes,no,CONSOLIDATE,ARCHITECTURE_NEW.md §C — Deferred Features and Future Experiments,MIGRATED_DEFERRED_PASS11,Preserve explicitly deferred functionality as a scope boundary and consolidate it by subsystem. Deferred SQL features consolidated into §21.19/Appendix C.
426,High-Reward Future Front-End Features,12955,12978,24,11,FUTURE_EXPERIMENTS / RATIONALE,yes,no,CONSOLIDATE,ARCHITECTURE_NEW.md §C — Deferred Features and Future Experiments,MIGRATED_DEFERRED_PASS11,Preserve future experiment ideas without presenting them as current v1 requirements. High-reward future front-end features classified as future scope; implementation-priority wording excluded.
427,Front-End / Logical-Layer Invariants,12979,13012,34,11,ARCHITECTURAL_INVARIANTS,yes,no,MERGE_AND_DEDUPLICATE,ARCHITECTURE_NEW.md §B — Global Invariants,RECONCILED_PASS11,Preserve every invariant; colocate subsystem-specific invariants with their owning chapters where useful. 25 front-end/logical invariants reconciled into Chapters 16–21/Appendix B using ordinary technical wording.
428,Recommended Module Layout for the Upper Layer,13013,13088,76,11,IMPLEMENTATION_GUIDANCE / SOURCE_LAYOUT,yes,no,MOVE_OUT_OR_SPLIT,DEVELOPMENT.md (proposed); subsystem-boundary constraints stay in architecture,CLASSIFIED_PASS11,Exact filenames/source trees are implementation guidance; preserve only architectural boundaries in the contract. Concrete upper-layer source tree excluded per R-006; architectural layer boundaries retained.
429,Implementation Order for Catalog + SQL Front End,13089,13164,76,11,PROJECT_ROADMAP / MILESTONE,yes,no,MOVE_OUT_OF_ARCHITECTURE,DEVELOPMENT.md (proposed),CLASSIFIED_PASS11,Implementation sequence and milestone targets are project planning rather than system architecture. Implementation order excluded per R-003; subsystem dependencies remain canonical.
430,Upper-Layer Milestone 1,13165,13203,39,11,PROJECT_ROADMAP / MILESTONE,yes,no,MOVE_OUT_OF_ARCHITECTURE,DEVELOPMENT.md (proposed),CLASSIFIED_PASS11,Implementation sequence and milestone targets are project planning rather than system architecture. Milestone target excluded as project planning; parse/bind/logical-plan/EXPLAIN obligations preserved.
431,Upper-Layer Milestone 2,13204,13229,26,11,PROJECT_ROADMAP / MILESTONE,yes,no,MOVE_OUT_OF_ARCHITECTURE,DEVELOPMENT.md (proposed),CLASSIFIED_PASS11,Implementation sequence and milestone targets are project planning rather than system architecture. Milestone target excluded as project planning; persistent DDL/reopen/catalog obligations preserved.
432,Upper-Layer Milestone 3,13230,13257,28,11,PROJECT_ROADMAP / MILESTONE,yes,no,MOVE_OUT_OF_ARCHITECTURE,DEVELOPMENT.md (proposed),CLASSIFIED_PASS11,Implementation sequence and milestone targets are project planning rather than system architecture. Milestone target excluded as project planning; logical-to-execution dependency remains Part VI boundary.
433,Architecture Status After Upper Semantic Layer,13258,13317,60,11,PROJECT_STATE + ARCHITECTURE_SUMMARY,yes,no,SPLIT_AND_MOVE,PROJECT_STATE.md + ARCHITECTURE_NEW.md §2 — System Architecture and Dependency Model where a unique end-to-end architecture summary remains useful,MIGRATED_WITH_CLASSIFICATION_PASS11,Remove historical progress/status language; retain only unique architectural summaries/diagrams. Historical status snapshot excluded per R-004; lasting transition to physical execution remains Part VI.
434,Vectorized Physical Execution Engine Contract,13318,13364,47,12,SUBSYSTEM_CONTRACT_INTRODUCTION,yes,no,MERGE_INTO_PART_INTRODUCTION,ARCHITECTURE_NEW.md §22 — Physical Plan and Runtime Operator Model,MIGRATED_PASS12,Use as subsystem framing; do not retain a second independent contract layer. Vectorized/chunk/pipeline/memory/spill/parallel-ready execution architecture and hot-loop ownership boundary migrated to §22.1.
435,Physical Plan vs Runtime Operator State,13365,13389,25,12,ARCHITECTURE_CONTRACT,yes,no,REWRITE_CANONICALLY,ARCHITECTURE_NEW.md §22 — Physical Plan and Runtime Operator Model,MIGRATED_PASS12,Preserve normative semantics; reorganize into the canonical subsystem chapter. Immutable PhysicalOperator versus GlobalOperatorState/LocalOperatorState separation migrated to §§22.2/22.6.
436,Physical Plan Node Contract,13390,13409,20,12,ARCHITECTURE_CONTRACT,yes,no,REWRITE_CANONICALLY,ARCHITECTURE_NEW.md §22 — Physical Plan and Runtime Operator Model,MIGRATED_PASS12,Preserve normative semantics; reorganize into the canonical subsystem chapter. Physical-plan node contract/output schema/properties/EXPLAIN metadata migrated to §22.3.
437,Initial Physical Operators,13410,13453,44,12,ARCHITECTURE_CONTRACT,yes,no,REWRITE_CANONICALLY,ARCHITECTURE_NEW.md §22 — Physical Plan and Runtime Operator Model,MIGRATED_PASS12,Preserve normative semantics; reorganize into the canonical subsystem chapter. Initial physical operator family migrated to §22.4; detailed joins/aggs/sort/DML remain Pass 13.
438,DataChunk,13454,13493,40,12,ARCHITECTURE_CONTRACT,yes,no,REWRITE_CANONICALLY,ARCHITECTURE_NEW.md §23 — Vectorized Data and String Representation,MIGRATED_PASS12,Preserve normative semantics; reorganize into the canonical subsystem chapter. DataChunk capacity/cardinality/vector/StringHeap contract and explicit non-EOF empty chunk migrated to §23.1.
439,Why 1024 Rows,13494,13522,29,12,ARCHITECTURE_CONTRACT + RATIONALE,yes,yes,REWRITE_CANONICALLY,ARCHITECTURE_NEW.md §23 — Vectorized Data and String Representation,MIGRATED_RATIONALE_PASS12,Preserve normative semantics; reorganize into the canonical subsystem chapter. 1024-row standard vector-size rationale/configurability migrated to §23.2.
440,Vector Kinds,13523,13571,49,12,ARCHITECTURE_CONTRACT,yes,no,REWRITE_CANONICALLY,ARCHITECTURE_NEW.md §23 — Vectorized Data and String Representation,MIGRATED_PASS12,Preserve normative semantics; reorganize into the canonical subsystem chapter. FLAT/CONSTANT/DICTIONARY vector kinds and deferred SEQUENCE/RLE migrated to §23.3/Appendix C.
441,Flat Numeric Vector Layout,13572,13610,39,12,ARCHITECTURE_CONTRACT + RATIONALE,yes,yes,REWRITE_CANONICALLY,ARCHITECTURE_NEW.md §23 — Vectorized Data and String Representation,MIGRATED_PASS12,Preserve normative semantics; reorganize into the canonical subsystem chapter. Contiguous aligned fixed-width vector types and byte-per-BOOLEAN execution layout migrated to §23.4.
442,Validity Mask,13611,13642,32,12,ARCHITECTURE_CONTRACT,yes,no,REWRITE_CANONICALLY,ARCHITECTURE_NEW.md §23 — Vectorized Data and String Representation,MIGRATED_PASS12,Preserve normative semantics; reorganize into the canonical subsystem chapter. 1-valid/0-null uint64 validity mask plus all-valid/constant/dictionary semantics migrated to §23.5.
443,SelectionVector,13643,13677,35,12,ARCHITECTURE_CONTRACT,yes,no,REWRITE_CANONICALLY,ARCHITECTURE_NEW.md §23 — Vectorized Data and String Representation,MIGRATED_PASS12,"Preserve normative semantics; reorganize into the canonical subsystem chapter. uint16 SelectionVector, capacity bound, identity-view optimization migrated to §23.6."
444,Dictionary Composition,13678,13701,24,12,ARCHITECTURE_CONTRACT,yes,no,REWRITE_CANONICALLY,ARCHITECTURE_NEW.md §23 — Vectorized Data and String Representation,MIGRATED_WITH_COMPLETION_PASS12,Preserve normative semantics; reorganize into the canonical subsystem chapter. Dictionary-chain normalization migrated to §23.7 with exact effective-selection composition semantics.
445,UnifiedVectorFormat,13702,13737,36,12,ARCHITECTURE_CONTRACT,yes,no,REWRITE_CANONICALLY,ARCHITECTURE_NEW.md §23 — Vectorized Data and String Representation,MIGRATED_PASS12,Preserve normative semantics; reorganize into the canonical subsystem chapter. UnifiedVectorFormat batch-level representation normalization migrated to §23.8.
446,VARCHAR Execution Representation,13738,13766,29,12,ARCHITECTURE_CONTRACT,yes,no,REWRITE_CANONICALLY,ARCHITECTURE_NEW.md §23 — Vectorized Data and String Representation,MIGRATED_WITH_COMPLETION_PASS12,Preserve normative semantics; reorganize into the canonical subsystem chapter. StringRef 16-byte representation migrated to §23.9; prefix byte meaning completed as first four unsigned bytes packed big-endian.
447,String Lifetime Rules,13767,13792,26,12,ARCHITECTURE_CONTRACT,yes,no,REWRITE_CANONICALLY,ARCHITECTURE_NEW.md §23 — Vectorized Data and String Representation,MIGRATED_PASS12,Preserve normative semantics; reorganize into the canonical subsystem chapter. StringRef ownership/deep-copy lifetime rules migrated to §23.10.
448,DataChunk StringHeap,13793,13811,19,12,ARCHITECTURE_CONTRACT,yes,no,REWRITE_CANONICALLY,ARCHITECTURE_NEW.md §23 — Vectorized Data and String Representation,MIGRATED_PASS12,Preserve normative semantics; reorganize into the canonical subsystem chapter. DataChunk StringHeap and heap-page-decoupled VARCHAR copying migrated to §23.11.
449,Borrowed Vectors Inside a Pipeline,13812,13832,21,12,ARCHITECTURE_CONTRACT,yes,no,REWRITE_CANONICALLY,ARCHITECTURE_NEW.md §23 — Vectorized Data and String Representation,MIGRATED_PASS12,Preserve normative semantics; reorganize into the canonical subsystem chapter. Borrowed vector synchronous pipeline lifetime and retaining-boundary materialization migrated to §§23.12/26.6.
450,Chunk Reuse,13833,13860,28,12,ARCHITECTURE_CONTRACT,yes,no,REWRITE_CANONICALLY,ARCHITECTURE_NEW.md §23 — Vectorized Data and String Representation,MIGRATED_PASS12,Preserve normative semantics; reorganize into the canonical subsystem chapter. DataChunk/vector buffer reuse/reset ownership rule migrated to §23.13.
451,Execution Row Layout,13861,13906,46,12,ARCHITECTURE_CONTRACT,yes,no,REWRITE_CANONICALLY,"ARCHITECTURE_NEW.md §24 — Query Memory, Row Storage, and Spill",MIGRATED_WITH_COMPLETION_PASS12,Preserve normative semantics; reorganize into the canonical subsystem chapter. Query-temporary RowLayout migrated to §24.1 with offset/length varlen descriptors rather than persistent heap headers/raw movable pointers.
452,RowCollection,13907,13935,29,12,ARCHITECTURE_CONTRACT,yes,no,REWRITE_CANONICALLY,"ARCHITECTURE_NEW.md §24 — Query Memory, Row Storage, and Spill",MIGRATED_PASS12,Preserve normative semantics; reorganize into the canonical subsystem chapter. 256 KiB append-oriented RowCollection/query-local stable handle semantics migrated to §24.2.
453,Query Arena,13936,13961,26,12,ARCHITECTURE_CONTRACT,yes,no,REWRITE_CANONICALLY,"ARCHITECTURE_NEW.md §24 — Query Memory, Row Storage, and Spill",MIGRATED_WITH_COMPLETION_PASS12,Preserve normative semantics; reorganize into the canonical subsystem chapter. QueryArena migrated to §24.3; arena backing memory explicitly accounted so it cannot bypass memory budgeting.
454,QueryMemoryManager,13962,13993,32,12,ARCHITECTURE_CONTRACT,yes,no,REWRITE_CANONICALLY,"ARCHITECTURE_NEW.md §24 — Query Memory, Row Storage, and Spill",MIGRATED_PASS12,Preserve normative semantics; reorganize into the canonical subsystem chapter. QueryMemoryManager per-query/global accounting/soft-hard budgets migrated to §24.4.
455,Memory Reservations,13994,14025,32,12,ARCHITECTURE_CONTRACT,yes,no,REWRITE_CANONICALLY,"ARCHITECTURE_NEW.md §24 — Query Memory, Row Storage, and Spill",MIGRATED_PASS12,Preserve normative semantics; reorganize into the canonical subsystem chapter. Tracked MemoryReservation ownership/spillability/growth/release migrated to §24.5.
456,Memory Pressure Protocol,14026,14043,18,12,ARCHITECTURE_CONTRACT,yes,no,REWRITE_CANONICALLY,"ARCHITECTURE_NEW.md §24 — Query Memory, Row Storage, and Spill",MIGRATED_WITH_COMPLETION_PASS12,Preserve normative semantics; reorganize into the canonical subsystem chapter. Spill-or-controlled-OOM protocol migrated to §24.6 including out-of-manager-lock spill callback rule.
457,SpillManager,14044,14077,34,12,ARCHITECTURE_CONTRACT,yes,no,REWRITE_CANONICALLY,"ARCHITECTURE_NEW.md §24 — Query Memory, Row Storage, and Spill",MIGRATED_PASS12,Preserve normative semantics; reorganize into the canonical subsystem chapter. Query-local SpillManager/temp lifecycle/no-WAL/no-recovery semantics migrated to §24.7.
458,Spill Block Format,14078,14101,24,12,ARCHITECTURE_CONTRACT,yes,no,REWRITE_CANONICALLY,"ARCHITECTURE_NEW.md §24 — Query Memory, Row Storage, and Spill",MIGRATED_PASS12,Preserve normative semantics; reorganize into the canonical subsystem chapter. Self-describing checksummed temporary spill-block semantic contract migrated to §24.8; specialized payloads remain Pass 13.
459,Spill I/O Pattern,14102,14126,25,12,ARCHITECTURE_CONTRACT,yes,no,REWRITE_CANONICALLY,"ARCHITECTURE_NEW.md §24 — Query Memory, Row Storage, and Spill",MIGRATED_PASS12,Preserve normative semantics; reorganize into the canonical subsystem chapter. Large sequential spill I/O and ~1 MiB configurable target migrated to §24.9.
460,Expression Executor,14127,14143,17,12,ARCHITECTURE_CONTRACT,yes,no,REWRITE_CANONICALLY,ARCHITECTURE_NEW.md §25 — Vectorized Expression Execution,MIGRATED_PASS12,Preserve normative semantics; reorganize into the canonical subsystem chapter. Reusable vectorized expression-state/Evaluate contract migrated to §25.1.
461,Vectorized Arithmetic Kernels,14144,14172,29,12,ARCHITECTURE_CONTRACT,yes,no,REWRITE_CANONICALLY,ARCHITECTURE_NEW.md §25 — Vectorized Expression Execution,MIGRATED_PASS12,Preserve normative semantics; reorganize into the canonical subsystem chapter. Unified-input fixed-width arithmetic kernels and all-valid fast paths migrated to §§25.2–25.3.
462,Vectorized Comparison Kernels,14173,14193,21,12,ARCHITECTURE_CONTRACT,yes,no,REWRITE_CANONICALLY,ARCHITECTURE_NEW.md §25 — Vectorized Expression Execution,MIGRATED_PASS12,Preserve normative semantics; reorganize into the canonical subsystem chapter. Vectorized comparison/selection-direct/VARCHAR comparison semantics migrated to §25.4.
463,AND / OR Short-Circuiting,14194,14223,30,12,ARCHITECTURE_CONTRACT,yes,no,REWRITE_CANONICALLY,ARCHITECTURE_NEW.md §25 — Vectorized Expression Execution,MIGRATED_PASS12,Preserve normative semantics; reorganize into the canonical subsystem chapter. Selection-based SQL-3VL AND/OR short-circuiting and volatile/error branch preservation migrated to §§25.5–25.6.
464,Physical Pipeline Model,14224,14259,36,12,ARCHITECTURE_CONTRACT,yes,no,REWRITE_CANONICALLY,ARCHITECTURE_NEW.md §26 — Pipeline Execution Model,MIGRATED_PASS12,Preserve normative semantics; reorganize into the canonical subsystem chapter. Source->streaming->sink pipeline DAG model migrated to §26.1.
465,Pipeline Roles,14260,14306,47,12,ARCHITECTURE_CONTRACT,yes,no,REWRITE_CANONICALLY,ARCHITECTURE_NEW.md §26 — Pipeline Execution Model,MIGRATED_PASS12,Preserve normative semantics; reorganize into the canonical subsystem chapter. Pipeline Source/Streaming/Sink roles migrated to §26.2; later breaker algorithms remain Pass 13.
466,Physical Plan to Pipeline Graph,14307,14335,29,12,ARCHITECTURE_CONTRACT,yes,no,REWRITE_CANONICALLY,ARCHITECTURE_NEW.md §26 — Pipeline Execution Model,MIGRATED_PASS12,Preserve normative semantics; reorganize into the canonical subsystem chapter. Physical-tree to pipeline graph construction migrated to §26.3.
467,Pipeline Runtime Interfaces,14336,14365,30,12,ARCHITECTURE_CONTRACT,yes,no,REWRITE_CANONICALLY,ARCHITECTURE_NEW.md §26 — Pipeline Execution Model,MIGRATED_WITH_COMPLETION_PASS12,Preserve normative semantics; reorganize into the canonical subsystem chapter. Conceptual source/operator/sink runtime interfaces migrated to §26.4 with explicit HAVE_MORE/FINISHED status and no empty-chunk EOF.
468,"Single-Thread First, Parallel-Ready",14366,14384,19,12,ARCHITECTURE_CONTRACT,yes,no,REWRITE_CANONICALLY,ARCHITECTURE_NEW.md §26 — Pipeline Execution Model,MIGRATED_PASS12,Preserve normative semantics; reorganize into the canonical subsystem chapter. Single-worker first but global/local parallel-ready state split migrated to §§26.5/26.9.
469,Pipeline Cancellation,14385,14418,34,12,ARCHITECTURE_CONTRACT,yes,no,REWRITE_CANONICALLY,ARCHITECTURE_NEW.md §26 — Pipeline Execution Model,MIGRATED_WITH_COMPLETION_PASS12,Preserve normative semantics; reorganize into the canonical subsystem chapter. QueryExecutionContext cancellation/RAII migrated to §§22.5/26.7; read-epoch integration and query-cancel versus pipeline-early-stop distinction completed.
470,Sequential Scan,14419,14450,32,12,ARCHITECTURE_CONTRACT,yes,no,REWRITE_CANONICALLY,ARCHITECTURE_NEW.md §27 — Scans and Unary Physical Operators,MIGRATED_WITH_INTEGRATION_PASS12,Preserve normative semantics; reorganize into the canonical subsystem chapter. PhysicalSeqScan page/slot/MVCC/required-column decoding migrated to §27.1 and integrated with historical schema resolution.
471,Scan Page Guard Lifetime,14451,14466,16,12,ARCHITECTURE_CONTRACT,yes,no,REWRITE_CANONICALLY,ARCHITECTURE_NEW.md §27 — Scans and Unary Physical Operators,MIGRATED_PASS12,Preserve normative semantics; reorganize into the canonical subsystem chapter. Scan guard lifetime and chunk-owned VARCHAR output migrated to §27.2.
472,Scan Predicate Pushdown Boundary,14467,14486,20,12,ARCHITECTURE_CONTRACT,yes,no,REWRITE_CANONICALLY,ARCHITECTURE_NEW.md §27 — Scans and Unary Physical Operators,MIGRATED_PASS12,Preserve normative semantics; reorganize into the canonical subsystem chapter. Planner-assigned scan-predicate pushdown boundary migrated to §27.3.
473,Index Scan,14487,14521,35,12,ARCHITECTURE_CONTRACT,yes,no,REWRITE_CANONICALLY,ARCHITECTURE_NEW.md §27 — Scans and Unary Physical Operators,MIGRATED_WITH_INTEGRATION_PASS12,Preserve normative semantics; reorganize into the canonical subsystem chapter. PhysicalIndexScan range-cursor->RID->heap-MVCC contract migrated to §27.4 with execution read-epoch protection.
474,RID Batching for Index Scan,14522,14543,22,12,ARCHITECTURE_CONTRACT,yes,no,REWRITE_CANONICALLY,ARCHITECTURE_NEW.md §27 — Scans and Unary Physical Operators,MIGRATED_PASS12,Preserve normative semantics; reorganize into the canonical subsystem chapter. Index RID batching up to one chunk and order-preserving baseline migrated to §27.5.
475,Index Order Property,14544,14566,23,12,ARCHITECTURE_CONTRACT,yes,no,REWRITE_CANONICALLY,ARCHITECTURE_NEW.md §27 — Scans and Unary Physical Operators,MIGRATED_WITH_INTEGRATION_PASS12,Preserve normative semantics; reorganize into the canonical subsystem chapter. Forward index ordering property migrated to §27.6 and aligned with ASC/NULLS FIRST plus deferred reverse scan.
476,PhysicalFilter,14567,14586,20,12,ARCHITECTURE_CONTRACT,yes,no,REWRITE_CANONICALLY,ARCHITECTURE_NEW.md §27 — Scans and Unary Physical Operators,MIGRATED_PASS12,Preserve normative semantics; reorganize into the canonical subsystem chapter. Selection/dictionary PhysicalFilter semantics migrated to §27.7.
477,PhysicalProject,14587,14600,14,12,ARCHITECTURE_CONTRACT,yes,no,REWRITE_CANONICALLY,ARCHITECTURE_NEW.md §27 — Scans and Unary Physical Operators,MIGRATED_PASS12,Preserve normative semantics; reorganize into the canonical subsystem chapter. Vectorized borrowing/computed-result PhysicalProject semantics migrated to §27.8.
478,PhysicalLimit,14601,14627,27,12,ARCHITECTURE_CONTRACT,yes,no,REWRITE_CANONICALLY,ARCHITECTURE_NEW.md §27 — Scans and Unary Physical Operators,MIGRATED_WITH_COMPLETION_PASS12,"Preserve normative semantics; reorganize into the canonical subsystem chapter. PhysicalLimit skip/emitted counters, slice/selection, and safe pipeline early-stop migrated to §27.9; early-stop distinguished from query cancellation."
479,Nested-Loop Join,14628,14655,28,13,ARCHITECTURE_CONTRACT,yes,no,REWRITE_CANONICALLY,ARCHITECTURE_NEW.md §28 — Join Execution,MIGRATED_PASS13,Preserve normative semantics; reorganize into the canonical subsystem chapter. Nested-loop small-inner materialization and INNER/LEFT/CROSS baseline migrated to §28.3.
480,Index Nested-Loop Join,14656,14680,25,13,ARCHITECTURE_CONTRACT,yes,no,REWRITE_CANONICALLY,ARCHITECTURE_NEW.md §28 — Join Execution,MIGRATED_PASS13,Preserve normative semantics; reorganize into the canonical subsystem chapter. Vector-key/batched-index/MVCC/residual index nested-loop path migrated to §28.4.
481,Hash Join Role,14681,14710,30,13,ARCHITECTURE_CONTRACT,yes,no,REWRITE_CANONICALLY,ARCHITECTURE_NEW.md §28 — Join Execution,MIGRATED_WITH_COMPLETION_PASS13,Preserve normative semantics; reorganize into the canonical subsystem chapter. HashJoin role/build-probe/equality/residual model migrated to §§28.5–28.9; LEFT orientation made explicit.
482,Hash Join Build Storage,14711,14735,25,13,ARCHITECTURE_CONTRACT,yes,no,REWRITE_CANONICALLY,ARCHITECTURE_NEW.md §28 — Join Execution,MIGRATED_PASS13,Preserve normative semantics; reorganize into the canonical subsystem chapter. Hash build RowCollection/RowLayout/deep-copy storage migrated to §28.6.
483,Hash Join Hash Directory,14736,14770,35,13,ARCHITECTURE_CONTRACT,yes,no,REWRITE_CANONICALLY,ARCHITECTURE_NEW.md §28 — Join Execution,MIGRATED_PASS13,"Preserve normative semantics; reorganize into the canonical subsystem chapter. Power-of-two open-address directory, hash+head entry, collision/full-equality behavior and ~0.70 load target migrated to §28.6."
484,Why Directory + Duplicate Chains,14771,14798,28,13,ARCHITECTURE_CONTRACT + RATIONALE,yes,yes,REWRITE_CANONICALLY,ARCHITECTURE_NEW.md §28 — Join Execution,MIGRATED_RATIONALE_PASS13,Preserve normative semantics; reorganize into the canonical subsystem chapter. Duplicate-chain locality/multiplicity rationale migrated into §28.6.
485,Hash Function Contract,14799,14831,33,13,ARCHITECTURE_CONTRACT,yes,no,REWRITE_CANONICALLY,ARCHITECTURE_NEW.md §28 — Join Execution,MIGRATED_WITH_COMPLETION_PASS13,Preserve normative semantics; reorganize into the canonical subsystem chapter. Central query-local 64-bit hashing/equal=>same-hash/composite semantics migrated to §28.2 with explicit join/grouping equality modes.
486,Hash Join NULL Semantics,14832,14855,24,13,ARCHITECTURE_CONTRACT,yes,no,REWRITE_CANONICALLY,ARCHITECTURE_NEW.md §28 — Join Execution,MIGRATED_PASS13,Preserve normative semantics; reorganize into the canonical subsystem chapter. Ordinary hash-join NULL non-match semantics migrated to §§28.2.1/28.7/28.9.
487,Hash Join Build Pipeline,14856,14882,27,13,ARCHITECTURE_CONTRACT,yes,no,REWRITE_CANONICALLY,ARCHITECTURE_NEW.md §28 — Join Execution,MIGRATED_PASS13,Preserve normative semantics; reorganize into the canonical subsystem chapter. Hash build sink/vector keys/deep-copy/hash/directory Finalize dependency migrated to §28.7.
488,Hash Join Probe State,14883,14901,19,13,ARCHITECTURE_CONTRACT,yes,no,REWRITE_CANONICALLY,ARCHITECTURE_NEW.md §28 — Join Execution,MIGRATED_PASS13,Preserve normative semantics; reorganize into the canonical subsystem chapter. Probe continuation state for multi-output duplicate matches migrated to §28.8.
489,Hash Join Residual Predicate,14902,14938,37,13,ARCHITECTURE_CONTRACT,yes,no,REWRITE_CANONICALLY,ARCHITECTURE_NEW.md §28 — Join Execution,MIGRATED_PASS13,Preserve normative semantics; reorganize into the canonical subsystem chapter. Residual predicate after equi-key match migrated to §28.8.
490,LEFT Hash Join,14939,14957,19,13,ARCHITECTURE_CONTRACT,yes,no,REWRITE_CANONICALLY,ARCHITECTURE_NEW.md §28 — Join Execution,MIGRATED_WITH_COMPLETION_PASS13,Preserve normative semantics; reorganize into the canonical subsystem chapter. LEFT hash join unmatched/residual/NULL behavior migrated to §28.9; logical-left preserved probe orientation locked.
491,Grace Hash Join Spilling,14958,14983,26,13,ARCHITECTURE_CONTRACT,yes,no,REWRITE_CANONICALLY,ARCHITECTURE_NEW.md §28 — Join Execution,MIGRATED_PASS13,Preserve normative semantics; reorganize into the canonical subsystem chapter. Grace hash join partition/spill/pair processing migrated to §28.10.
492,Recursive Hash Repartition,14984,15007,24,13,ARCHITECTURE_CONTRACT,yes,no,REWRITE_CANONICALLY,ARCHITECTURE_NEW.md §28 — Join Execution,MIGRATED_PASS13,Preserve normative semantics; reorganize into the canonical subsystem chapter. Bounded recursive repartition/skew fallback/profiling migrated to §28.11.
493,Hash Join Spill Ordering,15008,15021,14,13,ARCHITECTURE_CONTRACT,yes,no,REWRITE_CANONICALLY,ARCHITECTURE_NEW.md §28 — Join Execution,MIGRATED_PASS13,Preserve normative semantics; reorganize into the canonical subsystem chapter. Hash-spill no-order guarantee migrated to §28.10 and property contracts.
494,Hash Aggregate,15022,15043,22,13,ARCHITECTURE_CONTRACT,yes,no,REWRITE_CANONICALLY,ARCHITECTURE_NEW.md §29 — Aggregation and DISTINCT,MIGRATED_PASS13,Preserve normative semantics; reorganize into the canonical subsystem chapter. PhysicalHashAggregate grouped/global roles migrated to §§29.1/29.5.
495,Aggregate Function State API,15044,15073,30,13,ARCHITECTURE_CONTRACT,yes,no,REWRITE_CANONICALLY,ARCHITECTURE_NEW.md §29 — Aggregation and DISTINCT,MIGRATED_PASS13,Preserve normative semantics; reorganize into the canonical subsystem chapter. Aggregate state API and vector/local/combine/spill purpose migrated to §29.2.
496,Initial Aggregate Semantics,15074,15132,59,13,ARCHITECTURE_CONTRACT,yes,no,REWRITE_CANONICALLY,ARCHITECTURE_NEW.md §29 — Aggregation and DISTINCT,MIGRATED_WITH_COMPLETION_PASS13,Preserve normative semantics; reorganize into the canonical subsystem chapter. COUNT/SUM/MIN/MAX/AVG NULL semantics migrated to §29.3 with explicit initial result signatures/checked integer behavior.
497,Group Hash Table,15133,15156,24,13,ARCHITECTURE_CONTRACT,yes,no,REWRITE_CANONICALLY,ARCHITECTURE_NEW.md §29 — Aggregation and DISTINCT,MIGRATED_PASS13,Preserve normative semantics; reorganize into the canonical subsystem chapter. Group hash table group-row/state/deep-copy/hash semantics migrated to §29.4.
498,GROUP BY NULL Semantics,15157,15180,24,13,ARCHITECTURE_CONTRACT,yes,no,REWRITE_CANONICALLY,ARCHITECTURE_NEW.md §29 — Aggregation and DISTINCT,MIGRATED_PASS13,Preserve normative semantics; reorganize into the canonical subsystem chapter. GROUP BY NULL grouping identity and explicit grouping hash mode migrated to §29.4.
499,Global Aggregate Fast Path,15181,15198,18,13,ARCHITECTURE_CONTRACT,yes,no,REWRITE_CANONICALLY,ARCHITECTURE_NEW.md §29 — Aggregation and DISTINCT,MIGRATED_PASS13,Preserve normative semantics; reorganize into the canonical subsystem chapter. No-GROUP-BY single-state global aggregate fast path migrated to §29.5.
500,Hash Aggregate Spill,15199,15220,22,13,ARCHITECTURE_CONTRACT,yes,no,REWRITE_CANONICALLY,ARCHITECTURE_NEW.md §29 — Aggregation and DISTINCT,MIGRATED_WITH_COMPLETION_PASS13,Preserve normative semantics; reorganize into the canonical subsystem chapter. Hash aggregate partition spill migrated to §29.6; v1 does not require raw in-memory aggregate-state serialization.
501,DISTINCT,15221,15237,17,13,ARCHITECTURE_CONTRACT,yes,no,REWRITE_CANONICALLY,ARCHITECTURE_NEW.md §29 — Aggregation and DISTINCT,MIGRATED_PASS13,Preserve normative semantics; reorganize into the canonical subsystem chapter. DISTINCT reuse of grouping infrastructure migrated to §29.7.
502,Sort Operator,15238,15257,20,13,ARCHITECTURE_CONTRACT,yes,no,REWRITE_CANONICALLY,ARCHITECTURE_NEW.md §30 — Sorting and Top-N,MIGRATED_PASS13,Preserve normative semantics; reorganize into the canonical subsystem chapter. PhysicalSort blocking/materialize/sort/spill/merge/emit contract migrated to §30.1.
503,Sort Record,15258,15288,31,13,ARCHITECTURE_CONTRACT,yes,no,REWRITE_CANONICALLY,ARCHITECTURE_NEW.md §30 — Sorting and Top-N,MIGRATED_WITH_COMPLETION_PASS13,Preserve normative semantics; reorganize into the canonical subsystem chapter. Sort record normalized-prefix/row-handle design migrated to §30.2 with order-preserving-prefix requirement.
504,Sort Comparison,15289,15314,26,13,ARCHITECTURE_CONTRACT,yes,no,REWRITE_CANONICALLY,ARCHITECTURE_NEW.md §30 — Sorting and Top-N,MIGRATED_PASS13,Preserve normative semantics; reorganize into the canonical subsystem chapter. Exact semantic sort comparator and prefix-tie full-key comparison migrated to §30.3.
505,In-Memory Sort Algorithm,15315,15342,28,13,ARCHITECTURE_CONTRACT,yes,no,REWRITE_CANONICALLY,ARCHITECTURE_NEW.md §30 — Sorting and Top-N,MIGRATED_PASS13,Preserve normative semantics; reorganize into the canonical subsystem chapter. Initial compact-record comparison-sort algorithm and radix deferral migrated to §30.4/Appendix C.
506,External Merge Sort,15343,15375,33,13,ARCHITECTURE_CONTRACT,yes,no,REWRITE_CANONICALLY,ARCHITECTURE_NEW.md §30 — Sorting and Top-N,MIGRATED_PASS13,Preserve normative semantics; reorganize into the canonical subsystem chapter. External run generation/buffered k-way/multi-pass merge migrated to §30.5.
507,Sort Spill Run Format,15376,15399,24,13,ARCHITECTURE_CONTRACT,yes,no,REWRITE_CANONICALLY,ARCHITECTURE_NEW.md §30 — Sorting and Top-N,MIGRATED_PASS13,Preserve normative semantics; reorganize into the canonical subsystem chapter. Temporary checksummed sort-run schema/fingerprint semantics migrated to §30.6.
508,PhysicalTopN,15400,15431,32,13,ARCHITECTURE_CONTRACT,yes,no,REWRITE_CANONICALLY,ARCHITECTURE_NEW.md §30 — Sorting and Top-N,MIGRATED_WITH_COMPLETION_PASS13,Preserve normative semantics; reorganize into the canonical subsystem chapter. Bounded N+OFFSET TopN heap migrated to §30.7 with checked K and final retained-record sort before output.
509,Merge Join,15432,15451,20,13,ARCHITECTURE_CONTRACT,yes,no,REWRITE_CANONICALLY,ARCHITECTURE_NEW.md §28 — Join Execution,MIGRATED_WITH_COMPLETION_PASS13,Preserve normative semantics; reorganize into the canonical subsystem chapter. Merge-join ordered-input/duplicate-group architecture migrated to §28.12 with explicit ordinary NULL and incremental duplicate handling.
510,DML Target Materialization,15452,15485,34,13,ARCHITECTURE_CONTRACT,yes,no,REWRITE_CANONICALLY,"ARCHITECTURE_NEW.md §31 — DML, DDL, VACUUM, and Result Interface",MIGRATED_PASS13,Preserve normative semantics; reorganize into the canonical subsystem chapter. UPDATE/DELETE read-spool then write/revalidate pipeline breaker migrated to §31.1.
511,Halloween Problem Protection,15486,15501,16,13,ARCHITECTURE_CONTRACT,yes,no,REWRITE_CANONICALLY,"ARCHITECTURE_NEW.md §31 — DML, DDL, VACUUM, and Result Interface",MIGRATED_WITH_COMPLETION_PASS13,Preserve normative semantics; reorganize into the canonical subsystem chapter. Halloween protection migrated to §§31.2–31.3 including one-target-RID-at-most-once rule.
512,DML Target Spool Memory and Spill,15502,15522,21,13,ARCHITECTURE_CONTRACT,yes,no,REWRITE_CANONICALLY,"ARCHITECTURE_NEW.md §31 — DML, DDL, VACUUM, and Result Interface",MIGRATED_PASS13,Preserve normative semantics; reorganize into the canonical subsystem chapter. Memory/spill-aware target spool required-column layout migrated to §31.4.
513,DML Revalidation,15523,15547,25,13,ARCHITECTURE_CONTRACT,yes,no,REWRITE_CANONICALLY,"ARCHITECTURE_NEW.md §31 — DML, DDL, VACUUM, and Result Interface",MIGRATED_REFINEMENT_PASS13,Preserve normative semantics; reorganize into the canonical subsystem chapter. DML revalidation migrated to §31.5 and reconciled with resolved R-033: retry only before first persistent attempt write; otherwise abort.
514,INSERT Execution,15548,15577,30,13,ARCHITECTURE_CONTRACT,yes,no,REWRITE_CANONICALLY,"ARCHITECTURE_NEW.md §31 — DML, DDL, VACUUM, and Result Interface",MIGRATED_PASS13,Preserve normative semantics; reorganize into the canonical subsystem chapter. PhysicalInsert vector validation/unique/heap/index/RETURNING and amortization migrated to §31.6.
515,UPDATE Execution,15578,15597,20,13,ARCHITECTURE_CONTRACT,yes,no,REWRITE_CANONICALLY,"ARCHITECTURE_NEW.md §31 — DML, DDL, VACUUM, and Result Interface",MIGRATED_WITH_COMPLETION_PASS13,Preserve normative semantics; reorganize into the canonical subsystem chapter. UPDATE batched assignment/write protocol migrated to §31.7; mutation phase remains single-worker v1.
516,DELETE Execution,15598,15616,19,13,ARCHITECTURE_CONTRACT,yes,no,REWRITE_CANONICALLY,"ARCHITECTURE_NEW.md §31 — DML, DDL, VACUUM, and Result Interface",MIGRATED_WITH_COMPLETION_PASS13,Preserve normative semantics; reorganize into the canonical subsystem chapter. DELETE target write/xmax/RETURNING/vacuum boundary migrated to §31.8; mutation phase remains single-worker v1.
517,RETURNING Buffer,15617,15640,24,13,ARCHITECTURE_CONTRACT,yes,no,REWRITE_CANONICALLY,"ARCHITECTURE_NEW.md §31 — DML, DDL, VACUUM, and Result Interface",MIGRATED_WITH_COMPLETION_PASS13,Preserve normative semantics; reorganize into the canonical subsystem chapter. RETURNING memory/spill buffer migrated to §31.9 with whole-statement successful-completion publication boundary.
518,Query Result Interface,15641,15658,18,13,ARCHITECTURE_CONTRACT,yes,no,REWRITE_CANONICALLY,"ARCHITECTURE_NEW.md §31 — DML, DDL, VACUUM, and Result Interface",MIGRATED_WITH_COMPLETION_PASS13,Preserve normative semantics; reorganize into the canonical subsystem chapter. Result sink/cursor ownership migrated to §31.10 with explicit current-client-chunk lifetime.
519,Physical DDL Execution,15659,15678,20,13,ARCHITECTURE_CONTRACT,yes,no,REWRITE_CANONICALLY,"ARCHITECTURE_NEW.md §31 — DML, DDL, VACUUM, and Result Interface",MIGRATED_PASS13,Preserve normative semantics; reorganize into the canonical subsystem chapter. Physical DDL control-operator/offline index/catalog publication semantics migrated to §31.11.
520,Physical VACUUM,15679,15690,12,13,ARCHITECTURE_CONTRACT,yes,no,REWRITE_CANONICALLY,"ARCHITECTURE_NEW.md §31 — DML, DDL, VACUUM, and Result Interface",MIGRATED_PASS13,Preserve normative semantics; reorganize into the canonical subsystem chapter. PhysicalVacuum maintenance/operator-boundary semantics migrated to §31.12.
521,Physical Operator Properties,15691,15712,22,13,ARCHITECTURE_CONTRACT,yes,no,REWRITE_CANONICALLY,ARCHITECTURE_NEW.md §22 — Physical Plan and Runtime Operator Model,MIGRATED_PASS13,Preserve normative semantics; reorganize into the canonical subsystem chapter. Physical operator property set migrated to §22.7.
522,Ordering Property,15713,15745,33,13,ARCHITECTURE_CONTRACT,yes,no,REWRITE_CANONICALLY,ARCHITECTURE_NEW.md §22 — Physical Plan and Runtime Operator Model,MIGRATED_PASS13,Preserve normative semantics; reorganize into the canonical subsystem chapter. Explicit ordered-key property and operator examples migrated to §22.7.
523,Pipeline Breaker Memory Semantics,15746,15775,30,13,ARCHITECTURE_CONTRACT,yes,no,REWRITE_CANONICALLY,ARCHITECTURE_NEW.md §26 — Pipeline Execution Model,MIGRATED_PASS13,Preserve normative semantics; reorganize into the canonical subsystem chapter. Breaker memory/spill/finalize/output-state declaration migrated to Chapter 26 sink contract.
524,Pipeline Dependency DAG,15776,15794,19,13,ARCHITECTURE_CONTRACT,yes,no,REWRITE_CANONICALLY,ARCHITECTURE_NEW.md §26 — Pipeline Execution Model,MIGRATED_PASS13,Preserve normative semantics; reorganize into the canonical subsystem chapter. Pipeline dependency DAG and canonical blocker dependencies migrated to §26.1/§26.2.
525,Worker Model,15795,15814,20,13,ARCHITECTURE_CONTRACT,yes,no,REWRITE_CANONICALLY,ARCHITECTURE_NEW.md §32 — Parallel Execution and Scheduling,MIGRATED_PASS13,Preserve normative semantics; reorganize into the canonical subsystem chapter. Fixed worker-pool model migrated to §32.1.
526,Pipeline Morsels,15815,15852,38,13,ARCHITECTURE_CONTRACT,yes,no,REWRITE_CANONICALLY,ARCHITECTURE_NEW.md §32 — Parallel Execution and Scheduling,MIGRATED_PASS13,"Preserve normative semantics; reorganize into the canonical subsystem chapter. Parallel-source morsels, 64–256 heap-page target, Values/spill units and B+ limitation migrated to §32.2."
527,Local Operator State,15853,15873,21,13,ARCHITECTURE_CONTRACT,yes,no,REWRITE_CANONICALLY,ARCHITECTURE_NEW.md §32 — Parallel Execution and Scheduling,MIGRATED_PASS13,Preserve normative semantics; reorganize into the canonical subsystem chapter. Worker-local hot operator state/combine-finalize rule migrated to §32.3.
528,Parallel Sequential Scan,15874,15893,20,13,ARCHITECTURE_CONTRACT,yes,no,REWRITE_CANONICALLY,ARCHITECTURE_NEW.md §32 — Parallel Execution and Scheduling,MIGRATED_PASS13,Preserve normative semantics; reorganize into the canonical subsystem chapter. Parallel heap morsel scan/snapshot/no-order semantics migrated to §32.4.
529,Parallel Hash Join Build,15894,15911,18,13,ARCHITECTURE_CONTRACT,yes,no,REWRITE_CANONICALLY,ARCHITECTURE_NEW.md §32 — Parallel Execution and Scheduling,MIGRATED_PASS13,Preserve normative semantics; reorganize into the canonical subsystem chapter. Parallel hash build local storage/partition/finalize architecture migrated to §32.5.
530,Parallel Hash Join Probe,15912,15931,20,13,ARCHITECTURE_CONTRACT + RATIONALE,yes,yes,REWRITE_CANONICALLY,ARCHITECTURE_NEW.md §32 — Parallel Execution and Scheduling,MIGRATED_PASS13,Preserve normative semantics; reorganize into the canonical subsystem chapter. Immutable finalized parallel hash-probe architecture migrated to §32.5.
531,Parallel Hash Aggregate,15932,15951,20,13,ARCHITECTURE_CONTRACT,yes,no,REWRITE_CANONICALLY,ARCHITECTURE_NEW.md §32 — Parallel Execution and Scheduling,MIGRATED_PASS13,Preserve normative semantics; reorganize into the canonical subsystem chapter. Worker-local aggregate tables and combine/global-aggregate specialization migrated to §32.6.
532,Parallel Sort,15952,15971,20,13,ARCHITECTURE_CONTRACT,yes,no,REWRITE_CANONICALLY,ARCHITECTURE_NEW.md §32 — Parallel Execution and Scheduling,MIGRATED_PASS13,Preserve normative semantics; reorganize into the canonical subsystem chapter. Independent local sort-run generation and merge finalize migrated to §32.7.
533,Task Scheduler,15972,15997,26,13,ARCHITECTURE_CONTRACT,yes,no,REWRITE_CANONICALLY,ARCHITECTURE_NEW.md §32 — Parallel Execution and Scheduling,MIGRATED_PASS13,Preserve normative semantics; reorganize into the canonical subsystem chapter. Fixed-pool/global-ready-queue/dependency scheduler baseline and work-stealing deferral migrated to §32.8.
534,Query Fairness,15998,16016,19,13,ARCHITECTURE_CONTRACT,yes,no,REWRITE_CANONICALLY,ARCHITECTURE_NEW.md §32 — Parallel Execution and Scheduling,MIGRATED_PASS13,Preserve normative semantics; reorganize into the canonical subsystem chapter. Morsel fairness/cancellation control points and future query-share limits migrated to §32.9.
535,NUMA,16017,16035,19,13,ARCHITECTURE_CONTRACT,no,no,REWRITE_CANONICALLY,ARCHITECTURE_NEW.md §32 — Parallel Execution and Scheduling,MIGRATED_DEFERRED_PASS13,Preserve normative semantics; reorganize into the canonical subsystem chapter. NUMA scheduling/memory placement deferred and centralized-allocation compatibility migrated to §32.10/Appendix C.
536,SIMD Policy,16036,16069,34,13,ARCHITECTURE_CONTRACT,yes,no,REWRITE_CANONICALLY,ARCHITECTURE_NEW.md §42 — Performance Requirements,MIGRATED_PASS13,Preserve normative semantics; reorganize into the canonical subsystem chapter. Portable auto-vectorization-first SIMD policy and explicit-intrinsic deferral migrated to §32.11.
537,Branch Reduction,16070,16094,25,13,ARCHITECTURE_CONTRACT,yes,no,REWRITE_CANONICALLY,ARCHITECTURE_NEW.md §42 — Performance Requirements,MIGRATED_PASS13,Preserve normative semantics; reorganize into the canonical subsystem chapter. Batch/null/selection-based branch-reduction guidelines migrated to §32.11/§42.4.
538,Prefetch,16095,16113,19,13,ARCHITECTURE_CONTRACT,yes,no,REWRITE_CANONICALLY,ARCHITECTURE_NEW.md §42 — Performance Requirements,MIGRATED_PASS13,Preserve normative semantics; reorganize into the canonical subsystem chapter. Heap/B+/hash/spill prefetch optimization points and evidence-first policy migrated to §32.12.
539,Query Profiling,16114,16181,68,13,ARCHITECTURE_CONTRACT,yes,no,REWRITE_CANONICALLY,ARCHITECTURE_NEW.md §40 — Observability and EXPLAIN,MIGRATED_CROSSCUTTING_PASS13,Preserve normative semantics; reorganize into the canonical subsystem chapter. Operator profiling metrics migrated to §40.6.
540,EXPLAIN ANALYZE,16182,16212,31,13,ARCHITECTURE_CONTRACT,yes,no,REWRITE_CANONICALLY,ARCHITECTURE_NEW.md §40 — Observability and EXPLAIN,MIGRATED_CROSSCUTTING_PASS13,Preserve normative semantics; reorganize into the canonical subsystem chapter. EXPLAIN ANALYZE estimated-vs-actual/operator runtime metrics migrated to §40.6.1.
541,Pipeline Profiling,16213,16247,35,13,ARCHITECTURE_CONTRACT,yes,no,REWRITE_CANONICALLY,ARCHITECTURE_NEW.md §40 — Observability and EXPLAIN,MIGRATED_CROSSCUTTING_PASS13,Preserve normative semantics; reorganize into the canonical subsystem chapter. Pipeline dependency/execution/worker/morsel profiling migrated to §40.6.2.
542,Physical Plan Validator,16248,16269,22,13,VERIFICATION_REQUIREMENT,yes,no,SPLIT_AND_MERGE,ARCHITECTURE_NEW.md §41 — Verification Requirements + VERIFICATION.md (proposed),MIGRATED_VERIFICATION_PASS13,Keep architecture-level verification obligations; move detailed test recipes/checklists to verification documentation. Physical plan validator contract migrated to §41.5.
543,Execution Error Model,16270,16295,26,13,ARCHITECTURE_CONTRACT,yes,no,REWRITE_CANONICALLY,ARCHITECTURE_NEW.md §39 — Error and Corruption Model,MIGRATED_CROSSCUTTING_PASS13,Preserve normative semantics; reorganize into the canonical subsystem chapter. Execution error taxonomy/resource unwind migrated to §39.3.
544,Integer Arithmetic Errors,16296,16316,21,13,ARCHITECTURE_CONTRACT,yes,no,REWRITE_CANONICALLY,ARCHITECTURE_NEW.md §39 — Error and Corruption Model,MIGRATED_WITH_COMPLETION_PASS13,Preserve normative semantics; reorganize into the canonical subsystem chapter. Checked integer arithmetic/overflow rules migrated to §39.3.1.
545,Division,16317,16332,16,13,ARCHITECTURE_CONTRACT,yes,no,REWRITE_CANONICALLY,ARCHITECTURE_NEW.md §39 — Error and Corruption Model,MIGRATED_WITH_COMPLETION_PASS13,Preserve normative semantics; reorganize into the canonical subsystem chapter. Integer divide/remainder-by-zero errors and explicit IEEE FLOAT64 division semantics migrated to §39.3.1–§39.3.2.
546,Execution Testing Strategy,16333,16390,58,13,VERIFICATION_REQUIREMENT,yes,no,SPLIT_AND_MERGE,ARCHITECTURE_NEW.md §41 — Verification Requirements + VERIFICATION.md (proposed),MIGRATED_VERIFICATION_PASS13,Keep architecture-level verification obligations; move detailed test recipes/checklists to verification documentation. Operator/pipeline/end-to-end/differential/spill/cancellation strategy consolidated into §41.5.
547,Vector Correctness Tests,16391,16420,30,13,VERIFICATION_REQUIREMENT,yes,no,SPLIT_AND_MERGE,ARCHITECTURE_NEW.md §41 — Verification Requirements + VERIFICATION.md (proposed),MIGRATED_VERIFICATION_PASS13,Keep architecture-level verification obligations; move detailed test recipes/checklists to verification documentation. Vector representation/null/selection correctness matrix consolidated into §41.5.
548,String Lifetime Tests,16421,16436,16,13,VERIFICATION_REQUIREMENT,yes,no,SPLIT_AND_MERGE,ARCHITECTURE_NEW.md §41 — Verification Requirements + VERIFICATION.md (proposed),MIGRATED_VERIFICATION_PASS13,Keep architecture-level verification obligations; move detailed test recipes/checklists to verification documentation. String lifetime/unpin/recycle poisoning obligation consolidated into §41.5.
549,Hash Join Tests,16437,16461,25,13,VERIFICATION_REQUIREMENT,yes,no,SPLIT_AND_MERGE,ARCHITECTURE_NEW.md §41 — Verification Requirements + VERIFICATION.md (proposed),MIGRATED_VERIFICATION_PASS13,Keep architecture-level verification obligations; move detailed test recipes/checklists to verification documentation. Hash join duplicate/NULL/collision/residual/LEFT/spill/skew randomized reference tests consolidated into §41.5.
550,Aggregate Tests,16462,16485,24,13,VERIFICATION_REQUIREMENT,yes,no,SPLIT_AND_MERGE,ARCHITECTURE_NEW.md §41 — Verification Requirements + VERIFICATION.md (proposed),MIGRATED_VERIFICATION_PASS13,Keep architecture-level verification obligations; move detailed test recipes/checklists to verification documentation. Aggregate empty/group/null/composite/spill/combine tests consolidated into §41.5.
551,Sort Tests,16486,16510,25,13,VERIFICATION_REQUIREMENT,yes,no,SPLIT_AND_MERGE,ARCHITECTURE_NEW.md §41 — Verification Requirements + VERIFICATION.md (proposed),MIGRATED_VERIFICATION_PASS13,Keep architecture-level verification obligations; move detailed test recipes/checklists to verification documentation. Sort order/type-edge/external/multi-pass comparator-oracle tests consolidated into §41.5.
552,DML Execution Tests,16511,16538,28,13,VERIFICATION_REQUIREMENT,yes,no,SPLIT_AND_MERGE,ARCHITECTURE_NEW.md §41 — Verification Requirements + VERIFICATION.md (proposed),MIGRATED_VERIFICATION_PASS13,Keep architecture-level verification obligations; move detailed test recipes/checklists to verification documentation. Halloween/spool/conflict/retry/RETURNING/unique DML tests consolidated into §41.5.
553,Execution Microbenchmarks,16539,16570,32,13,PERFORMANCE_VERIFICATION,yes,no,SPLIT_AND_MERGE,ARCHITECTURE_NEW.md §42 — Performance Requirements + VERIFICATION.md (proposed),MIGRATED_PERFORMANCE_PASS13,Keep required performance properties/metrics; move benchmark procedures/checklists to verification documentation. Execution operator microbenchmark dimensions migrated to §42.4.
554,Vector Size Benchmark,16571,16592,22,13,PERFORMANCE_VERIFICATION,yes,no,SPLIT_AND_MERGE,ARCHITECTURE_NEW.md §42 — Performance Requirements + VERIFICATION.md (proposed),MIGRATED_PERFORMANCE_PASS13,Keep required performance properties/metrics; move benchmark procedures/checklists to verification documentation. 256–4096 vector-size benchmark matrix/default-1024 evidence rule migrated to §42.4.
555,End-to-End Execution Benchmarks,16593,16627,35,13,PERFORMANCE_VERIFICATION,yes,no,SPLIT_AND_MERGE,ARCHITECTURE_NEW.md §42 — Performance Requirements + VERIFICATION.md (proposed),MIGRATED_PERFORMANCE_PASS13,Keep required performance properties/metrics; move benchmark procedures/checklists to verification documentation. End-to-end query/DML benchmark workload and metric dimensions migrated to §42.4.
556,Deliberately Deferred Execution Features,16628,16656,29,13,DEFERRED_SCOPE,yes,no,CONSOLIDATE,ARCHITECTURE_NEW.md §C — Deferred Features and Future Experiments,MIGRATED_DEFERRED_PASS13,Preserve explicitly deferred functionality as a scope boundary and consolidate it by subsystem. Deferred execution features consolidated into Appendix C.
557,High-Reward Future Execution Experiments,16657,16681,25,13,FUTURE_EXPERIMENTS / RATIONALE,yes,no,CONSOLIDATE,ARCHITECTURE_NEW.md §C — Deferred Features and Future Experiments,MIGRATED_DEFERRED_PASS13,Preserve future experiment ideas without presenting them as current v1 requirements. High-reward profiling-driven execution experiments consolidated into Appendix C/§42.4 rather than implementation instructions.
558,Practical Performance Rules,16682,16705,24,13,ARCHITECTURE_CONTRACT,yes,no,REWRITE_CANONICALLY,ARCHITECTURE_NEW.md §42 — Performance Requirements,MIGRATED_PERFORMANCE_PASS13,Preserve normative semantics; reorganize into the canonical subsystem chapter. Practical no-per-row-allocation/dispatch/memory/spill/profile constraints canonicalized in §42.4.
559,Execution Invariants,16706,16744,39,13,ARCHITECTURAL_INVARIANTS,yes,no,MERGE_AND_DEDUPLICATE,ARCHITECTURE_NEW.md §B — Global Invariants,RECONCILED_PASS13,Preserve every invariant; colocate subsystem-specific invariants with their owning chapters where useful. Thirty execution invariants reconciled into Chapters 22–32/39–42 and Appendix B.
560,Recommended Execution Module Layout,16745,16837,93,13,IMPLEMENTATION_GUIDANCE / SOURCE_LAYOUT,yes,no,MOVE_OUT_OR_SPLIT,DEVELOPMENT.md (proposed); subsystem-boundary constraints stay in architecture,CLASSIFIED_PASS13,Exact filenames/source trees are implementation guidance; preserve only architectural boundaries in the contract. Concrete execution module/file tree excluded from architecture per R-006; responsibility boundaries retained in Chapters 22–32.
561,Execution Implementation Order,16838,16943,106,13,PROJECT_ROADMAP / MILESTONE,yes,no,MOVE_OUT_OF_ARCHITECTURE,DEVELOPMENT.md (proposed),CLASSIFIED_PASS13,Implementation sequence and milestone targets are project planning rather than system architecture. Execution implementation order excluded from architecture per R-003; algorithm/dependency requirements retained.
562,Execution Milestone 1,16944,16969,26,13,PROJECT_ROADMAP / MILESTONE,yes,no,MOVE_OUT_OF_ARCHITECTURE,DEVELOPMENT.md (proposed),CLASSIFIED_PASS13,Implementation sequence and milestone targets are project planning rather than system architecture. Execution milestone target excluded as project planning; foundational streaming obligations already preserved.
563,Execution Milestone 2,16970,16991,22,13,PROJECT_ROADMAP / MILESTONE,yes,no,MOVE_OUT_OF_ARCHITECTURE,DEVELOPMENT.md (proposed),CLASSIFIED_PASS13,Implementation sequence and milestone targets are project planning rather than system architecture. Execution milestone target excluded as project planning; join/aggregate/sort/EXPLAIN ANALYZE obligations preserved.
564,Execution Milestone 3,16992,17008,17,13,PROJECT_ROADMAP / MILESTONE,yes,no,MOVE_OUT_OF_ARCHITECTURE,DEVELOPMENT.md (proposed),CLASSIFIED_PASS13,Implementation sequence and milestone targets are project planning rather than system architecture. Forced-spill milestone excluded as project planning; semantic equivalence under spill preserved in §§28–31/41.
565,Execution Milestone 4,17009,17027,19,13,PROJECT_ROADMAP / MILESTONE,yes,no,MOVE_OUT_OF_ARCHITECTURE,DEVELOPMENT.md (proposed),CLASSIFIED_PASS13,Implementation sequence and milestone targets are project planning rather than system architecture. DML milestone excluded as project planning; Halloween/MVCC/RETURNING obligations preserved.
566,Execution Milestone 5,17028,17057,30,13,PROJECT_ROADMAP / MILESTONE,yes,no,MOVE_OUT_OF_ARCHITECTURE,DEVELOPMENT.md (proposed),CLASSIFIED_PASS13,Implementation sequence and milestone targets are project planning rather than system architecture. Parallel-scaling milestone excluded as project planning; parallel architecture and benchmark dimensions preserved in §32/§42.4.
567,Architecture Status After Practical Execution Layer,17058,17112,55,13,PROJECT_STATE + ARCHITECTURE_SUMMARY,yes,no,SPLIT_AND_MOVE,PROJECT_STATE.md + ARCHITECTURE_NEW.md §2 — System Architecture and Dependency Model where a unique end-to-end architecture summary remains useful,MIGRATED_WITH_CLASSIFICATION_PASS13,Remove historical progress/status language; retain only unique architectural summaries/diagrams. Historical execution-layer status snapshot excluded per R-004; lasting optimizer handoff is represented by Part VII.
568,Cost-Based Optimizer Contract,17113,17161,49,14,SUBSYSTEM_CONTRACT_INTRODUCTION,yes,yes,MERGE_INTO_PART_INTRODUCTION,ARCHITECTURE_NEW.md §33 — Optimizer Architecture,MIGRATED_PASS14,Use as subsystem framing; do not retain a second independent contract layer. System-R-style optimizer contract/rationale migrated to §33.1 and deduplicated against Pass-1 optimizer overview.
569,Optimizer Layering,17162,17201,40,14,ARCHITECTURE_CONTRACT,yes,no,REWRITE_CANONICALLY,ARCHITECTURE_NEW.md §33 — Optimizer Architecture,MIGRATED_PASS14,Preserve normative semantics; reorganize into the canonical subsystem chapter. Optimizer stage layering migrated to §33.2.
570,Optimizer Inputs,17202,17229,28,14,ARCHITECTURE_CONTRACT,yes,no,REWRITE_CANONICALLY,ARCHITECTURE_NEW.md §33 — Optimizer Architecture,MIGRATED_PASS14,Preserve normative semantics; reorganize into the canonical subsystem chapter. Stable optimizer inputs/catalog-stats/property inputs migrated to §§33.3–33.4.
571,Optimizer Output,17230,17259,30,14,ARCHITECTURE_CONTRACT,yes,no,REWRITE_CANONICALLY,ARCHITECTURE_NEW.md §33 — Optimizer Architecture,MIGRATED_PASS14,Preserve normative semantics; reorganize into the canonical subsystem chapter. Immutable PhysicalPlan estimate/cost/property output migrated to §33.5.
572,Statistics Philosophy,17260,17288,29,14,ARCHITECTURE_CONTRACT,yes,no,REWRITE_CANONICALLY,ARCHITECTURE_NEW.md §34 — Statistics,MIGRATED_PASS14,Preserve normative semantics; reorganize into the canonical subsystem chapter. Statistics as approximate non-correctness metadata migrated to §34.1.
573,ANALYZE,17289,17314,26,14,ARCHITECTURE_CONTRACT,yes,no,REWRITE_CANONICALLY,ARCHITECTURE_NEW.md §34 — Statistics,MIGRATED_WITH_COMPLETION_PASS14,Preserve normative semantics; reorganize into the canonical subsystem chapter. Manual ANALYZE scope migrated to §§34.2–34.3; one stable analysis snapshot and atomic descriptor publication made explicit.
574,Table Statistics,17315,17340,26,14,ARCHITECTURE_CONTRACT,yes,no,REWRITE_CANONICALLY,ARCHITECTURE_NEW.md §34 — Statistics,MIGRATED_PASS14,Preserve normative semantics; reorganize into the canonical subsystem chapter. TableStatistics fields/derived scan quantities migrated to §34.4.
575,Column Statistics,17341,17372,32,14,ARCHITECTURE_CONTRACT,yes,no,REWRITE_CANONICALLY,ARCHITECTURE_NEW.md §34 — Statistics,MIGRATED_PASS14,Preserve normative semantics; reorganize into the canonical subsystem chapter. ColumnStatistics fields and non-NULL NDV semantics migrated to §34.5.
576,Statistics Collection Strategy,17373,17398,26,14,ARCHITECTURE_CONTRACT,yes,no,REWRITE_CANONICALLY,ARCHITECTURE_NEW.md §34 — Statistics,MIGRATED_PASS14,Preserve normative semantics; reorganize into the canonical subsystem chapter. Vectorized full-scan v1 collection strategy migrated to §34.7.
577,Small-Table Exact Statistics,17399,17423,25,14,ARCHITECTURE_CONTRACT,yes,no,REWRITE_CANONICALLY,ARCHITECTURE_NEW.md §34 — Statistics,MIGRATED_PASS14,Preserve normative semantics; reorganize into the canonical subsystem chapter. ~50k configurable small-table exact mode migrated to §34.8.
578,NDV Estimation,17424,17459,36,14,ARCHITECTURE_CONTRACT,yes,no,REWRITE_CANONICALLY,ARCHITECTURE_NEW.md §34 — Statistics,MIGRATED_PASS14,Preserve normative semantics; reorganize into the canonical subsystem chapter. HLL p=14 / 16384-register NDV strategy migrated to §34.9.
579,Most-Common-Value Collection,17460,17492,33,14,ARCHITECTURE_CONTRACT,yes,no,REWRITE_CANONICALLY,ARCHITECTURE_NEW.md §34 — Statistics,MIGRATED_PASS14,Preserve normative semantics; reorganize into the canonical subsystem chapter. Bounded SpaceSaving-style 64-entry MCV strategy migrated to §34.10.
580,Histogram Collection,17493,17519,27,14,ARCHITECTURE_CONTRACT,yes,no,REWRITE_CANONICALLY,ARCHITECTURE_NEW.md §34 — Statistics,MIGRATED_PASS14,Preserve normative semantics; reorganize into the canonical subsystem chapter. 100k reservoir + ~100 equi-depth-bin histogram strategy migrated to §34.11.
581,Why Equi-Depth Histograms,17520,17540,21,14,ARCHITECTURE_CONTRACT + RATIONALE,yes,yes,REWRITE_CANONICALLY,ARCHITECTURE_NEW.md §34 — Statistics,MIGRATED_RATIONALE_PASS14,Preserve normative semantics; reorganize into the canonical subsystem chapter. Equi-depth skew rationale migrated to §34.12.
582,Histogram Value Semantics,17541,17559,19,14,ARCHITECTURE_CONTRACT,yes,no,REWRITE_CANONICALLY,ARCHITECTURE_NEW.md §34 — Statistics,MIGRATED_INTEGRATION_PASS14,Preserve normative semantics; reorganize into the canonical subsystem chapter. Histogram ordering aligned with SQL/B+ VARCHAR/FLOAT/type semantics in §34.13.
583,Statistics Serialization,17560,17587,28,14,ARCHITECTURE_CONTRACT,yes,no,REWRITE_CANONICALLY,ARCHITECTURE_NEW.md §34 — Statistics,MIGRATED_WITH_GAP_PASS14,Preserve normative semantics; reorganize into the canonical subsystem chapter. Versioned sys_statistics semantic payload migrated to §34.14; exact byte grammar remains R-044.
584,Statistics Snapshot During Planning,17588,17601,14,14,ARCHITECTURE_CONTRACT,yes,no,REWRITE_CANONICALLY,ARCHITECTURE_NEW.md §34 — Statistics,MIGRATED_PASS14,Preserve normative semantics; reorganize into the canonical subsystem chapter. Immutable one-plan statistics snapshot/atomic cache publication migrated to §§33.4/34.15.
585,Statistics Freshness,17602,17629,28,14,ARCHITECTURE_CONTRACT,yes,no,REWRITE_CANONICALLY,ARCHITECTURE_NEW.md §34 — Statistics,MIGRATED_PASS14,Preserve normative semantics; reorganize into the canonical subsystem chapter. Modification counters/staleness diagnostics migrated to §34.16; stale stats remain usable.
586,CardinalityEstimate,17630,17655,26,14,ARCHITECTURE_CONTRACT,yes,no,REWRITE_CANONICALLY,ARCHITECTURE_NEW.md §35 — Cardinality Estimation,MIGRATED_PASS14,Preserve normative semantics; reorganize into the canonical subsystem chapter. Floating finite nonnegative CardinalityEstimate migrated to §35.1.
587,Exact-Zero vs Estimated-Small,17656,17697,42,14,ARCHITECTURE_CONTRACT,yes,no,REWRITE_CANONICALLY,ARCHITECTURE_NEW.md §35 — Cardinality Estimation,MIGRATED_PASS14,Preserve normative semantics; reorganize into the canonical subsystem chapter. Explicit provably-empty versus minimum-nonempty estimate migrated to §35.2.
588,Row Width Estimate,17698,17727,30,14,ARCHITECTURE_CONTRACT,yes,no,REWRITE_CANONICALLY,ARCHITECTURE_NEW.md §35 — Cardinality Estimation,MIGRATED_PASS14,Preserve normative semantics; reorganize into the canonical subsystem chapter. Average row-width estimation and memory/spill relevance migrated to §35.3.
589,Selectivity Range,17728,17747,20,14,ARCHITECTURE_CONTRACT,yes,no,REWRITE_CANONICALLY,ARCHITECTURE_NEW.md §35 — Cardinality Estimation,MIGRATED_PASS14,Preserve normative semantics; reorganize into the canonical subsystem chapter. Selectivity clamp/filter row rule migrated to §35.5.
590,Equality Selectivity: Constant,17748,17801,54,14,ARCHITECTURE_CONTRACT,yes,no,REWRITE_CANONICALLY,ARCHITECTURE_NEW.md §35 — Cardinality Estimation,MIGRATED_PASS14,Preserve normative semantics; reorganize into the canonical subsystem chapter. Constant equality estimator with NULL/MCV/minmax/residual-NDV order migrated to §35.6.
591,Equality Selectivity: Column to Column,17802,17845,44,14,ARCHITECTURE_CONTRACT,yes,no,REWRITE_CANONICALLY,ARCHITECTURE_NEW.md §35 — Cardinality Estimation,MIGRATED_PASS14,Preserve normative semantics; reorganize into the canonical subsystem chapter. Column equijoin baseline/nonnull/NDV/minmax estimator migrated to §35.7.
592,MCV-Aware Join Estimation,17846,17863,18,14,ARCHITECTURE_CONTRACT,yes,no,REWRITE_CANONICALLY,ARCHITECTURE_NEW.md §35 — Cardinality Estimation,MIGRATED_PASS14,Preserve normative semantics; reorganize into the canonical subsystem chapter. MCV-aware join contribution/residual estimation migrated to §35.8.
593,Unique-Key Join Estimation,17864,17891,28,14,ARCHITECTURE_CONTRACT,yes,no,REWRITE_CANONICALLY,ARCHITECTURE_NEW.md §35 — Cardinality Estimation,MIGRATED_PASS14,Preserve normative semantics; reorganize into the canonical subsystem chapter. Unique non-NULL key join bound/future FK refinement migrated to §35.9.
594,Range Selectivity,17892,17919,28,14,ARCHITECTURE_CONTRACT,yes,no,REWRITE_CANONICALLY,ARCHITECTURE_NEW.md §35 — Cardinality Estimation,MIGRATED_PASS14,Preserve normative semantics; reorganize into the canonical subsystem chapter. Range MCV+histogram interpolation migrated to §35.10.
595,IS NULL Selectivity,17920,17954,35,14,ARCHITECTURE_CONTRACT,yes,no,REWRITE_CANONICALLY,ARCHITECTURE_NEW.md §35 — Cardinality Estimation,MIGRATED_PASS14,Preserve normative semantics; reorganize into the canonical subsystem chapter. IS NULL/NOT NULL selectivity and NOT NULL exactness migrated to §35.11.
596,IN-List Selectivity,17955,17978,24,14,ARCHITECTURE_CONTRACT,yes,no,REWRITE_CANONICALLY,ARCHITECTURE_NEW.md §35 — Cardinality Estimation,MIGRATED_PASS14,Preserve normative semantics; reorganize into the canonical subsystem chapter. Deduplicated IN-list TRUE selectivity with NULL/UNKNOWN preservation migrated to §35.12.
597,NOT Selectivity,17979,18013,35,14,ARCHITECTURE_CONTRACT,yes,no,REWRITE_CANONICALLY,ARCHITECTURE_NEW.md §35 — Cardinality Estimation,MIGRATED_PASS14,Preserve normative semantics; reorganize into the canonical subsystem chapter. Three-valued NOT transformation migrated to §35.13.
598,PredicateTruthEstimate,18014,18050,37,14,ARCHITECTURE_CONTRACT,yes,no,REWRITE_CANONICALLY,ARCHITECTURE_NEW.md §35 — Cardinality Estimation,MIGRATED_PASS14,Preserve normative semantics; reorganize into the canonical subsystem chapter. PredicateTruthEstimate true/false/unknown model migrated to §35.4.
599,AND Selectivity,18051,18072,22,14,ARCHITECTURE_CONTRACT,yes,no,REWRITE_CANONICALLY,ARCHITECTURE_NEW.md §35 — Cardinality Estimation,MIGRATED_PASS14,Preserve normative semantics; reorganize into the canonical subsystem chapter. 3VL-aware AND independence fallback plus same-column intersection migrated to §35.14.
600,OR Selectivity,18073,18090,18,14,ARCHITECTURE_CONTRACT,yes,no,REWRITE_CANONICALLY,ARCHITECTURE_NEW.md §35 — Cardinality Estimation,MIGRATED_PASS14,Preserve normative semantics; reorganize into the canonical subsystem chapter. 3VL-aware OR baseline and stronger same-column union reasoning migrated to §35.15.
601,Same-Column Constraint Set,18091,18119,29,14,ARCHITECTURE_CONTRACT,yes,no,REWRITE_CANONICALLY,ARCHITECTURE_NEW.md §35 — Cardinality Estimation,MIGRATED_PASS14,Preserve normative semantics; reorganize into the canonical subsystem chapter. Same-column semantic constraint-set normalization/contradiction detection migrated to §35.16.
602,Correlated Columns,18120,18150,31,14,ARCHITECTURE_CONTRACT,yes,no,REWRITE_CANONICALLY,ARCHITECTURE_NEW.md §35 — Cardinality Estimation,MIGRATED_DEFERRED_PASS14,Preserve normative semantics; reorganize into the canonical subsystem chapter. Single-column-correlation limitation and future extended statistics migrated to §35.17/Appendix C.
603,Cardinality Through Projection,18151,18166,16,14,ARCHITECTURE_CONTRACT,yes,no,REWRITE_CANONICALLY,ARCHITECTURE_NEW.md §35 — Cardinality Estimation,MIGRATED_PASS14,Preserve normative semantics; reorganize into the canonical subsystem chapter. Projection row preservation/width recomputation migrated to §35.18.
604,Cardinality Through Filter,18167,18181,15,14,ARCHITECTURE_CONTRACT,yes,no,REWRITE_CANONICALLY,ARCHITECTURE_NEW.md §35 — Cardinality Estimation,MIGRATED_PASS14,Preserve normative semantics; reorganize into the canonical subsystem chapter. Filter cardinality from predicate TRUE fraction migrated to §35.19.
605,Cardinality Through Limit,18182,18200,19,14,ARCHITECTURE_CONTRACT,yes,no,REWRITE_CANONICALLY,ARCHITECTURE_NEW.md §35 — Cardinality Estimation,MIGRATED_PASS14,Preserve normative semantics; reorganize into the canonical subsystem chapter. LIMIT/OFFSET cardinality and LIMIT 0 exact-empty behavior migrated to §35.20.
606,Cardinality Through DISTINCT,18201,18222,22,14,ARCHITECTURE_CONTRACT,yes,no,REWRITE_CANONICALLY,ARCHITECTURE_NEW.md §35 — Cardinality Estimation,MIGRATED_WITH_COMPLETION_PASS14,Preserve normative semantics; reorganize into the canonical subsystem chapter. DISTINCT NDV estimation migrated to §35.21 and synchronized with SQL NULL grouping class.
607,GROUP BY Cardinality,18223,18248,26,14,ARCHITECTURE_CONTRACT,yes,no,REWRITE_CANONICALLY,ARCHITECTURE_NEW.md §35 — Cardinality Estimation,MIGRATED_WITH_COMPLETION_PASS14,Preserve normative semantics; reorganize into the canonical subsystem chapter. GROUP BY NDV/NULL group/global-aggregate estimate migrated to §35.22.
608,Multi-Column NDV Damping,18249,18273,25,14,ARCHITECTURE_CONTRACT,yes,no,REWRITE_CANONICALLY,ARCHITECTURE_NEW.md §35 — Cardinality Estimation,MIGRATED_PASS14,Preserve normative semantics; reorganize into the canonical subsystem chapter. Exact fallback multi-column NDV damping exponents/cap migrated to §35.23.
609,LEFT JOIN Cardinality,18274,18311,38,14,ARCHITECTURE_CONTRACT,yes,no,REWRITE_CANONICALLY,ARCHITECTURE_NEW.md §35 — Cardinality Estimation,MIGRATED_PASS14,Preserve normative semantics; reorganize into the canonical subsystem chapter. LEFT JOIN preserved-left lower bound/pair-vs-matched-row distinction migrated to §35.24.
610,Cost Model Philosophy,18312,18338,27,14,ARCHITECTURE_CONTRACT,yes,no,REWRITE_CANONICALLY,ARCHITECTURE_NEW.md §36 — Cost Model and Base Access Paths,MIGRATED_PASS14,Preserve normative semantics; reorganize into the canonical subsystem chapter. Abstract calibrated multi-component cost philosophy migrated to §36.1.
611,Cost Structure,18339,18373,35,14,ARCHITECTURE_CONTRACT,yes,no,REWRITE_CANONICALLY,ARCHITECTURE_NEW.md §36 — Cost Model and Base Access Paths,MIGRATED_WITH_COMPLETION_PASS14,Preserve normative semantics; reorganize into the canonical subsystem chapter. Inspectable Cost structure and startup/run/total relation migrated to §36.2.
612,Default Cost Units,18374,18397,24,14,ARCHITECTURE_CONTRACT,yes,no,REWRITE_CANONICALLY,ARCHITECTURE_NEW.md §36 — Cost Model and Base Access Paths,MIGRATED_PASS14,Preserve normative semantics; reorganize into the canonical subsystem chapter. Central configurable relative cost units migrated to §36.3.
613,Cost Calibration Tool,18398,18422,25,14,ARCHITECTURE_CONTRACT,yes,no,REWRITE_CANONICALLY,ARCHITECTURE_NEW.md §36 — Cost Model and Base Access Paths,MIGRATED_CROSSCUTTING_PASS14,Preserve normative semantics; reorganize into the canonical subsystem chapter. Cost calibration primitive benchmark contract migrated to §36.4/§42.5.
614,Buffer Cache Assumption,18423,18442,20,14,ARCHITECTURE_CONTRACT + RATIONALE,yes,yes,REWRITE_CANONICALLY,ARCHITECTURE_NEW.md §36 — Cost Model and Base Access Paths,MIGRATED_PASS14,Preserve normative semantics; reorganize into the canonical subsystem chapter. effective_cache_pages stable cache assumption/no live BufferPool probing migrated to §36.5.
615,Sequential Scan Cost,18443,18466,24,14,ARCHITECTURE_CONTRACT,yes,no,REWRITE_CANONICALLY,ARCHITECTURE_NEW.md §36 — Cost Model and Base Access Paths,MIGRATED_WITH_INTEGRATION_PASS14,Preserve normative semantics; reorganize into the canonical subsystem chapter. SeqScan physical-page/version/visibility/decode cost migrated to §36.6 with dead-version pressure.
616,B+ Tree Point Lookup Cost,18467,18494,28,14,ARCHITECTURE_CONTRACT,yes,no,REWRITE_CANONICALLY,ARCHITECTURE_NEW.md §36 — Cost Model and Base Access Paths,MIGRATED_WITH_INTEGRATION_PASS14,Preserve normative semantics; reorganize into the canonical subsystem chapter. B+ point lookup tree/leaf/heap/MVCC/decode cost migrated to §36.7.
617,Index Range Scan Cost,18495,18515,21,14,ARCHITECTURE_CONTRACT,yes,no,REWRITE_CANONICALLY,ARCHITECTURE_NEW.md §36 — Cost Model and Base Access Paths,MIGRATED_WITH_COMPLETION_PASS14,Preserve normative semantics; reorganize into the canonical subsystem chapter. Index range cost migrated to §36.8; IndexStatistics owner for leaf occupancy added in §34.6.
618,Index-Heap Correlation,18516,18549,34,14,ARCHITECTURE_CONTRACT,yes,no,REWRITE_CANONICALLY,ARCHITECTURE_NEW.md §36 — Cost Model and Base Access Paths,MIGRATED_WITH_COMPLETION_PASS14,Preserve normative semantics; reorganize into the canonical subsystem chapter. Index-key/heap-page correlation statistic migrated to §§34.6/36.9.
619,Fallback Heap Fetch Cost,18550,18565,16,14,ARCHITECTURE_CONTRACT,yes,no,REWRITE_CANONICALLY,ARCHITECTURE_NEW.md §36 — Cost Model and Base Access Paths,MIGRATED_PASS14,Preserve normative semantics; reorganize into the canonical subsystem chapter. Bounded distinct-heap-page occupancy fallback migrated to §36.10 without locking an arbitrary numerical formula.
620,Access-Path Predicate Analysis,18566,18583,18,14,ARCHITECTURE_CONTRACT,yes,no,REWRITE_CANONICALLY,ARCHITECTURE_NEW.md §36 — Cost Model and Base Access Paths,MIGRATED_PASS14,Preserve normative semantics; reorganize into the canonical subsystem chapter. Per-index predicate classification migrated to §36.11.
621,Sargable B+ Tree Conditions,18584,18624,41,14,ARCHITECTURE_CONTRACT,yes,no,REWRITE_CANONICALLY,ARCHITECTURE_NEW.md §36 — Cost Model and Base Access Paths,MIGRATED_WITH_COMPLETION_PASS14,Preserve normative semantics; reorganize into the canonical subsystem chapter. Leftmost equality-prefix + one-range B+ sargability migrated to §36.12; IS NULL vs =NULL semantics completed.
622,Composite Index Bounds,18625,18651,27,14,ARCHITECTURE_CONTRACT,yes,no,REWRITE_CANONICALLY,ARCHITECTURE_NEW.md §36 — Cost Model and Base Access Paths,MIGRATED_WITH_COMPLETION_PASS14,Preserve normative semantics; reorganize into the canonical subsystem chapter. Composite IndexKeyCodec bounds migrated to §36.13; MIN/MAX key/RID sentinels explicitly transient/non-persistent.
623,Index Predicate Residuals,18652,18683,32,14,ARCHITECTURE_CONTRACT,yes,no,REWRITE_CANONICALLY,ARCHITECTURE_NEW.md §36 — Cost Model and Base Access Paths,MIGRATED_PASS14,Preserve normative semantics; reorganize into the canonical subsystem chapter. Exact index-proven versus residual predicate rule migrated to §36.14.
624,Base Access Paths,18684,18708,25,14,ARCHITECTURE_CONTRACT,yes,no,REWRITE_CANONICALLY,ARCHITECTURE_NEW.md §36 — Cost Model and Base Access Paths,MIGRATED_PASS14,Preserve normative semantics; reorganize into the canonical subsystem chapter. SeqScan + every usable IndexScan alternative enumeration migrated to §36.15.
625,Multiple Indexes,18709,18728,20,14,ARCHITECTURE_CONTRACT,yes,no,REWRITE_CANONICALLY,ARCHITECTURE_NEW.md §36 — Cost Model and Base Access Paths,MIGRATED_DEFERRED_PASS14,Preserve normative semantics; reorganize into the canonical subsystem chapter. One-index-per-base-relation v1 baseline and bitmap/index-merge deferral migrated to §36.16/Appendix C.
626,Index Scan Break-Even,18729,18756,28,14,ARCHITECTURE_CONTRACT,yes,no,REWRITE_CANONICALLY,ARCHITECTURE_NEW.md §36 — Cost Model and Base Access Paths,MIGRATED_PASS14,Preserve normative semantics; reorganize into the canonical subsystem chapter. Cost-derived IndexScan/SeqScan break-even with no fixed selectivity threshold migrated to §36.17.
627,Required Columns and Access Cost,18757,18780,24,14,ARCHITECTURE_CONTRACT,yes,no,REWRITE_CANONICALLY,ARCHITECTURE_NEW.md §36 — Cost Model and Base Access Paths,MIGRATED_PASS14,Preserve normative semantics; reorganize into the canonical subsystem chapter. Projection-pruned required-column decode/width effect on access cost migrated to §36.18.
628,Physical Property Model,18781,18810,30,15,ARCHITECTURE_CONTRACT,yes,no,REWRITE_CANONICALLY,ARCHITECTURE_NEW.md §37 — Physical Properties and Join Enumeration,PENDING,Preserve normative semantics; reorganize into the canonical subsystem chapter.
629,Ordering Satisfaction,18811,18843,33,15,ARCHITECTURE_CONTRACT,yes,no,REWRITE_CANONICALLY,ARCHITECTURE_NEW.md §37 — Physical Properties and Join Enumeration,PENDING,Preserve normative semantics; reorganize into the canonical subsystem chapter.
630,Interesting Orders,18844,18865,22,15,ARCHITECTURE_CONTRACT,yes,no,REWRITE_CANONICALLY,ARCHITECTURE_NEW.md §37 — Physical Properties and Join Enumeration,PENDING,Preserve normative semantics; reorganize into the canonical subsystem chapter.
631,Plan Alternative Key,18866,18891,26,15,ARCHITECTURE_CONTRACT,yes,no,REWRITE_CANONICALLY,ARCHITECTURE_NEW.md §37 — Physical Properties and Join Enumeration,PENDING,Preserve normative semantics; reorganize into the canonical subsystem chapter.
632,RelationSet,18892,18915,24,15,ARCHITECTURE_CONTRACT,yes,no,REWRITE_CANONICALLY,ARCHITECTURE_NEW.md §37 — Physical Properties and Join Enumeration,PENDING,Preserve normative semantics; reorganize into the canonical subsystem chapter.
633,Join Graph,18916,18936,21,15,ARCHITECTURE_CONTRACT,yes,no,REWRITE_CANONICALLY,ARCHITECTURE_NEW.md §37 — Physical Properties and Join Enumeration,PENDING,Preserve normative semantics; reorganize into the canonical subsystem chapter.
634,Join Enumeration Scope,18937,18959,23,15,ARCHITECTURE_CONTRACT,yes,no,REWRITE_CANONICALLY,ARCHITECTURE_NEW.md §37 — Physical Properties and Join Enumeration,PENDING,Preserve normative semantics; reorganize into the canonical subsystem chapter.
635,Bushy Dynamic Programming,18960,18989,30,15,ARCHITECTURE_CONTRACT,yes,no,REWRITE_CANONICALLY,ARCHITECTURE_NEW.md §37 — Physical Properties and Join Enumeration,PENDING,Preserve normative semantics; reorganize into the canonical subsystem chapter.
636,Exhaustive Join Threshold,18990,19009,20,15,ARCHITECTURE_CONTRACT,yes,no,REWRITE_CANONICALLY,ARCHITECTURE_NEW.md §37 — Physical Properties and Join Enumeration,PENDING,Preserve normative semantics; reorganize into the canonical subsystem chapter.
637,Large-Join Heuristic,19010,19029,20,15,ARCHITECTURE_CONTRACT,yes,no,REWRITE_CANONICALLY,ARCHITECTURE_NEW.md §37 — Physical Properties and Join Enumeration,PENDING,Preserve normative semantics; reorganize into the canonical subsystem chapter.
638,Cartesian Products,19030,19047,18,15,ARCHITECTURE_CONTRACT,yes,no,REWRITE_CANONICALLY,ARCHITECTURE_NEW.md §37 — Physical Properties and Join Enumeration,PENDING,Preserve normative semantics; reorganize into the canonical subsystem chapter.
639,Join Algorithm Alternatives,19048,19066,19,15,ARCHITECTURE_CONTRACT,yes,no,REWRITE_CANONICALLY,ARCHITECTURE_NEW.md §37 — Physical Properties and Join Enumeration,PENDING,Preserve normative semantics; reorganize into the canonical subsystem chapter.
640,Hash Join Cost,19067,19093,27,15,ARCHITECTURE_CONTRACT,yes,no,REWRITE_CANONICALLY,ARCHITECTURE_NEW.md §37 — Physical Properties and Join Enumeration,PENDING,Preserve normative semantics; reorganize into the canonical subsystem chapter.
641,Hash Join Memory Estimate,19094,19125,32,15,ARCHITECTURE_CONTRACT,yes,no,REWRITE_CANONICALLY,ARCHITECTURE_NEW.md §37 — Physical Properties and Join Enumeration,PENDING,Preserve normative semantics; reorganize into the canonical subsystem chapter.
642,Hash Join Spill Cost,19126,19150,25,15,ARCHITECTURE_CONTRACT,yes,no,REWRITE_CANONICALLY,ARCHITECTURE_NEW.md §37 — Physical Properties and Join Enumeration,PENDING,Preserve normative semantics; reorganize into the canonical subsystem chapter.
643,Nested Loop Cost,19151,19170,20,15,ARCHITECTURE_CONTRACT,yes,no,REWRITE_CANONICALLY,ARCHITECTURE_NEW.md §37 — Physical Properties and Join Enumeration,PENDING,Preserve normative semantics; reorganize into the canonical subsystem chapter.
644,Index Nested-Loop Cost,19171,19202,32,15,ARCHITECTURE_CONTRACT,yes,no,REWRITE_CANONICALLY,ARCHITECTURE_NEW.md §37 — Physical Properties and Join Enumeration,PENDING,Preserve normative semantics; reorganize into the canonical subsystem chapter.
645,Repeated INLJ Key Locality,19203,19219,17,15,ARCHITECTURE_CONTRACT,yes,no,REWRITE_CANONICALLY,ARCHITECTURE_NEW.md §37 — Physical Properties and Join Enumeration,PENDING,Preserve normative semantics; reorganize into the canonical subsystem chapter.
646,Merge Join Cost,19220,19245,26,15,ARCHITECTURE_CONTRACT,yes,no,REWRITE_CANONICALLY,ARCHITECTURE_NEW.md §37 — Physical Properties and Join Enumeration,PENDING,Preserve normative semantics; reorganize into the canonical subsystem chapter.
647,Sort Cost,19246,19277,32,15,ARCHITECTURE_CONTRACT,yes,no,REWRITE_CANONICALLY,ARCHITECTURE_NEW.md §37 — Physical Properties and Join Enumeration,PENDING,Preserve normative semantics; reorganize into the canonical subsystem chapter.
648,TopN Cost,19278,19309,32,15,ARCHITECTURE_CONTRACT,yes,no,REWRITE_CANONICALLY,ARCHITECTURE_NEW.md §37 — Physical Properties and Join Enumeration,PENDING,Preserve normative semantics; reorganize into the canonical subsystem chapter.
649,Hash Aggregate Cost,19310,19335,26,15,ARCHITECTURE_CONTRACT,yes,no,REWRITE_CANONICALLY,ARCHITECTURE_NEW.md §37 — Physical Properties and Join Enumeration,PENDING,Preserve normative semantics; reorganize into the canonical subsystem chapter.
650,Sort Aggregate Cost,19336,19363,28,15,ARCHITECTURE_CONTRACT,yes,no,REWRITE_CANONICALLY,ARCHITECTURE_NEW.md §37 — Physical Properties and Join Enumeration,PENDING,Preserve normative semantics; reorganize into the canonical subsystem chapter.
651,DISTINCT Cost,19364,19380,17,15,ARCHITECTURE_CONTRACT,yes,no,REWRITE_CANONICALLY,ARCHITECTURE_NEW.md §37 — Physical Properties and Join Enumeration,PENDING,Preserve normative semantics; reorganize into the canonical subsystem chapter.
652,Sort Enforcement,19381,19404,24,15,ARCHITECTURE_CONTRACT,yes,no,REWRITE_CANONICALLY,ARCHITECTURE_NEW.md §37 — Physical Properties and Join Enumeration,PENDING,Preserve normative semantics; reorganize into the canonical subsystem chapter.
653,Final ORDER BY Optimization,19405,19428,24,15,ARCHITECTURE_CONTRACT,yes,no,REWRITE_CANONICALLY,ARCHITECTURE_NEW.md §37 — Physical Properties and Join Enumeration,PENDING,Preserve normative semantics; reorganize into the canonical subsystem chapter.
654,Limit-Aware Planning,19429,19459,31,15,ARCHITECTURE_CONTRACT,yes,no,REWRITE_CANONICALLY,ARCHITECTURE_NEW.md §37 — Physical Properties and Join Enumeration,PENDING,Preserve normative semantics; reorganize into the canonical subsystem chapter.
655,Required Rows Objective,19460,19485,26,15,ARCHITECTURE_CONTRACT,yes,no,REWRITE_CANONICALLY,ARCHITECTURE_NEW.md §37 — Physical Properties and Join Enumeration,PENDING,Preserve normative semantics; reorganize into the canonical subsystem chapter.
656,Predicate CPU Cost,19486,19513,28,15,ARCHITECTURE_CONTRACT,yes,no,REWRITE_CANONICALLY,ARCHITECTURE_NEW.md §37 — Physical Properties and Join Enumeration,PENDING,Preserve normative semantics; reorganize into the canonical subsystem chapter.
657,Filter Predicate Ordering,19514,19542,29,15,ARCHITECTURE_CONTRACT,yes,no,REWRITE_CANONICALLY,ARCHITECTURE_NEW.md §37 — Physical Properties and Join Enumeration,PENDING,Preserve normative semantics; reorganize into the canonical subsystem chapter.
658,Physical Plan Memo,19543,19564,22,15,ARCHITECTURE_CONTRACT,yes,no,REWRITE_CANONICALLY,ARCHITECTURE_NEW.md §38 — Memo/Search and Memory-Aware Optimization,PENDING,Preserve normative semantics; reorganize into the canonical subsystem chapter.
659,Dominance Rule,19565,19590,26,15,ARCHITECTURE_CONTRACT,yes,no,REWRITE_CANONICALLY,ARCHITECTURE_NEW.md §38 — Memo/Search and Memory-Aware Optimization,PENDING,Preserve normative semantics; reorganize into the canonical subsystem chapter.
660,Join DP Initialization,19591,19606,16,15,ARCHITECTURE_CONTRACT,yes,no,REWRITE_CANONICALLY,ARCHITECTURE_NEW.md §38 — Memo/Search and Memory-Aware Optimization,PENDING,Preserve normative semantics; reorganize into the canonical subsystem chapter.
661,Join DP Transition,19607,19628,22,15,ARCHITECTURE_CONTRACT,yes,no,REWRITE_CANONICALLY,ARCHITECTURE_NEW.md §38 — Memo/Search and Memory-Aware Optimization,PENDING,Preserve normative semantics; reorganize into the canonical subsystem chapter.
662,Join Cardinality Must Be Algorithm-Independent,19629,19652,24,15,ARCHITECTURE_CONTRACT,yes,no,REWRITE_CANONICALLY,ARCHITECTURE_NEW.md §38 — Memo/Search and Memory-Aware Optimization,PENDING,Preserve normative semantics; reorganize into the canonical subsystem chapter.
663,Outer Join Search Constraints,19653,19670,18,15,ARCHITECTURE_CONTRACT,yes,no,REWRITE_CANONICALLY,ARCHITECTURE_NEW.md §38 — Memo/Search and Memory-Aware Optimization,PENDING,Preserve normative semantics; reorganize into the canonical subsystem chapter.
664,Subquery Physical Planning,19671,19689,19,15,ARCHITECTURE_CONTRACT,yes,no,REWRITE_CANONICALLY,ARCHITECTURE_NEW.md §38 — Memo/Search and Memory-Aware Optimization,PENDING,Preserve normative semantics; reorganize into the canonical subsystem chapter.
665,Parameter-Free Plans,19690,19712,23,15,ARCHITECTURE_CONTRACT,yes,no,REWRITE_CANONICALLY,ARCHITECTURE_NEW.md §38 — Memo/Search and Memory-Aware Optimization,PENDING,Preserve normative semantics; reorganize into the canonical subsystem chapter.
666,Statistics Missing Fallbacks,19713,19735,23,15,ARCHITECTURE_CONTRACT,yes,no,REWRITE_CANONICALLY,ARCHITECTURE_NEW.md §38 — Memo/Search and Memory-Aware Optimization,PENDING,Preserve normative semantics; reorganize into the canonical subsystem chapter.
667,Statistics Confidence,19736,19769,34,15,ARCHITECTURE_CONTRACT,yes,no,REWRITE_CANONICALLY,ARCHITECTURE_NEW.md §38 — Memo/Search and Memory-Aware Optimization,PENDING,Preserve normative semantics; reorganize into the canonical subsystem chapter.
668,Estimation Provenance,19770,19789,20,15,ARCHITECTURE_CONTRACT + RATIONALE,yes,yes,REWRITE_CANONICALLY,ARCHITECTURE_NEW.md §38 — Memo/Search and Memory-Aware Optimization,PENDING,Preserve normative semantics; reorganize into the canonical subsystem chapter.
669,Optimizer Trace,19790,19816,27,15,ARCHITECTURE_CONTRACT,yes,no,REWRITE_CANONICALLY,ARCHITECTURE_NEW.md §38 — Memo/Search and Memory-Aware Optimization,PENDING,Preserve normative semantics; reorganize into the canonical subsystem chapter.
670,EXPLAIN Estimates,19817,19847,31,15,ARCHITECTURE_CONTRACT,yes,no,REWRITE_CANONICALLY,ARCHITECTURE_NEW.md §40 — Observability and EXPLAIN,PENDING,Preserve normative semantics; reorganize into the canonical subsystem chapter.
671,EXPLAIN ANALYZE Estimate Error,19848,19880,33,15,ARCHITECTURE_CONTRACT,yes,no,REWRITE_CANONICALLY,ARCHITECTURE_NEW.md §40 — Observability and EXPLAIN,PENDING,Preserve normative semantics; reorganize into the canonical subsystem chapter.
672,Cardinality Error Attribution,19881,19896,16,15,ARCHITECTURE_CONTRACT,yes,no,REWRITE_CANONICALLY,ARCHITECTURE_NEW.md §40 — Observability and EXPLAIN,PENDING,Preserve normative semantics; reorganize into the canonical subsystem chapter.
673,No Runtime Statistics Feedback in v1,19897,19918,22,15,ARCHITECTURE_CONTRACT + RATIONALE,yes,yes,REWRITE_CANONICALLY,ARCHITECTURE_NEW.md §38 — Memo/Search and Memory-Aware Optimization,PENDING,Preserve normative semantics; reorganize into the canonical subsystem chapter.
674,Planner Time Budget,19919,19937,19,15,ARCHITECTURE_CONTRACT,yes,no,REWRITE_CANONICALLY,ARCHITECTURE_NEW.md §38 — Memo/Search and Memory-Aware Optimization,PENDING,Preserve normative semantics; reorganize into the canonical subsystem chapter.
675,Planning Memory Budget,19938,19955,18,15,ARCHITECTURE_CONTRACT,yes,no,REWRITE_CANONICALLY,ARCHITECTURE_NEW.md §38 — Memo/Search and Memory-Aware Optimization,PENDING,Preserve normative semantics; reorganize into the canonical subsystem chapter.
676,Deterministic Optimization,19956,19982,27,15,ARCHITECTURE_CONTRACT,yes,no,REWRITE_CANONICALLY,ARCHITECTURE_NEW.md §38 — Memo/Search and Memory-Aware Optimization,PENDING,Preserve normative semantics; reorganize into the canonical subsystem chapter.
677,Cost Tie Tolerance,19983,19996,14,15,ARCHITECTURE_CONTRACT,yes,no,REWRITE_CANONICALLY,ARCHITECTURE_NEW.md §38 — Memo/Search and Memory-Aware Optimization,PENDING,Preserve normative semantics; reorganize into the canonical subsystem chapter.
678,Plan Fingerprint,19997,20023,27,15,ARCHITECTURE_CONTRACT,yes,no,REWRITE_CANONICALLY,ARCHITECTURE_NEW.md §38 — Memo/Search and Memory-Aware Optimization,PENDING,Preserve normative semantics; reorganize into the canonical subsystem chapter.
679,Logical Rewrite Before Costing,20024,20044,21,15,ARCHITECTURE_CONTRACT,yes,no,REWRITE_CANONICALLY,ARCHITECTURE_NEW.md §38 — Memo/Search and Memory-Aware Optimization,PENDING,Preserve normative semantics; reorganize into the canonical subsystem chapter.
680,Join Predicate Equivalence Classes,20045,20078,34,15,ARCHITECTURE_CONTRACT,yes,no,REWRITE_CANONICALLY,ARCHITECTURE_NEW.md §38 — Memo/Search and Memory-Aware Optimization,PENDING,Preserve normative semantics; reorganize into the canonical subsystem chapter.
681,Constant Propagation Through Equality,20079,20101,23,15,ARCHITECTURE_CONTRACT,yes,no,REWRITE_CANONICALLY,ARCHITECTURE_NEW.md §38 — Memo/Search and Memory-Aware Optimization,PENDING,Preserve normative semantics; reorganize into the canonical subsystem chapter.
682,Contradiction Detection,20102,20125,24,15,ARCHITECTURE_CONTRACT,yes,no,REWRITE_CANONICALLY,ARCHITECTURE_NEW.md §38 — Memo/Search and Memory-Aware Optimization,PENDING,Preserve normative semantics; reorganize into the canonical subsystem chapter.
683,Unique/Key Metadata in Optimization,20126,20144,19,15,ARCHITECTURE_CONTRACT,yes,no,REWRITE_CANONICALLY,ARCHITECTURE_NEW.md §38 — Memo/Search and Memory-Aware Optimization,PENDING,Preserve normative semantics; reorganize into the canonical subsystem chapter.
684,Foreign-Key Metadata,20145,20154,10,15,ARCHITECTURE_CONTRACT,no,no,REWRITE_CANONICALLY,ARCHITECTURE_NEW.md §38 — Memo/Search and Memory-Aware Optimization,PENDING,Preserve normative semantics; reorganize into the canonical subsystem chapter.
685,Join Elimination,20155,20171,17,15,ARCHITECTURE_CONTRACT,no,no,REWRITE_CANONICALLY,ARCHITECTURE_NEW.md §38 — Memo/Search and Memory-Aware Optimization,PENDING,Preserve normative semantics; reorganize into the canonical subsystem chapter.
686,Index-Order Match,20172,20196,25,15,ARCHITECTURE_CONTRACT,yes,no,REWRITE_CANONICALLY,ARCHITECTURE_NEW.md §38 — Memo/Search and Memory-Aware Optimization,PENDING,Preserve normative semantics; reorganize into the canonical subsystem chapter.
687,Reverse-Scan Limitation,20197,20214,18,15,ARCHITECTURE_CONTRACT,yes,no,REWRITE_CANONICALLY,ARCHITECTURE_NEW.md §38 — Memo/Search and Memory-Aware Optimization,PENDING,Preserve normative semantics; reorganize into the canonical subsystem chapter.
688,Hash Join Build-Side Selection,20215,20242,28,15,ARCHITECTURE_CONTRACT,yes,no,REWRITE_CANONICALLY,ARCHITECTURE_NEW.md §38 — Memo/Search and Memory-Aware Optimization,PENDING,Preserve normative semantics; reorganize into the canonical subsystem chapter.
689,Join Output Width,20243,20263,21,15,ARCHITECTURE_CONTRACT,yes,no,REWRITE_CANONICALLY,ARCHITECTURE_NEW.md §38 — Memo/Search and Memory-Aware Optimization,PENDING,Preserve normative semantics; reorganize into the canonical subsystem chapter.
690,Hash Table Payload Pruning,20264,20280,17,15,ARCHITECTURE_CONTRACT,yes,no,REWRITE_CANONICALLY,ARCHITECTURE_NEW.md §38 — Memo/Search and Memory-Aware Optimization,PENDING,Preserve normative semantics; reorganize into the canonical subsystem chapter.
691,Sort Payload Pruning,20281,20297,17,15,ARCHITECTURE_CONTRACT,yes,no,REWRITE_CANONICALLY,ARCHITECTURE_NEW.md §38 — Memo/Search and Memory-Aware Optimization,PENDING,Preserve normative semantics; reorganize into the canonical subsystem chapter.
692,Aggregate State Width,20298,20314,17,15,ARCHITECTURE_CONTRACT,yes,no,REWRITE_CANONICALLY,ARCHITECTURE_NEW.md §38 — Memo/Search and Memory-Aware Optimization,PENDING,Preserve normative semantics; reorganize into the canonical subsystem chapter.
693,Spill Probability,20315,20331,17,15,ARCHITECTURE_CONTRACT,yes,no,REWRITE_CANONICALLY,ARCHITECTURE_NEW.md §38 — Memo/Search and Memory-Aware Optimization,PENDING,Preserve normative semantics; reorganize into the canonical subsystem chapter.
694,Query Memory Allocation During Planning,20332,20345,14,15,ARCHITECTURE_CONTRACT,yes,no,REWRITE_CANONICALLY,ARCHITECTURE_NEW.md §38 — Memo/Search and Memory-Aware Optimization,PENDING,Preserve normative semantics; reorganize into the canonical subsystem chapter.
695,Pipeline-Aware Peak Memory,20346,20371,26,15,ARCHITECTURE_CONTRACT,yes,no,REWRITE_CANONICALLY,ARCHITECTURE_NEW.md §38 — Memo/Search and Memory-Aware Optimization,PENDING,Preserve normative semantics; reorganize into the canonical subsystem chapter.
696,Materialization Cost,20372,20396,25,15,ARCHITECTURE_CONTRACT,yes,no,REWRITE_CANONICALLY,ARCHITECTURE_NEW.md §38 — Memo/Search and Memory-Aware Optimization,PENDING,Preserve normative semantics; reorganize into the canonical subsystem chapter.
697,Startup vs Total Cost,20397,20433,37,15,ARCHITECTURE_CONTRACT,yes,no,REWRITE_CANONICALLY,ARCHITECTURE_NEW.md §38 — Memo/Search and Memory-Aware Optimization,PENDING,Preserve normative semantics; reorganize into the canonical subsystem chapter.
698,Plan Search and LIMIT,20434,20459,26,15,ARCHITECTURE_CONTRACT,yes,no,REWRITE_CANONICALLY,ARCHITECTURE_NEW.md §38 — Memo/Search and Memory-Aware Optimization,PENDING,Preserve normative semantics; reorganize into the canonical subsystem chapter.
699,Optimizer Correctness Boundary,20460,20479,20,15,ARCHITECTURE_CONTRACT,yes,no,REWRITE_CANONICALLY,ARCHITECTURE_NEW.md §33 — Optimizer Architecture,PENDING,Preserve normative semantics; reorganize into the canonical subsystem chapter.
700,Optimizer Validation,20480,20499,20,15,VERIFICATION_REQUIREMENT,yes,no,SPLIT_AND_MERGE,ARCHITECTURE_NEW.md §41 — Verification Requirements + VERIFICATION.md (proposed),PENDING,Keep architecture-level verification obligations; move detailed test recipes/checklists to verification documentation.
701,Statistics Tests,20500,20530,31,15,VERIFICATION_REQUIREMENT,yes,no,SPLIT_AND_MERGE,ARCHITECTURE_NEW.md §41 — Verification Requirements + VERIFICATION.md (proposed),PENDING,Keep architecture-level verification obligations; move detailed test recipes/checklists to verification documentation.
702,Selectivity Estimation Tests,20531,20569,39,15,VERIFICATION_REQUIREMENT,yes,no,SPLIT_AND_MERGE,ARCHITECTURE_NEW.md §41 — Verification Requirements + VERIFICATION.md (proposed),PENDING,Keep architecture-level verification obligations; move detailed test recipes/checklists to verification documentation.
703,Join Estimation Tests,20570,20591,22,15,VERIFICATION_REQUIREMENT,yes,no,SPLIT_AND_MERGE,ARCHITECTURE_NEW.md §41 — Verification Requirements + VERIFICATION.md (proposed),PENDING,Keep architecture-level verification obligations; move detailed test recipes/checklists to verification documentation.
704,Access Path Tests,20592,20611,20,15,VERIFICATION_REQUIREMENT,yes,no,SPLIT_AND_MERGE,ARCHITECTURE_NEW.md §41 — Verification Requirements + VERIFICATION.md (proposed),PENDING,Keep architecture-level verification obligations; move detailed test recipes/checklists to verification documentation.
705,Join-Order Tests,20612,20634,23,15,VERIFICATION_REQUIREMENT,yes,no,SPLIT_AND_MERGE,ARCHITECTURE_NEW.md §41 — Verification Requirements + VERIFICATION.md (proposed),PENDING,Keep architecture-level verification obligations; move detailed test recipes/checklists to verification documentation.
706,Interesting-Order Tests,20635,20654,20,15,VERIFICATION_REQUIREMENT,yes,no,SPLIT_AND_MERGE,ARCHITECTURE_NEW.md §41 — Verification Requirements + VERIFICATION.md (proposed),PENDING,Keep architecture-level verification obligations; move detailed test recipes/checklists to verification documentation.
707,Memory/Spill Plan Tests,20655,20677,23,15,VERIFICATION_REQUIREMENT,yes,no,SPLIT_AND_MERGE,ARCHITECTURE_NEW.md §41 — Verification Requirements + VERIFICATION.md (proposed),PENDING,Keep architecture-level verification obligations; move detailed test recipes/checklists to verification documentation.
708,Optimizer Differential Correctness Tests,20678,20695,18,15,VERIFICATION_REQUIREMENT,yes,no,SPLIT_AND_MERGE,ARCHITECTURE_NEW.md §41 — Verification Requirements + VERIFICATION.md (proposed),PENDING,Keep architecture-level verification obligations; move detailed test recipes/checklists to verification documentation.
709,Optimizer Fuzzing,20696,20720,25,15,VERIFICATION_REQUIREMENT,yes,no,SPLIT_AND_MERGE,ARCHITECTURE_NEW.md §41 — Verification Requirements + VERIFICATION.md (proposed),PENDING,Keep architecture-level verification obligations; move detailed test recipes/checklists to verification documentation.
710,Cost Model Benchmarks,20721,20751,31,15,PERFORMANCE_VERIFICATION,yes,no,SPLIT_AND_MERGE,ARCHITECTURE_NEW.md §42 — Performance Requirements + VERIFICATION.md (proposed),PENDING,Keep required performance properties/metrics; move benchmark procedures/checklists to verification documentation.
711,Plan Regression Suite,20752,20781,30,15,PERFORMANCE_VERIFICATION,yes,no,SPLIT_AND_MERGE,ARCHITECTURE_NEW.md §42 — Performance Requirements + VERIFICATION.md (proposed),PENDING,Keep required performance properties/metrics; move benchmark procedures/checklists to verification documentation.
712,Optimizer Performance Benchmarks,20782,20813,32,15,PERFORMANCE_VERIFICATION,yes,no,SPLIT_AND_MERGE,ARCHITECTURE_NEW.md §42 — Performance Requirements + VERIFICATION.md (proposed),PENDING,Keep required performance properties/metrics; move benchmark procedures/checklists to verification documentation.
713,Star Schema Benchmark,20814,20832,19,15,PERFORMANCE_VERIFICATION,yes,no,SPLIT_AND_MERGE,ARCHITECTURE_NEW.md §42 — Performance Requirements + VERIFICATION.md (proposed),PENDING,Keep required performance properties/metrics; move benchmark procedures/checklists to verification documentation.
714,No Benchmark Gaming,20833,20848,16,15,PERFORMANCE_VERIFICATION,yes,no,SPLIT_AND_MERGE,ARCHITECTURE_NEW.md §42 — Performance Requirements + VERIFICATION.md (proposed),PENDING,Keep required performance properties/metrics; move benchmark procedures/checklists to verification documentation.
715,Deliberately Deferred Optimizer Features,20849,20877,29,15,DEFERRED_SCOPE,yes,no,CONSOLIDATE,ARCHITECTURE_NEW.md §C — Deferred Features and Future Experiments,PENDING,Preserve explicitly deferred functionality as a scope boundary and consolidate it by subsystem.
716,High-Reward Future Optimizer Experiments,20878,20901,24,15,FUTURE_EXPERIMENTS / RATIONALE,yes,no,CONSOLIDATE,ARCHITECTURE_NEW.md §C — Deferred Features and Future Experiments,PENDING,Preserve future experiment ideas without presenting them as current v1 requirements.
717,Cost-Based Optimizer Invariants,20902,20940,39,15,ARCHITECTURAL_INVARIANTS,yes,no,MERGE_AND_DEDUPLICATE,ARCHITECTURE_NEW.md §B — Global Invariants,PENDING,Preserve every invariant; colocate subsystem-specific invariants with their owning chapters where useful.
718,Recommended Optimizer Module Layout,20941,21025,85,15,IMPLEMENTATION_GUIDANCE / SOURCE_LAYOUT,yes,no,MOVE_OUT_OR_SPLIT,DEVELOPMENT.md (proposed); subsystem-boundary constraints stay in architecture,PENDING,Exact filenames/source trees are implementation guidance; preserve only architectural boundaries in the contract.
719,Optimizer Implementation Order,21026,21115,90,15,PROJECT_ROADMAP / MILESTONE,yes,no,MOVE_OUT_OF_ARCHITECTURE,DEVELOPMENT.md (proposed),PENDING,Implementation sequence and milestone targets are project planning rather than system architecture.
720,Optimizer Milestone 1,21116,21146,31,15,PROJECT_ROADMAP / MILESTONE,yes,no,MOVE_OUT_OF_ARCHITECTURE,DEVELOPMENT.md (proposed),PENDING,Implementation sequence and milestone targets are project planning rather than system architecture.
721,Optimizer Milestone 2,21147,21166,20,15,PROJECT_ROADMAP / MILESTONE,yes,no,MOVE_OUT_OF_ARCHITECTURE,DEVELOPMENT.md (proposed),PENDING,Implementation sequence and milestone targets are project planning rather than system architecture.
722,Optimizer Milestone 3,21167,21184,18,15,PROJECT_ROADMAP / MILESTONE,yes,no,MOVE_OUT_OF_ARCHITECTURE,DEVELOPMENT.md (proposed),PENDING,Implementation sequence and milestone targets are project planning rather than system architecture.
723,Optimizer Milestone 4,21185,21202,18,15,PROJECT_ROADMAP / MILESTONE,yes,no,MOVE_OUT_OF_ARCHITECTURE,DEVELOPMENT.md (proposed),PENDING,Implementation sequence and milestone targets are project planning rather than system architecture.
724,Optimizer Milestone 5,21203,21217,15,15,PROJECT_ROADMAP / MILESTONE,yes,no,MOVE_OUT_OF_ARCHITECTURE,DEVELOPMENT.md (proposed),PENDING,Implementation sequence and milestone targets are project planning rather than system architecture.
725,Complete Core Architecture Status,21218,21290,73,15,PROJECT_STATE + ARCHITECTURE_SUMMARY,yes,no,SPLIT_AND_MOVE,PROJECT_STATE.md + ARCHITECTURE_NEW.md §2 — System Architecture and Dependency Model where a unique end-to-end architecture summary remains useful,PENDING,Remove historical progress/status language; retain only unique architectural summaries/diagrams.
